4	-	Achromobacter	UniRef90_A0A426VAZ5
1	-	Achromobacter_deleyi	UniRef90_A0A0D6IM85
2	-	Achromobacter_pestifer	UniRef90_A0A254NAS8
2	-	Achromobacter_sp._B7	UniRef90_A0A6S6ZA99
4	-	Achromobacter_spanius	UniRef90_A0A0A0DZR1
3	-	Achromobacter_xylosoxidans	UniRef90_A0A0X8NXZ6
2	-	Achromobacter_xylosoxidans_A8	UniRef90_A0A5C6V570
1	-	Acidovorax	UniRef90_A0A0E9LLF9
2	-	Acidovorax	UniRef90_A0A0Q5MCK1
2	-	Acidovorax	UniRef90_A0A1I2GSU7
2	-	Acidovorax_avenae_subsp._avenae	UniRef90_UPI0003B4BFE7
4	-	Acidovorax_cattleyae	UniRef90_A0A1I2A1Z2
5	-	Acidovorax_cattleyae	UniRef90_A0A1I2HLD3
1	-	Acidovorax_cattleyae	UniRef90_UPI0015619EB5
1	-	Acidovorax_citrulli	UniRef90_A0A1I2BTM7
4	-	Acidovorax_citrulli	UniRef90_A0A1I2FQP7
1	-	Acidovorax_ebreus_TPSY	UniRef90_A0A511Q2M1
4	-	Acidovorax_sp._1608163	UniRef90_A0A1I2G346
1	-	Acidovorax_sp._1608163	UniRef90_A0A4Q3Q7A3
1	-	Acidovorax_sp._1608163	UniRef90_K0IEF7
3	-	Acidovorax_sp._JMULE5	UniRef90_A0A0Q0XCJ7
2	-	Acidovorax_sp._JS42	UniRef90_A1W699
1	-	Acidovorax_sp._KKS102	UniRef90_A0A1D2SHW0
2	-	Acidovorax_sp._KKS102	UniRef90_A0A4Q3QNE5
1	-	Acidovorax_sp._KKS102	UniRef90_K0HM02
2	-	Acidovorax_sp._RAC01	UniRef90_A0A1I1ZG88
2	-	Acidovorax_sp._T1	UniRef90_A0A4D4JPJ6
2	-	Bordetella	UniRef90_A0A0Q3HZU6
1	-	Bordetella	UniRef90_A0A2W5E3U9
4	-	Bordetella	UniRef90_B2UB73
1	-	Bordetella	UniRef90_UPI0018F4F019
1	-	Bordetella_bronchialis	UniRef90_UPI001572BA30
2	-	Bordetella_petrii	UniRef90_A0A1F1WZW1
2	-	Bosea_sp._ANAM02	UniRef90_A0A6F8UTV6
4	-	Bosea_sp._AS-1	UniRef90_A0A327K7T9
4	-	Bosea_sp._AS-1	UniRef90_A0A4Q3FK89
2	-	Bosea_sp._F3-2	UniRef90_A0A0A1PR39
1	-	Bosea_sp._F3-2	UniRef90_A0A0Q3HXT7
1	-	Bosea_sp._F3-2	UniRef90_A0A5C1B155
2	-	Bosea_sp._Tri-49	UniRef90_A0A1I1PQE6
1	-	Bosea_vaviloviae	UniRef90_A0A0N1N486
1	-	Bosea_vaviloviae	UniRef90_A0A4R3DZV9
1	-	Bradyrhizobium	UniRef90_A0A176YBT5
1	-	Bradyrhizobium	UniRef90_A0A1L3F6R1
1	-	Bradyrhizobium	UniRef90_A0A1M7U3F2
5	-	Bradyrhizobium	UniRef90_A0A2H9V4U0
3	-	Bradyrhizobium	UniRef90_A0A430BL82
2	-	Bradyrhizobium	UniRef90_A0A6P1RHK9
3	-	Bradyrhizobium	UniRef90_UPI0016163557
4	-	Bradyrhizobium	UniRef90_UPI00165F1C77
2	-	Bradyrhizobium_amphicarpaeae	UniRef90_A0A150UL78
1	-	Bradyrhizobium_arachidis	UniRef90_A0A5S4YRX9
7	-	Bradyrhizobium_arachidis	UniRef90_A0A7Y9RB03
2	-	Bradyrhizobium_betae	UniRef90_A0A5P6P9M9
2	-	Bradyrhizobium_cosmicum	UniRef90_A0A7Y9RB03
1	-	Bradyrhizobium_diazoefficiens	UniRef90_A0A1E3BL39
2	-	Bradyrhizobium_erythrophlei	UniRef90_A3WU77
2	-	Bradyrhizobium_genosp._B	UniRef90_A0A0X8CHL5
2	-	Bradyrhizobium_genosp._L	UniRef90_A0A7V7PLF8
2	-	Bradyrhizobium_genosp._L	UniRef90_UPI0018A28D18
1	-	Bradyrhizobium_sp._6(2017)	UniRef90_A0A7C9VHK0
1	-	Bradyrhizobium_sp._6(2017)	UniRef90_K8P9C3
2	-	Bradyrhizobium_sp._BTAi1	UniRef90_A0A0Q6KQM2
6	-	Bradyrhizobium_sp._BTAi1	UniRef90_A0A1W9IPE7
4	-	Bradyrhizobium_sp._BTAi1	UniRef90_UPI0005537965
1	-	Bradyrhizobium_sp._CCBAU_051011	UniRef90_Q211U9
1	-	Bradyrhizobium_sp._CCBAU_51753	UniRef90_A0A176YBT5
1	-	Bradyrhizobium_sp._CCBAU_51753	UniRef90_A0A1L3F6R1
2	-	Bradyrhizobium_sp._CCBAU_51765	UniRef90_A0A2U8PZG2
2	-	Bradyrhizobium_sp._CCBAU_53338	UniRef90_A0A1H0LBH6
2	-	Bradyrhizobium_sp._CCBAU_53338	UniRef90_UPI000B22F917
2	-	Bradyrhizobium_sp._CCBAU_53351	UniRef90_A0A525K5L7
2	-	Bradyrhizobium_sp._CCGE-LA001	UniRef90_A0A3S0EUA2
1	-	Bradyrhizobium_sp._ORS_278	UniRef90_A0A1M5RC27
3	-	Bradyrhizobium_sp._ORS_278	UniRef90_A0A1Q3W1Z6
1	-	Bradyrhizobium_sp._ORS_285	UniRef90_A0A512DWA3
1	-	Bradyrhizobium_sp._PSBB068	UniRef90_A0A0D7NN28
2	-	Bradyrhizobium_sp._PSBB068	UniRef90_A0A1E3EGY8
2	-	Bradyrhizobium_sp._PSBB068	UniRef90_A0A1H5JGV5
2	-	Bradyrhizobium_sp._PSBB068	UniRef90_A0A1Q5RER7
2	-	Bradyrhizobium_sp._PSBB068	UniRef90_A0A2A2V9S8
2	-	Bradyrhizobium_sp._PSBB068	UniRef90_A0A2K8Y9R5
1	-	Bradyrhizobium_sp._PSBB068	UniRef90_A0A7L4TB13
1	-	Bradyrhizobium_sp._PSBB068	UniRef90_Q89RG0
1	-	Bradyrhizobium_sp._PSBB068	UniRef90_U1GWB1
10	-	Bradyrhizobium_sp._PSBB068	UniRef90_U1H197
2	-	Bradyrhizobium_sp._PSBB068	UniRef90_U1H3H5
2	-	Bradyrhizobium_sp._PSBB068	UniRef90_U1H9F1
2	-	Bradyrhizobium_sp._PSBB068	UniRef90_U1IJX0
2	-	Bradyrhizobium_sp._PSBB068	UniRef90_UPI00056DA933
1	-	Bradyrhizobium_sp._PSBB068	UniRef90_UPI0018E0B140
2	-	Bradyrhizobium_sp._SK17	UniRef90_A0A508U1B8
2	-	Bradyrhizobium_sp._SK17	UniRef90_A0A6F8N9E9
2	-	Bradyrhizobium_sp._WSM471	UniRef90_A0A163Z2C4
4	-	Bradyrhizobium_symbiodeficiens	UniRef90_A0A1B9YTA5
1	-	Bradyrhizobium_vignae	UniRef90_A0A5D3K4F8
1	-	Bradyrhizobium_zhanjiangense	UniRef90_A0A515KMW7
2	-	Bradyrhizobium_zhanjiangense	UniRef90_UPI00190DE3D8
3	-	Bradyrhizobium_zhanjiangense	UniRef90_X1HJ28
2	-	Brevundimonas_goettingensis	UniRef90_A0A418Q0A0
2	-	Brevundimonas_goettingensis	UniRef90_UPI0003733142
2	-	Brevundimonas_nasdae	UniRef90_UPI0019115936
5	-	Brevundimonas_pondensis	UniRef90_A0A2H6AZA8
6	-	Brevundimonas_sp._AJA228-03	UniRef90_A0A359KIY4
2	-	Brevundimonas_sp._CS1	UniRef90_A0A0S9NMU1
2	-	Brevundimonas_sp._GRTSA-9	UniRef90_A0A7Y8SYG2
2	-	Brevundimonas_sp._GRTSA-9	UniRef90_H6C4R9
1	-	Brevundimonas_sp._M20	UniRef90_A0A6M4IU43
1	-	Brevundimonas_sp._M20	UniRef90_A0A7Y5V9C2
2	-	Brevundimonas_sp._SGAir0440	UniRef90_A0A1H0HF40
1	-	Brevundimonas_sp._SGAir0440	UniRef90_A0A1V1UWX4
2	-	Brucella/Ochrobactrum_group	UniRef90_A0A5N1KA71
1	-	Brucella_intermedia	UniRef90_A0A2X1B3H5
4	-	Brucella_intermedia	UniRef90_A0A316JTM8
1	-	Brucella_intermedia	UniRef90_A0A353R4E5
4	-	Brucella_intermedia	UniRef90_A6X2G8
3	-	Brucella_intermedia	UniRef90_C0RIC4
2	-	Brucella_intermedia	UniRef90_C4WM11
1	-	Brucella_pseudogrignonensis	UniRef90_A0A256G9Y7
2	-	Caulobacter_henricii	UniRef90_A0A537RRP6
2	-	Caulobacter_henricii	UniRef90_A0A6I0EG49
1	-	Caulobacter_mirabilis	UniRef90_A0A2D2AY17
1	-	Caulobacter_segnis	UniRef90_A0A0P0NYU1
1	-	Caulobacter_segnis	UniRef90_Q9A7V7
1	-	Caulobacter_sp._FWC26	UniRef90_A0A258FAM9
1	-	Caulobacter_sp._FWC26	UniRef90_A0A3Q9IMV0
2	-	Caulobacter_sp._FWC26	UniRef90_Q9A2Q4
1	-	Caulobacter_sp._FWC26	UniRef90_Q9A512
4	-	Caulobacter_sp._FWC26	UniRef90_Q9A7H1
2	-	Caulobacter_sp._FWC26	UniRef90_UPI0002630B12
6	-	Caulobacter_sp._FWC26	UniRef90_UPI00140305F6
1	-	Caulobacter_sp._S6	UniRef90_A0A318AJM4
1	-	Caulobacter_sp._S6	UniRef90_UPI0013DAFD84
4	-	Caulobacter_vibrioides	UniRef90_A0A3Q9IK57
1	-	Caulobacter_vibrioides	UniRef90_R0CXS4
1	-	Citrobacter	UniRef90_A0A2X1JPW5
2	-	Citrobacter	UniRef90_A0A7W0JZA9
2	-	Citrobacter	UniRef90_UPI0018811D02
5	-	Comamonas_testosteroni	UniRef90_A0A076PXD7
1	-	Comamonas_testosteroni	UniRef90_A0A076PZX5
1	-	Comamonas_testosteroni	UniRef90_A0A1Y1J2F9
6	-	Comamonas_testosteroni	UniRef90_A0A645C9A5
1	-	Comamonas_testosteroni	UniRef90_A0A645CK82
6	-	Comamonas_testosteroni	UniRef90_B7WQT2
6	-	Comamonas_testosteroni	UniRef90_B7WXZ7
2	-	Comamonas_testosteroni	UniRef90_B7WYB9
1	-	Comamonas_testosteroni_TK102	UniRef90_A0A1Y1J2F9
1	-	Cupriavidus_taiwanensis	UniRef90_A0A100HU32
1	-	Cupriavidus_taiwanensis	UniRef90_A0A4Q4WQH6
1	-	Cupriavidus_taiwanensis	UniRef90_R7XHR9
1	-	Cupriavidus_taiwanensis	UniRef90_S9RS38
2	-	Delftia_acidovorans	UniRef90_A0A286J180
2	-	Delftia_acidovorans	UniRef90_A0A2G6U120
3	-	Delftia_acidovorans	UniRef90_A0A543ALC4
1	-	Delftia_acidovorans	UniRef90_A0A5N0WBY2
2	-	Delftia_acidovorans	UniRef90_A0A5P8XJA9
2	-	Delftia_acidovorans	UniRef90_A0A6B0DNK5
2	-	Delftia_acidovorans	UniRef90_A0A6I6XWT3
3	-	Delftia_acidovorans	UniRef90_A0A6N8RSE0
8	-	Delftia_acidovorans	UniRef90_A0A7C8FT33
1	-	Delftia_acidovorans	UniRef90_F6AVN9
2	-	Delftia_acidovorans	UniRef90_UPI000BC3442E
5	-	Delftia_lacustris	UniRef90_A0A5N7U0Y7
1	-	Delftia_tsuruhatensis	UniRef90_A0A072T4W8
1	-	Delftia_tsuruhatensis	UniRef90_A0A1D8IZT0
2	-	Delftia_tsuruhatensis	UniRef90_A0A1I0ZAM6
1	-	Delftia_tsuruhatensis	UniRef90_A0A6F8PCR9
1	-	Diaphorobacter_aerolatus	UniRef90_A0A2M7FU99
1	-	Diaphorobacter_aerolatus	UniRef90_A0A3R8TCB5
2	-	Diaphorobacter_aerolatus	UniRef90_A0A7H0GPK3
5	-	Diaphorobacter_ruginosibacter	UniRef90_A0A0R0MI48
2	-	Diaphorobacter_ruginosibacter	UniRef90_A0A1F8VQY0
3	-	Diaphorobacter_sp._HDW4A	UniRef90_A0A0Q0XE62
2	-	Diaphorobacter_sp._HDW4A	UniRef90_A0A3N8XXN7
1	-	Diaphorobacter_sp._HDW4A	UniRef90_A0A6G8CJC7
2	-	Diaphorobacter_sp._HDW4A	UniRef90_A0A6G8CZW9
2	-	Diaphorobacter_sp._HDW4B	UniRef90_A0A1I2FQP7
6	-	Diaphorobacter_sp._HDW4B	UniRef90_A0A426VBI0
2	-	Elizabethkingia_bruuniana	UniRef90_A0A5E8CXJ7
2	-	Elizabethkingia_bruuniana	UniRef90_A0A6I5V1K4
4	-	Elizabethkingia_meningoseptica	UniRef90_A0A0D5BLA9
4	-	Elizabethkingia_meningoseptica	UniRef90_A0A0D5BN67
2	-	Elizabethkingia_meningoseptica	UniRef90_A0A0D5BQQ8
2	-	Elizabethkingia_meningoseptica	UniRef90_A0A1T3FCU3
2	-	Elizabethkingia_meningoseptica	UniRef90_A0A1T3FGD7
2	-	Elizabethkingia_meningoseptica	UniRef90_A0A1T3FH88
4	-	Elizabethkingia_meningoseptica	UniRef90_A0A1T3FHC3
4	-	Elizabethkingia_meningoseptica	UniRef90_A0A1V3TVT3
2	-	Elizabethkingia_meningoseptica	UniRef90_A0A1V3TWJ3
2	-	Elizabethkingia_meningoseptica	UniRef90_A0A1V3TXP6
1	-	Elizabethkingia_meningoseptica	UniRef90_A0A1V3TXQ6
2	-	Elizabethkingia_meningoseptica	UniRef90_A0A1V3TYT8
1	-	Elizabethkingia_meningoseptica	UniRef90_A0A1V3TZ34
2	-	Elizabethkingia_meningoseptica	UniRef90_A0A1V3U1H4
2	-	Elizabethkingia_meningoseptica	UniRef90_A0A1V3U2D4
1	-	Elizabethkingia_meningoseptica	UniRef90_A0A1V3U2Q4
4	-	Elizabethkingia_meningoseptica	UniRef90_A0A1V3U3Q7
4	-	Elizabethkingia_meningoseptica	UniRef90_A0A3N7IX98
4	-	Elizabethkingia_meningoseptica	UniRef90_UPI000332CD1C
1	-	Elizabethkingia_meningoseptica	UniRef90_UPI000B34BE96
1	-	Elizabethkingia_meningoseptica	UniRef90_UPI0016236F2C
2	-	Homo_sapiens	UniRef90_A0A068JFF8
1	-	Homo_sapiens	UniRef90_A0A091RVD6
1	-	Homo_sapiens	UniRef90_A0A0A7DUC0
2	-	Homo_sapiens	UniRef90_A0A0V1LZX7
1	-	Homo_sapiens	UniRef90_A0A0X7YL22
1	-	Homo_sapiens	UniRef90_A0A127SJ89
4	-	Homo_sapiens	UniRef90_A0A1A9AC66
2	-	Homo_sapiens	UniRef90_A0A1A9ADM2
1	-	Homo_sapiens	UniRef90_A0A1A9ADS1
2	-	Homo_sapiens	UniRef90_A0A1A9AGR8
6	-	Homo_sapiens	UniRef90_A0A1A9AHR8
2	-	Homo_sapiens	UniRef90_A0A1A9AKK5
2	-	Homo_sapiens	UniRef90_A0A1A9AN58
4	-	Homo_sapiens	UniRef90_A0A1A9AN67
3	-	Homo_sapiens	UniRef90_A0A1A9ASW2
2	-	Homo_sapiens	UniRef90_A0A1X7MDT2
1	-	Homo_sapiens	UniRef90_A0A2D4NCZ7
1	-	Homo_sapiens	UniRef90_A0A2H4QX87
1	-	Homo_sapiens	UniRef90_A0A2I3HK27
1	-	Homo_sapiens	UniRef90_A0A2I3LU65
1	-	Homo_sapiens	UniRef90_A0A2K6TWU4
1	-	Homo_sapiens	UniRef90_A0A2V2KWK9
1	-	Homo_sapiens	UniRef90_A0A3B1IQE7
2	-	Homo_sapiens	UniRef90_A0A3P8Y626
2	-	Homo_sapiens	UniRef90_A0A3Q3GCS7
2	-	Homo_sapiens	UniRef90_A0A3Q4B788
1	-	Homo_sapiens	UniRef90_A0A402FMT9
1	-	Homo_sapiens	UniRef90_A0A481C8G8
1	-	Homo_sapiens	UniRef90_A0A4W5KG17
1	-	Homo_sapiens	UniRef90_A0A4Y1PY48
1	-	Homo_sapiens	UniRef90_A0A4Y9T5G9
2	-	Homo_sapiens	UniRef90_A0A4Z2E1P9
1	-	Homo_sapiens	UniRef90_A0A553MZM7
4	-	Homo_sapiens	UniRef90_A0A558HBT8
1	-	Homo_sapiens	UniRef90_A0A5F4VTP9
1	-	Homo_sapiens	UniRef90_A0A5F4VVD5
1	-	Homo_sapiens	UniRef90_A0A5F4W6L7
1	-	Homo_sapiens	UniRef90_A0A5F4WMX8
2	-	Homo_sapiens	UniRef90_A0A5F7Z9L2
1	-	Homo_sapiens	UniRef90_A0A5F7ZA00
3	-	Homo_sapiens	UniRef90_A0A5F7ZAQ7
2	-	Homo_sapiens	UniRef90_A0A5F7ZF73
1	-	Homo_sapiens	UniRef90_A0A5F7ZIP8
2	-	Homo_sapiens	UniRef90_A0A5F7ZMZ1
2	-	Homo_sapiens	UniRef90_A0A5F7ZPC0
1	-	Homo_sapiens	UniRef90_A0A5F7ZQ29
2	-	Homo_sapiens	UniRef90_A0A5F7ZT04
1	-	Homo_sapiens	UniRef90_A0A5F7ZT24
1	-	Homo_sapiens	UniRef90_A0A5F7ZTN9
1	-	Homo_sapiens	UniRef90_A0A5F7ZU98
3	-	Homo_sapiens	UniRef90_A0A5F7ZVT9
1	-	Homo_sapiens	UniRef90_A0A5F8ACG6
1	-	Homo_sapiens	UniRef90_A0A5F8AGF3
1	-	Homo_sapiens	UniRef90_A0A5F8AH83
2	-	Homo_sapiens	UniRef90_A0A5F8AKS2
3	-	Homo_sapiens	UniRef90_A0A5F8AMD6
1	-	Homo_sapiens	UniRef90_A0A5F8AN36
1	-	Homo_sapiens	UniRef90_A0A5F8ANC1
1	-	Homo_sapiens	UniRef90_A0A5F8AT40
1	-	Homo_sapiens	UniRef90_A0A5G2RHX0
1	-	Homo_sapiens	UniRef90_A0A674ENP9
3	-	Homo_sapiens	UniRef90_A0A6J3APW7
1	-	Homo_sapiens	UniRef90_A0A7N9CF92
3	-	Homo_sapiens	UniRef90_A0A7N9CFM9
1	-	Homo_sapiens	UniRef90_A0A7N9CGK4
5	-	Homo_sapiens	UniRef90_A0A7N9CGW3
2	-	Homo_sapiens	UniRef90_A0A7N9CL71
2	-	Homo_sapiens	UniRef90_A0A7N9CP46
1	-	Homo_sapiens	UniRef90_A0A7N9CPS6
2	-	Homo_sapiens	UniRef90_A0A7N9CRK7
3	-	Homo_sapiens	UniRef90_A0A7N9CSE5
1	-	Homo_sapiens	UniRef90_A0A7N9CSR4
2	-	Homo_sapiens	UniRef90_A0A7N9CSZ2
2	-	Homo_sapiens	UniRef90_A0A7N9D4C1
2	-	Homo_sapiens	UniRef90_A0A7N9D696
1	-	Homo_sapiens	UniRef90_A0A7N9D9T6
2	-	Homo_sapiens	UniRef90_A0A7N9IA04
4	-	Homo_sapiens	UniRef90_A0A7N9IDR0
4	-	Homo_sapiens	UniRef90_A0A7N9IED8
1	-	Homo_sapiens	UniRef90_A0A7N9IG95
1	-	Homo_sapiens	UniRef90_A0A7N9IGC7
2	-	Homo_sapiens	UniRef90_B1AQM9
6	-	Homo_sapiens	UniRef90_B7Z1V2
1	-	Homo_sapiens	UniRef90_D2I2W9
1	-	Homo_sapiens	UniRef90_D7F487
1	-	Homo_sapiens	UniRef90_F1LIF2
1	-	Homo_sapiens	UniRef90_F6UQD1
1	-	Homo_sapiens	UniRef90_G3S0R6
1	-	Homo_sapiens	UniRef90_G3V2Y3
2	-	Homo_sapiens	UniRef90_G7MPF7
1	-	Homo_sapiens	UniRef90_G7N1T5
1	-	Homo_sapiens	UniRef90_G7N2W5
3	-	Homo_sapiens	UniRef90_G7N6N5
1	-	Homo_sapiens	UniRef90_G7N969
3	-	Homo_sapiens	UniRef90_G7N9L9
1	-	Homo_sapiens	UniRef90_G7NM25
2	-	Homo_sapiens	UniRef90_G7P8E5
1	-	Homo_sapiens	UniRef90_G7PBH9
2	-	Homo_sapiens	UniRef90_G7PEQ3
2	-	Homo_sapiens	UniRef90_G7PLR6
6	-	Homo_sapiens	UniRef90_G7PXF9
1	-	Homo_sapiens	UniRef90_G7Q0T2
4	-	Homo_sapiens	UniRef90_G7Q268
1	-	Homo_sapiens	UniRef90_H0X4U8
2	-	Homo_sapiens	UniRef90_H2NHY6
2	-	Homo_sapiens	UniRef90_H2NJS2
1	-	Homo_sapiens	UniRef90_H2NMR8
1	-	Homo_sapiens	UniRef90_H2PKJ8
1	-	Homo_sapiens	UniRef90_H7C0T7
3	-	Homo_sapiens	UniRef90_M0QZS4
2	-	Homo_sapiens	UniRef90_O15230-2
1	-	Homo_sapiens	UniRef90_P13747
1	-	Homo_sapiens	UniRef90_Q4TCU7
3	-	Homo_sapiens	UniRef90_Q6ZNG3
1	-	Homo_sapiens	UniRef90_Q6ZRI4
2	-	Homo_sapiens	UniRef90_Q91842
2	-	Homo_sapiens	UniRef90_Q95JF0
1	-	Homo_sapiens	UniRef90_Q9Y5R6-3
1	-	Homo_sapiens	UniRef90_UPI0004409089
9	-	Homo_sapiens	UniRef90_UPI0005D00F3B
1	-	Homo_sapiens	UniRef90_UPI0007B8CE22
1	-	Homo_sapiens	UniRef90_UPI0007DC7D46
2	-	Homo_sapiens	UniRef90_UPI000D0A1051
1	-	Homo_sapiens	UniRef90_UPI000F071690
3	-	Homo_sapiens	UniRef90_UPI0010EF666A
2	-	Homo_sapiens	UniRef90_UPI001131F708
1	-	Homo_sapiens	UniRef90_UPI001178B575
2	-	Homo_sapiens	UniRef90_UPI0012376C45
2	-	Homo_sapiens	UniRef90_UPI0012BE84DC
1	-	Homo_sapiens	UniRef90_UPI0012DEC3BF
2	-	Homo_sapiens	UniRef90_UPI0013F1DF1C
1	-	Homo_sapiens	UniRef90_UPI00155F9847
1	-	Homo_sapiens	UniRef90_UPI0015608327
1	-	Homo_sapiens	UniRef90_UPI0015612CC2
1	-	Homo_sapiens	UniRef90_UPI00159DE17C
1	-	Homo_sapiens	UniRef90_UPI0018D2CD81
1	-	Homo_sapiens	UniRef90_UPI0019004547
1	-	Homo_sapiens	UniRef90_UPI00190F1BD8
4	-	Homo_sapiens	UniRef90_UPI001954BC2A
3	-	Homo_sapiens	UniRef90_UPI00197D278C
1	-	Homo_sapiens	UniRef90_UPI00197DEB44
1	-	Homo_sapiens	UniRef90_UPI00198093F0
1	-	Homo_sapiens	UniRef90_UPI0019D2A642
1	-	Homo_sapiens	UniRef90_UPI0019D5FA2A
3	-	Homo_sapiens	UniRef90_UPI001A98BBCB
2	-	Homo_sapiens	UniRef90_UPI001A9C79F7
2	-	Hydrogenophaga_sp._BA0156	UniRef90_A0A3A4RCU7
6	-	Hydrogenophaga_sp._BA0156	UniRef90_A0A3S0ES86
2	-	Hydrogenophaga_sp._BA0156	UniRef90_A0A4P7RED3
2	-	Hydrogenophaga_sp._BPS33	UniRef90_A0A6P1J3S7
4	-	Hydrogenophaga_sp._PBC	UniRef90_A0A4Q6ENC1
4	-	Hydrogenophaga_sp._PBL-H3	UniRef90_A0A221KHF3
1	-	Hydrogenophaga_sp._RAC07	UniRef90_A0A1I2AUL1
1	-	Hydrogenophaga_sp._RAC07	UniRef90_UPI00131C485E
2	-	Hydrogenophaga_sp._YM1	UniRef90_A0A4Q9H1S4
1	-	Hymenobacter	UniRef90_A0A519S2B0
6	-	Hymenobacter_busanensis	UniRef90_UPI00068727C1
3	-	Hymenobacter_jejuensis	UniRef90_A0A076HND2
2	-	Hymenobacter_jejuensis	UniRef90_A0A519RU41
1	-	Hymenobacter_jejuensis	UniRef90_A0A5B7ZWV8
2	-	Hymenobacter_oligotrophus	UniRef90_A0A0W8ELR3
1	-	Hymenobacter_sp._APR13	UniRef90_A0A1H7R6Y2
1	-	Hymenobacter_sp._APR13	UniRef90_A0A4Q2X505
2	-	Hymenobacter_sp._BRD128	UniRef90_A0A0M2LQ97
1	-	Hymenobacter_sp._BRD128	UniRef90_A0A1V2EY69
2	-	Hymenobacter_sp._BRD128	UniRef90_A0A7K1TJG3
2	-	Hymenobacter_sp._DG01	UniRef90_A0A7W9T473
1	-	Hymenobacter_sp._DG01	UniRef90_W8EXN2
4	-	Hymenobacter_sp._TS19	UniRef90_UPI0003B6D5D3
2	-	Hymenobacter_swuensis_DY53	UniRef90_A0A238WH90
4	-	Janibacter_indicus	UniRef90_A0A255H2Q1
2	-	Janibacter_indicus	UniRef90_K1DWE7
2	-	Janibacter_limosus	UniRef90_A3TKM6
1	-	Janibacter_melonis	UniRef90_A0A176QBU0
1	-	Janibacter_melonis	UniRef90_A0A2T0UU70
2	-	Listeria_monocytogenes	UniRef90_Q71WQ2
2	-	Listeria_weihenstephanensis	UniRef90_K1MEY2
1	-	Massilia	UniRef90_A0A0Q6WKC9
1	-	Massilia	UniRef90_A0A2R4C7B5
2	-	Massilia_albidiflava	UniRef90_A0A411WUV8
2	-	Massilia_albidiflava	UniRef90_A0A430BKW0
2	-	Massilia_albidiflava	UniRef90_A0A562PEX9
4	-	Massilia_armeniaca	UniRef90_A0A6I3SSM1
1	-	Massilia_armeniaca	UniRef90_A0A6N9HF84
1	-	Massilia_plicata	UniRef90_A0A0J6SKT2
1	-	Massilia_plicata	UniRef90_A0A5C4LLL8
2	-	Massilia_putida	UniRef90_A0A4R6R822
1	-	Massilia_sp._LPB0304	UniRef90_A0A0Q5HWT3
1	-	Massilia_sp._LPB0304	UniRef90_A0A350CMQ6
2	-	Massilia_sp._LPB0304	UniRef90_A0A7W7EXP2
1	-	Massilia_sp._LPB0304	UniRef90_UPI00140CFCAE
4	-	Massilia_sp._NP310	UniRef90_A0A654AAJ3
2	-	Massilia_sp._NP310	UniRef90_A0A699GE91
2	-	Massilia_sp._NR_4-1	UniRef90_A0A2R4C7B5
4	-	Massilia_sp._WG5	UniRef90_A0A4P6L0N8
4	-	Massilia_sp._WG5	UniRef90_UPI00068CBB07
2	-	Massilia_umbonata	UniRef90_A0A0Q6WV24
2	-	Massilia_umbonata	UniRef90_A0A0Q8GAF2
2	-	Massilia_violaceinigra	UniRef90_A0A6L6Q146
2	-	Massilia_violaceinigra	UniRef90_UPI00067C8F8B
1	-	Mesorhizobium	UniRef90_A0A1H7R319
2	-	Mesorhizobium	UniRef90_A0A1W9I0Y0
2	-	Mesorhizobium	UniRef90_A0A257EMY2
2	-	Mesorhizobium	UniRef90_A0A440CV71
2	-	Mesorhizobium_amorphae_CCNWGS0123	UniRef90_A0A2U8WY70
1	-	Mesorhizobium_oceanicum	UniRef90_A0A352RRD3
2	-	Mesorhizobium_sp._8	UniRef90_UPI0016796B8E
1	-	Mesorhizobium_sp._INR15	UniRef90_A0A371X6N3
2	-	Mesorhizobium_sp._J8	UniRef90_A0A0Q5CYZ9
2	-	Mesorhizobium_sp._M1D.F.Ca.ET.043.01.1.1	UniRef90_A0A0E4FYT2
1	-	Mesorhizobium_sp._M1D.F.Ca.ET.043.01.1.1	UniRef90_A0A529X203
1	-	Mesorhizobium_sp._M1E.F.Ca.ET.045.02.1.1	UniRef90_A0A1X7PCC8
1	-	Mesorhizobium_sp._M3A.F.Ca.ET.080.04.2.1	UniRef90_A0A4S0LFP9
1	-	Mesorhizobium_sp._M8A.F.Ca.ET.057.01.1.1	UniRef90_A0A285XM52
2	-	Mesorhizobium_sp._M8A.F.Ca.ET.057.01.1.1	UniRef90_H0HRM2
1	-	Mesorhizobium_sp._NIBR3	UniRef90_A0A0Q6AKI5
4	-	Mesorhizobium_sp._NIBR3	UniRef90_A0A248K239
5	-	Mesorhizobium_sp._Pch-S	UniRef90_A0A0K2DFQ4
2	-	Mesorhizobium_sp._Pch-S	UniRef90_A0A1C2DE57
2	-	Mesorhizobium_sp._Pch-S	UniRef90_A0A1C2DJR6
2	-	Mesorhizobium_sp._Pch-S	UniRef90_A0A1C2DJX5
2	-	Mesorhizobium_sp._Pch-S	UniRef90_A0A1C2DN42
1	-	Mesorhizobium_sp._Pch-S	UniRef90_A0A1C2DNQ4
2	-	Mesorhizobium_sp._Pch-S	UniRef90_A0A1C2DNX0
6	-	Mesorhizobium_sp._Pch-S	UniRef90_A0A1C2DW42
3	-	Mesorhizobium_sp._Pch-S	UniRef90_A0A1C2DZ30
1	-	Mesorhizobium_sp._Pch-S	UniRef90_A0A1Q3P2F1
4	-	Mesorhizobium_sp._Pch-S	UniRef90_A0A2N5B1I9
2	-	Mesorhizobium_sp._Pch-S	UniRef90_A0A4P6GZV1
2	-	Mesorhizobium_sp._Pch-S	UniRef90_A0A4P6H0U0
2	-	Mesorhizobium_sp._Pch-S	UniRef90_A0A4P6H1P2
2	-	Mesorhizobium_sp._Pch-S	UniRef90_A0A4P6H237
2	-	Mesorhizobium_sp._Pch-S	UniRef90_A0A4P6H2J8
4	-	Mesorhizobium_sp._Pch-S	UniRef90_A0A4P6H576
2	-	Mesorhizobium_sp._Pch-S	UniRef90_A0A4P6H592
2	-	Mesorhizobium_sp._Pch-S	UniRef90_A0A4P6H648
4	-	Mesorhizobium_sp._Pch-S	UniRef90_A0A4P6H6C0
4	-	Mesorhizobium_sp._Pch-S	UniRef90_A0A4P6H6S7
2	-	Mesorhizobium_sp._Pch-S	UniRef90_A0A4P6H759
4	-	Mesorhizobium_sp._Pch-S	UniRef90_A0A4P6H7H3
1	-	Mesorhizobium_sp._Pch-S	UniRef90_A0A4P6H7P7
2	-	Mesorhizobium_sp._Pch-S	UniRef90_A0A4P6H9B8
1	-	Mesorhizobium_sp._Pch-S	UniRef90_A0A4P6H9S8
2	-	Mesorhizobium_sp._Pch-S	UniRef90_A0A4P6H9W7
2	-	Mesorhizobium_sp._Pch-S	UniRef90_A0A4P6HBM4
2	-	Mesorhizobium_sp._Pch-S	UniRef90_A0A4P6HBR7
3	-	Mesorhizobium_sp._Pch-S	UniRef90_A0A4P6HCQ6
2	-	Mesorhizobium_sp._Pch-S	UniRef90_A0A4P6HEI4
2	-	Mesorhizobium_sp._Pch-S	UniRef90_A0A4P6HFI3
1	-	Mesorhizobium_sp._Pch-S	UniRef90_A0A4P6HFL0
4	-	Mesorhizobium_sp._Pch-S	UniRef90_A0A4P6HFU3
2	-	Mesorhizobium_sp._Pch-S	UniRef90_A0A4P6HFU8
1	-	Mesorhizobium_sp._Pch-S	UniRef90_A0A4P6HGS6
2	-	Mesorhizobium_sp._Pch-S	UniRef90_A0A4P6HQJ8
2	-	Mesorhizobium_sp._Pch-S	UniRef90_A0A4P6HR93
1	-	Mesorhizobium_sp._Pch-S	UniRef90_A0A4P6HSY3
2	-	Mesorhizobium_sp._Pch-S	UniRef90_A0A4P6HUU3
2	-	Mesorhizobium_sp._Pch-S	UniRef90_A0A4P6HUW3
1	-	Mesorhizobium_sp._Pch-S	UniRef90_A0A4P6HV71
1	-	Mesorhizobium_sp._Pch-S	UniRef90_A0A4V0YPX2
1	-	Mesorhizobium_sp._Pch-S	UniRef90_A0A4V0YPZ5
2	-	Mesorhizobium_sp._Pch-S	UniRef90_A0A526YU04
1	-	Mesorhizobium_sp._Pch-S	UniRef90_A0A528WTG8
1	-	Mesorhizobium_sp._Pch-S	UniRef90_A0A529X729
4	-	Mesorhizobium_sp._Pch-S	UniRef90_A0A530H7T7
1	-	Mesorhizobium_sp._Pch-S	UniRef90_Q98EF3
2	-	Mesorhizobium_sp._Pch-S	UniRef90_UPI00142450A4
2	-	Mesorhizobium_terrae	UniRef90_A0A4R3MBN0
1	-	Mesorhizobium_terrae	UniRef90_A0A7Z1URP1
4	-	Methylobacterium_sp._AMS5	UniRef90_H0RK41
1	-	Methylobacterium_sp._DM1	UniRef90_A0A0J6TEE0
2	-	Methylobacterium_sp._DM1	UniRef90_A0A2U8HV57
1	-	Methylobacterium_sp._DM1	UniRef90_A0A2U8HZU5
1	-	Methylobacterium_sp._DM1	UniRef90_B1LWU9
2	-	Methylorubrum_extorquens	UniRef90_B8ILU6
3	-	Methylorubrum_extorquens_AM1	UniRef90_A9W420
2	-	Methylorubrum_populi	UniRef90_A0A1I5PVD4
2	-	Methylorubrum_populi_BJ001	UniRef90_A0A2R4WNU2
2	-	Methylorubrum_populi_BJ001	UniRef90_A0A7W3SA24
1	-	Microbacterium	UniRef90_A0A074TMN4
1	-	Microbacterium	UniRef90_A0A0Q7UG26
1	-	Microbacterium	UniRef90_A0A1H7INT9
2	-	Microbacterium	UniRef90_A0A1I1EE14
6	-	Microbacterium	UniRef90_A0A1V2NGZ5
1	-	Microbacterium	UniRef90_A0A285R111
2	-	Microbacterium	UniRef90_A0A373DB00
2	-	Microbacterium	UniRef90_A0A3A1TVV6
2	-	Microbacterium	UniRef90_A0A3D4PV86
1	-	Microbacterium	UniRef90_A0A6I2FLR2
1	-	Microbacterium	UniRef90_A0A6I3LCG3
1	-	Microbacterium	UniRef90_UPI000E35272F
6	-	Microbacterium_amylolyticum	UniRef90_A0A6N9H5N0
1	-	Microbacterium_aurum	UniRef90_UPI0003FBD73F
2	-	Microbacterium_caowuchunii	UniRef90_A0A0Q7TMR6
4	-	Microbacterium_chocolatum	UniRef90_A0A147E203
1	-	Microbacterium_foliorum	UniRef90_UPI0017854FE8
2	-	Microbacterium_lemovicicum	UniRef90_UPI0005D1F5B8
4	-	Microbacterium_lemovicicum	UniRef90_UPI000AA4291A
1	-	Microbacterium_oxydans	UniRef90_A0A0F0L004
2	-	Microbacterium_oxydans	UniRef90_A0A0Q6PD06
2	-	Microbacterium_pygmaeum	UniRef90_UPI000E30430B
1	-	Microbacterium_sediminis	UniRef90_A0A0Q7TIC6
1	-	Microbacterium_sediminis	UniRef90_A0A1B9N7Z2
1	-	Microbacterium_sediminis	UniRef90_A0A1B9NDV9
2	-	Microbacterium_sediminis	UniRef90_A0A4P7FAJ7
1	-	Microbacterium_sediminis	UniRef90_A0A6I3L5M8
1	-	Microbacterium_sediminis	UniRef90_A0A6I3LFL8
1	-	Microbacterium_sediminis	UniRef90_A0A6I6E7W9
4	-	Microbacterium_sp._1S1	UniRef90_A0A147DY17
1	-	Microbacterium_sp._1S1	UniRef90_A0A1H1PP28
1	-	Microbacterium_sp._A18JL200	UniRef90_A0A1B9NAD7
1	-	Microbacterium_sp._A18JL200	UniRef90_A0A4R6GA34
2	-	Microbacterium_sp._A18JL241	UniRef90_A0A371P3H6
2	-	Microbacterium_sp._CBA3102	UniRef90_A0A5N7V326
2	-	Microbacterium_sp._JZ31	UniRef90_A0A1B9N7Z2
2	-	Microbacterium_sp._JZ31	UniRef90_A0A4Y9FXX8
1	-	Microbacterium_sp._JZ31	UniRef90_A0A7Y9SGR9
1	-	Microbacterium_sp._JZ31	UniRef90_UPI0009DAE578
4	-	Microbacterium_sp._LKL04	UniRef90_A0A0Q5MVW3
2	-	Microbacterium_sp._NY27	UniRef90_A0A2W6XKN5
2	-	Microbacterium_sp._NY27	UniRef90_A0A368LD88
1	-	Microbacterium_sp._NY27	UniRef90_A0A511YVB0
7	-	Microbacterium_sp._No._7	UniRef90_A0A5N7V3Z5
1	-	Microbacterium_sp._PM5	UniRef90_A0A150H682
3	-	Microbacterium_sp._Y-01	UniRef90_A0A1B9NCJ4
3	-	Microbacterium_sp._Y-01	UniRef90_A0A2W6VIA6
2	-	Microbacterium_sp._Y-01	UniRef90_A0A6G0ETB5
2	-	Microbacterium_sp._YJN-G	UniRef90_A0A6N0BNC0
2	-	Microbacterium_testaceum_StLB037	UniRef90_A0A1B9NIH1
1	-	Microbacterium_testaceum_StLB037	UniRef90_E8NB19
2	-	Microbacterium_wangchenii	UniRef90_A0A5R8L2R7
2	-	Mycobacterium_frederiksbergense	UniRef90_A0A5A7ZQS9
1	-	Mycobacterium_kansasii	UniRef90_UPI001939F26A
2	-	Mycolicibacterium	UniRef90_A0A0J6W1Q3
1	-	Mycolicibacterium_chubuense_NBB4	UniRef90_A0A286GGA7
1	-	Mycolicibacterium_chubuense_NBB4	UniRef90_A0A7H1N3P3
1	-	Mycolicibacterium_gilvum_Spyr1	UniRef90_A0A0M2JYL9
6	-	Mycolicibacterium_hassiacum_DSM_44199	UniRef90_A0A1A3PXV7
1	-	Mycolicibacterium_mageritense	UniRef90_A0A0Q9APM1
2	-	Mycolicibacterium_mageritense	UniRef90_A0A2S9G9C6
1	-	Mycolicibacterium_mucogenicum_DSM_44124	UniRef90_A0A171ADT3
4	-	Mycolicibacterium_psychrotolerans	UniRef90_X8AE52
4	-	Mycolicibacterium_rutilum	UniRef90_A0A4Q7TGL5
1	-	Mycolicibacterium_smegmatis	UniRef90_A0A2M9FDF6
1	-	Paraburkholderia	UniRef90_A0A069NYK6
1	-	Paraburkholderia	UniRef90_A0A0Q5PAH5
1	-	Paraburkholderia	UniRef90_A0A3S0ELC8
2	-	Paraburkholderia	UniRef90_A0A5C4LLL8
5	-	Paraburkholderia	UniRef90_A0A6C2CMY5
2	-	Paraburkholderia_acidisoli	UniRef90_A0A069P9J2
2	-	Paraburkholderia_atlantica	UniRef90_A0A1H1KLA3
1	-	Paraburkholderia_caffeinilytica	UniRef90_A0A346B6J8
2	-	Paraburkholderia_fungorum	UniRef90_A0A0D5VG16
12	-	Paraburkholderia_fungorum	UniRef90_A0A1H4LKF8
4	-	Paraburkholderia_fungorum	UniRef90_A0A2N7WNH1
1	-	Paraburkholderia_fungorum	UniRef90_A0A2N8QJU8
1	-	Paraburkholderia_fungorum	UniRef90_A0A346BEU5
1	-	Paraburkholderia_fungorum	UniRef90_A0A3R7F2B7
3	-	Paraburkholderia_fungorum	UniRef90_A0A420GN83
1	-	Paraburkholderia_fungorum	UniRef90_A0A6S7CL90
2	-	Paraburkholderia_fungorum	UniRef90_Q13WH6
2	-	Paraburkholderia_fungorum	UniRef90_UPI0015538E18
2	-	Paraburkholderia_ginsengisoli	UniRef90_A0A3S0CDE7
1	-	Paraburkholderia_megapolitana	UniRef90_R4WHH3
2	-	Paraburkholderia_tropica	UniRef90_A0A160FQE0
4	-	Paraburkholderia_tropica	UniRef90_A0A1A5XD60
2	-	Paraburkholderia_tropica	UniRef90_A0A2W7MAD7
1	-	Polynucleobacter_sp._AP-Titi-500A-B4	UniRef90_A0A401K2T5
1	-	Rhodoferax	UniRef90_UPI0013D8B1F8
1	-	Rhodoferax_ferrireducens_T118	UniRef90_A0A0D7KDY1
1	-	Rhodoferax_ferrireducens_T118	UniRef90_A0A4R6REB0
8	-	Rhodoferax_koreense	UniRef90_A0A521YAR6
1	-	Rhodoferax_koreense	UniRef90_UPI001143800E
2	-	Rhodoferax_saidenbachensis	UniRef90_A0A4R6RC18
1	-	Rhodoferax_sp._AJA081-3	UniRef90_UPI00191BD794
2	-	Rhodoferax_sp._BAB1	UniRef90_A0A0D1XQZ3
4	-	Rhodoferax_sp._MIZ03	UniRef90_UPI000E0D62AA
3	-	Rhodopseudomonas_palustris	UniRef90_A0A1H2BLZ3
4	-	Rhodopseudomonas_palustris	UniRef90_Q6N7V3
3	-	Rhodopseudomonas_palustris	UniRef90_W3RLR5
2	-	Rhodopseudomonas_palustris_HaA2	UniRef90_A0A0Q9SPJ4
4	-	Rhodopseudomonas_sp._SK50-23	UniRef90_A0A1I4GHR6
2	-	Rhodopseudomonas_sp._SK50-23	UniRef90_A0A537QVP9
2	-	Rhodopseudomonas_sp._SK50-23	UniRef90_UPI0012E7B669
1	-	Salmonella_enterica_subsp._enterica_serovar_Typhimurium	UniRef90_Q57T06
3	-	Shinella_sp._HZN7	UniRef90_A0A1A9G9U1
3	-	Shinella_sp._HZN7	UniRef90_A0A1M3P953
1	-	Sinorhizobium/Ensifer_group	UniRef90_A0A3L8AXF9
1	-	Sinorhizobium_fredii	UniRef90_A0A285XM52
1	-	Sinorhizobium_fredii	UniRef90_A0A285XM63
1	-	Sinorhizobium_fredii_NGR234	UniRef90_A0A285XM52
1	-	Sinorhizobium_fredii_NGR234	UniRef90_A0A285XM63
3	-	Sinorhizobium_medicae_WSM419	UniRef90_A0A3S1N8V8
3	-	Sinorhizobium_medicae_WSM419	UniRef90_J3HSJ5
1	-	Sphingopyxis	UniRef90_A0A0E9MP07
4	-	Sphingopyxis	UniRef90_A0A0W1GQT4
1	-	Sphingopyxis	UniRef90_A0A6G7ZKQ0
1	-	Sphingopyxis	UniRef90_A0A7C2YNT7
4	-	Sphingopyxis	UniRef90_UPI0015760DA5
1	-	Sphingopyxis	UniRef90_UPI0016691380
1	-	Sphingopyxis_alaskensis_RB2256	UniRef90_A0A520HNY1
2	-	Sphingopyxis_fribergensis	UniRef90_A0A160TJJ4
1	-	Sphingopyxis_fribergensis	UniRef90_A0A2W6SLL6
1	-	Sphingopyxis_fribergensis	UniRef90_UPI00101AE517
4	-	Sphingopyxis_lindanitolerans	UniRef90_A0A0S6WV05
2	-	Sphingopyxis_lindanitolerans	UniRef90_A0A1G5SXA1
1	-	Sphingopyxis_macrogoltabida	UniRef90_A0A0W1G3P8
2	-	Sphingopyxis_macrogoltabida	UniRef90_A0A1L3ZYL4
1	-	Sphingopyxis_macrogoltabida	UniRef90_A0A1L6JBS6
1	-	Sphingopyxis_macrogoltabida	UniRef90_A0A239E5E8
1	-	Sphingopyxis_macrogoltabida	UniRef90_A0A430B9T3
4	-	Sphingopyxis_macrogoltabida	UniRef90_A0A519HP85
1	-	Sphingopyxis_macrogoltabida	UniRef90_UPI0012E33887
1	-	Sphingopyxis_sp._QXT-31	UniRef90_A0A1W9HG79
4	-	Streptomyces	UniRef90_A0A0D2AGI8
1	-	Streptomyces	UniRef90_A0A2A4B713
2	-	Streptomyces	UniRef90_A0A3D9ULH3
1	-	Streptomyces	UniRef90_A0A7K1IFR7
1	-	Streptomyces	UniRef90_A0A7W1T163
2	-	Streptomyces	UniRef90_M3DLK6
2	-	Streptomyces	UniRef90_UPI000403A86F
3	-	Streptomyces	UniRef90_UPI0004E13E7A
1	-	Streptomyces	UniRef90_UPI00101CAD95
2	-	Streptomyces	UniRef90_UPI001604290C
2	-	Streptomyces_albus	UniRef90_UPI0009848CA0
1	-	Streptomyces_ambofaciens	UniRef90_A0A1H3LUI7
2	-	Streptomyces_anulatus	UniRef90_A0A2W6E4F8
2	-	Streptomyces_aquilus	UniRef90_UPI000833130A
1	-	Streptomyces_cacaoi_subsp._asoensis	UniRef90_A0A3M9LYI8
1	-	Streptomyces_cacaoi_subsp._asoensis	UniRef90_A0A7L4YK99
2	-	Streptomyces_cyaneochromogenes	UniRef90_A0A0Q8X8E9
2	-	Streptomyces_gilvosporeus	UniRef90_A0A1H2N0T0
2	-	Streptomyces_griseochromogenes	UniRef90_UPI0003FBD73F
4	-	Streptomyces_griseoviridis	UniRef90_V4Q5N1
1	-	Streptomyces_luteoverticillatus	UniRef90_A0A1H7PI52
2	-	Streptomyces_luteoverticillatus	UniRef90_A0A285E997
2	-	Streptomyces_parvulus	UniRef90_UPI0003A4DB63
4	-	Streptomyces_seoulensis	UniRef90_A0A0Q7T730
1	-	Streptomyces_sp._135	UniRef90_A0A177J062
1	-	Streptomyces_sp._135	UniRef90_A0A5C8VFJ2
2	-	Streptomyces_sp._A2-16	UniRef90_UPI000A7FAF4D
2	-	Streptomyces_sp._AgN23	UniRef90_A0A4Y9NH81
1	-	Streptomyces_sp._C8S0	UniRef90_A0A5S5CP64
1	-	Streptomyces_sp._M2	UniRef90_A0A1E4YHM3
8	-	Streptomyces_sp._NA02950	UniRef90_A0A7Y9IJH3
4	-	Streptomyces_sp._NHF165	UniRef90_A0A4U6QLI2
2	-	Streptomyces_sp._RTd22	UniRef90_A0A366ZBC7
1	-	Streptomyces_sp._Rer75	UniRef90_A0A0D2BI41
1	-	Streptomyces_sp._Rer75	UniRef90_A0A2S7NVM9
1	-	Streptomyces_sp._SUK_48	UniRef90_UPI00177CC2E5
1	-	Streptomyces_sp._WAC_06738	UniRef90_A0A3M5JSS1
1	-	Streptomyces_sp._WAC_06738	UniRef90_UPI0018CC3F4D
2	-	Streptomyces_tuirus	UniRef90_A0A0D2DG07
4	-	Streptomyces_venezuelae	UniRef90_A0A0D2AGI8
1	-	Streptomyces_viridifaciens	UniRef90_A0A432VJL2
1	-	Streptomyces_viridifaciens	UniRef90_A0A7C9KY40
1	-	Streptomyces_viridifaciens	UniRef90_UPI0014120C3C
1	-	Streptomyces_viridifaciens	UniRef90_UPI0014893902
2	-	Streptomyces_viridosporus_T7A	UniRef90_A0A564WAH1
2	-	Vibrio_cincinnatiensis	UniRef90_A0A191W1H4
2	-	Vibrio_cincinnatiensis	UniRef90_A0A1T4M1V1
2	-	Vibrio_cincinnatiensis	UniRef90_A0A1T4PZ82
2	-	Vibrio_harveyi	UniRef90_I9P6H9
1	-	Vibrio_metschnikovii	UniRef90_A0A0M0I169
4	-	Vibrio_vulnificus	UniRef90_A0A562HZF9
1	-	Yarrowia_lipolytica_CLIB122	UniRef90_UPI000CDF9823
1	-	Yarrowia_lipolytica_CLIB122	UniRef90_UPI0015F8849F
5	-	unclassified_Bradyrhizobium	UniRef90_A0A1H5DG75
2	-	unclassified_Bradyrhizobium	UniRef90_A0A4Y3YQ18
2	-	unclassified_Bradyrhizobium	UniRef90_A0A533J1F0
2	-	unclassified_Bradyrhizobium	UniRef90_A0A7K1IFR7
1	-	unclassified_Brevundimonas	UniRef90_A0A520ID03
2	-	unclassified_Brevundimonas	UniRef90_UPI0009E0798D
1	-	unclassified_Massilia	UniRef90_A0A3D0DS51
2	-	unclassified_Massilia	UniRef90_A0A7Z2VX30
1	-	unclassified_Mesorhizobium	UniRef90_A0A135HY39
1	-	unclassified_Mesorhizobium	UniRef90_A0A317E0I7
1	-	unclassified_Mesorhizobium	UniRef90_J3C5B5
2	-	unclassified_Mesorhizobium	UniRef90_M5FG74
1	-	unclassified_Streptomyces	UniRef90_A0A1I4KJN4
1	-	unclassified_Streptomyces	UniRef90_A0A4Y9Q3U1
2	DP_00000023	Vibrio_cholerae	-
3	DP_00000920	Acidovorax_sp._KKS102	UniRef90_A0A0D7KGD4
2	DP_00007248	Sphingopyxis_macrogoltabida	UniRef90_A0A431J7K9
2	DP_00010454	Brevundimonas_sp._DS20	UniRef90_A0A160I1K1
4	DP_00011891	Homo_sapiens	UniRef90_A0A5F4BSS8
2	DP_00016329	Streptomyces_yatensis	-
4	DP_00022254	Streptomyces	UniRef90_A0A239W9Z0
1	DP_00050624	Sphingopyxis_terrae_subsp._terrae_NBRC_15098	UniRef90_A0A1L6J7R7
2	DP_00070192	Delftia_lacustris	UniRef90_A0A080NIS2
4	DP_00071398	Brevundimonas_sp._CS1	UniRef90_A0A2X1BBI9
1	DP_00073738	Hymenobacter_sp._NBH84	-
1	DP_00073930	Acidovorax_sp._KKS102	UniRef90_A0A4Q3KB09
2	DP_00075077	Brevundimonas_nasdae	-
2	DP_00075338	Streptomyces_lavendulae_subsp._lavendulae	UniRef90_A0A099FCF3
4	DP_00087263	Homo_sapiens	UniRef90_A8Q062
2	DP_00094734	Acidovorax_sp._KKS102	UniRef90_U3G7G4
2	DP_00113116	Hydrogenophaga_crassostreae	UniRef90_A0A0Q6U233
2	DP_00115531	Hymenobacter_sp._BRD128	-
2	DP_00123338	Acidovorax_sp._RAC01	UniRef90_K0I4S7
1	DP_00139936	Diaphorobacter_ruginosibacter	UniRef90_A0A4Q3QLF9
2	DP_00140251	Janibacter_sp._YB324	UniRef90_A0A7G7HUD3
1	DP_00154307	Acidovorax_sp._JMULE5	-
6	DP_00179469	Acidovorax_sp._KKS102	UniRef90_A0A0D7K5L6
2	DP_00184866	unclassified_Brevundimonas	-
4	DP_00208137	Brevundimonas_diminuta	UniRef90_A0A1R1IGC7
1	DP_00219130	Acidovorax_carolinensis	-
2	DP_00250315	Mycolicibacterium_rutilum	-
2	DP_00301116	Brevundimonas_sp._Bb-A	UniRef90_A0A5P9KQZ1
1	DP_00365440	Sphingopyxis_sp._QXT-31	-
1	DP_00380403	Acidovorax_carolinensis	UniRef90_A0A0Q6WVE3
4	DP_00382885	Acidovorax_sp._JMULE5	UniRef90_A0A0D7KB55
1	DP_00393214	Delftia_acidovorans	-
1	DP_00400435	Achromobacter_insolitus	UniRef90_A0A254N019
4	DP_00419076	Delftia_sp._HK171	UniRef90_F4G6W7
2	DP_00434321	Mesorhizobium_sp._Pch-S	-
1	DP_00461885	Massilia_sp._WG5	UniRef90_A0A3S0DTS1
1	DP_00494864	Vibrio_astriarenae	-
2	DP_00499520	Homo_sapiens	-
3	DP_00555476	Acidovorax_sp._JMULE5	-
2	DP_00571900	Caulobacteraceae	-
1	DP_00580738	Streptomyces	UniRef90_A0A3G2S4T6
1	DP_00580738	Streptomyces_lincolnensis	UniRef90_A0A3G2S4T6
1	DP_00580738	Streptomyces_spongiicola	UniRef90_A0A3G2S4T6
2	DP_00598209	Hydrogenophaga_sp._BPS33	-
2	DP_00598817	Acidovorax_sp._1608163	UniRef90_K0HUJ6
1	DP_00604716	Brevundimonas_sp._PAMC22021	-
1	DP_00604965	Homo_sapiens	UniRef90_D2CFL7
2	DP_00617147	Homo_sapiens	-
1	DP_00629590	Microbacterium	UniRef90_A0A150HCW0
2	DP_00631918	Acidovorax_cattleyae	UniRef90_A0A1H0VMT0
2	DP_00657988	Delftia_acidovorans	-
1	DP_00664982	Delftia_acidovorans	UniRef90_F6AZF4
1	DP_00665015	Delftia_acidovorans	UniRef90_A0A1D8J6G0
1	DP_00665015	Delftia_tsuruhatensis	UniRef90_A0A1D8J6G0
2	DP_00679166	Rhodoferax_sp._BAB1	UniRef90_A0A2D0IEX2
1	DP_00679176	Delftia_acidovorans	UniRef90_A9C0J9
3	DP_00680919	Brevundimonas_nasdae	UniRef90_A0A1V1UVN1
2	DP_00687716	Acidovorax_sp._1608163	UniRef90_A0A543L8C6
2	DP_00729059	Homo_sapiens	UniRef90_A0A5G2QSN3
1	DP_00783754	Delftia_lacustris	UniRef90_A0A0M0SNM9
1	DP_00798527	Bradyrhizobium_guangzhouense	-
2	DP_00816107	Delftia_tsuruhatensis	UniRef90_A9BWD0
2	DP_00861599	Delftia_acidovorans	UniRef90_A0A1C7L5Y1
3	DP_00879542	Microbacterium_sp._No._7	UniRef90_A0A4Y3UH95
2	DP_00899189	Bradyrhizobium_erythrophlei	-
2	DP_00922696	Acidovorax_sp._KKS102	UniRef90_H0BYW6
4	DP_00933754	Acidovorax_antarcticus	-
2	DP_00948648	Acidovorax_avenae_subsp._avenae	-
1	DP_00962221	Hymenobacter_sp._BRD128	-
3	DP_00988976	Homo_sapiens	-
4	DP_00990203	Bradyrhizobium_sp._S2-11-2	-
3	DP_01002027	Diaphorobacter_polyhydroxybutyrativorans	UniRef90_A0A2Z2LEF8
1	DP_01021449	Bradyrhizobium_erythrophlei	-
1	DP_01030504	Mesorhizobium_oceanicum	UniRef90_A0A1C0XKL9
2	DP_01043300	Acidovorax_sp._RAC01	UniRef90_A0A4Q3P324
2	DP_01052455	Brevundimonas_sp._'scallop'	UniRef90_A0A2X1BDQ8
1	DP_01052455	Brevundimonas_sp._CS1	UniRef90_A0A2X1BDQ8
4	DP_01053744	Brevundimonas_sp._MF30-B	UniRef90_A0A326KKQ0
1	DP_01089390	Acidovorax_sp._JMULE5	-
1	DP_01114304	Klebsiella_pneumoniae	-
2	DP_01133990	Diaphorobacter_polyhydroxybutyrativorans	-
1	DP_01150674	Diaphorobacter_polyhydroxybutyrativorans	-
3	DP_01171657	Homo_sapiens	-
1	DP_01208338	Vibrio_astriarenae	-
1	DP_01223321	Homo_sapiens	-
2	DP_01235336	Comamonas_testosteroni	-
1	DP_01246646	Klebsiella_pneumoniae	-
4	DP_01276161	Streptomyces_cyaneogriseus_subsp._noncyanogenus	UniRef90_A0A3S0C8W7
1	DP_01287017	Bosea_sp._ANAM02	UniRef90_A0A5C1B8M4
6	DP_01290591	Homo_sapiens	-
10	DP_01293574	Homo_sapiens	-
1	DP_01295696	Streptomyces_hygroscopicus_subsp._jinggangensis	-
2	DP_01323162	Mesorhizobium_sp._Pch-S	-
1	DP_01338604	Acidovorax_sp._KKS102	-
2	DP_01395475	Hydrogenophaga_crassostreae	-
1	DP_01489886	Brevundimonas_nasdae	-
1	DP_01572929	Homo_sapiens	-
2	DP_01663091	Sphingopyxis_sp._OPL5	-
2	DP_01710889	Homo_sapiens	-
2	DP_01735343	unclassified_Massilia	UniRef90_A0A7S1ED33
2	DP_01793545	Homo_sapiens	-
2	DP_01794624	Homo_sapiens	-
2	DP_01821632	Diaphorobacter_aerolatus	-
3	DP_01862300	Janibacter_indicus	-
2	DP_01864828	Acidovorax_carolinensis	UniRef90_UPI0019D06D48
4	DP_01885971	Homo_sapiens	-
2	DP_01892412	Brevundimonas_sp._M20	-
1	DP_02005603	Brevundimonas_sp._SGAir0440	-
1	DP_02046790	Homo_sapiens	-
1	DP_02065748	Homo_sapiens	-
1	DP_02072208	Homo_sapiens	-
2	DP_02086083	Caulobacter_sp._FWC26	UniRef90_A0A084EIS8
3	DP_02176630	Acidovorax_sp._JMULE5	-
2	DP_02176656	Mesorhizobium_sp._Pch-S	-
2	DP_02199218	Homo_sapiens	-
2	DP_02232797	Brevundimonas_sp._'scallop'	UniRef90_A0A161IXB6
1	DP_02232797	Brevundimonas_sp._CS1	UniRef90_A0A161IXB6
1	DP_02300359	Bradyrhizobium_sp._ORS_285	-
1	DP_02319836	Homo_sapiens	-
1	DP_02368657	Delftia_acidovorans	-
2	DP_02404422	Homo_sapiens	-
1	DP_02454203	Homo_sapiens	UniRef90_UPI001330D4DE
2	DP_02571715	Acidovorax_sp._RAC01	UniRef90_A1TMP7
3	DP_02584362	Homo_sapiens	-
5	DP_02594967	Homo_sapiens	-
2	DP_02598856	Mesorhizobium_sp._Pch-S	-
1	DP_02649637	Homo_sapiens	-
1	DP_02718125	Homo_sapiens	-
1	DP_02733419	Mesorhizobium_sp._DCY119	-
1	DP_02774979	Comamonas_testosteroni	-
1	DP_02787363	Acidovorax_sp._KKS102	-
6	DP_02799925	Streptomyces_vietnamensis	-
7	DP_02812727	Homo_sapiens	UniRef90_A0A1A9AHB3
4	DP_02813047	Bradyrhizobium_genosp._B	-
1	DP_02815360	Homo_sapiens	-
1	DP_02887805	Homo_sapiens	-
1	DP_02891974	Delftia_acidovorans	UniRef90_A9BMZ0
3	DP_02898029	Homo_sapiens	-
10	DP_02955595	Homo_sapiens	-
6	DP_02958094	Bordetella_flabilis	-
2	DP_02968593	Mesorhizobium_sp._Pch-S	-
2	DP_03025207	Acidovorax_sp._1608163	-
7	DP_03039599	Homo_sapiens	-
3	DP_03100328	Comamonas_testosteroni	-
1	DP_03125897	Homo_sapiens	-
2	DP_03152237	Homo_sapiens	-
4	DP_03173613	Homo_sapiens	-
8	DP_03199049	Homo_sapiens	-
2	DP_03286025	Delftia_acidovorans	-
5	DP_03309712	Homo_sapiens	UniRef90_UPI00197E11D2
2	DP_03380691	Paraburkholderia_acidisoli	UniRef90_A0A0K6IWS9
1	DP_03386962	Homo_sapiens	-
4	DP_03389889	Homo_sapiens	-
1	DP_03409714	Homo_sapiens	-
1	DP_03481314	Homo_sapiens	-
1	DP_03488586	Homo_sapiens	-
4	DP_03494203	Homo_sapiens	UniRef90_A0A0U1RQ18
5	DP_03503999	Homo_sapiens	-
4	DP_03545721	Homo_sapiens	-
1	DP_03558948	Brucella_intermedia	-
2	DP_03572038	Mesorhizobium_sp._Pch-S	-
4	DP_03580668	Homo_sapiens	-
3	DP_03587247	Homo_sapiens	-
1	DP_03602481	Homo_sapiens	-
1	DP_03640948	Homo_sapiens	-
1	DP_03645841	Homo_sapiens	-
2	DP_03651219	Mesorhizobium_sp._Pch-S	-
6	DP_03659277	Acidovorax_sp._T1	-
3	DP_03672046	Homo_sapiens	-
2	DP_03695460	Janibacter_indicus	UniRef90_A0A1L3MLJ4
1	DP_03696574	Homo_sapiens	-
2	DP_03727870	Homo_sapiens	-
3	DP_03731583	Brevundimonas_sp._Bb-A	UniRef90_A0A0P0DJP8
1	DP_03746724	Homo_sapiens	-
1	DP_03749924	Homo_sapiens	-
1	DP_03789859	Homo_sapiens	-
1	DP_03800842	Acidovorax_carolinensis	-
2	DP_03846550	Bradyrhizobium_sp._CCGE-LA001	-
1	DP_03866055	Homo_sapiens	-
2	DP_03918425	Homo_sapiens	UniRef90_UPI000A9E6C11
4	DP_03989059	Homo_sapiens	-
3	DP_04008759	Homo_sapiens	-
4	DP_04017022	Homo_sapiens	-
14	DP_04020800	Homo_sapiens	-
2	DP_04032007	Mesorhizobium	UniRef90_A0A126R899
2	DP_04034871	Homo_sapiens	UniRef90_A0A1A9AIT9
2	DP_04088162	Sinorhizobium_sp._RAC02	UniRef90_A0A3R9DBU7
1	DP_04098865	Homo_sapiens	-
2	DP_04109135	Homo_sapiens	-
6	DP_04111859	Homo_sapiens	-
1	DP_04115756	Homo_sapiens	UniRef90_Q71DI3
1	DP_04121022	Homo_sapiens	-
6	DP_04121059	Homo_sapiens	UniRef90_A0A1A9ALD1
4	DP_04121091	Homo_sapiens	UniRef90_UPI00167737B6
4	DP_04171850	Homo_sapiens	-
2	DP_04224064	Bradyrhizobium_sp._PSBB068	UniRef90_A0A1E3ETI7
2	DP_04234871	Homo_sapiens	-
6	DP_04236182	Comamonas_testosteroni	-
4	DP_04242873	Brevundimonas_mediterranea	UniRef90_A0A2W6RBR7
1	DP_04256804	Homo_sapiens	-
4	DP_04256875	Massilia_putida	UniRef90_A0A0U3MYN2
2	DP_04268620	Homo_sapiens	UniRef90_A0A1A9ALB9
2	DP_04273469	Homo_sapiens	-
1	DP_04299327	Homo_sapiens	-
1	DP_04307977	Homo_sapiens	-
1	DP_04309455	Homo_sapiens	-
2	DP_04326387	Homo_sapiens	-
1	DP_04340136	Homo_sapiens	-
2	DP_04344637	Homo_sapiens	-
1	DP_04350525	Homo_sapiens	-
4	DP_04365003	Acidovorax_sp._T1	UniRef90_C5T7X4
1	DP_04365950	Homo_sapiens	-
4	DP_04375848	Homo_sapiens	-
3	DP_04404573	Homo_sapiens	-
1	DP_04419211	Homo_sapiens	-
2	DP_04420700	Homo_sapiens	-
2	DP_04420777	Homo_sapiens	-
1	DP_04428385	Acidovorax_sp._1608163	UniRef90_Q21RV3
20	DP_04432137	Homo_sapiens	UniRef90_X6LPE5
3	DP_04455922	Massilia_sp._WG5	-
1	DP_04458509	Homo_sapiens	UniRef90_UPI00132FF6A4
2	DP_04467712	Homo_sapiens	-
1	DP_04471647	Homo_sapiens	-
2	DP_04484753	Homo_sapiens	UniRef90_P69069
5	DP_04489160	Delftia_acidovorans	UniRef90_A0A072TMF4
1	DP_04517944	Homo_sapiens	UniRef90_O60397
5	DP_04519507	Homo_sapiens	-
1	DP_04523984	Homo_sapiens	-
1	DP_04525880	Homo_sapiens	-
2	DP_04535831	Sphingopyxis_sp._113P3	UniRef90_A0A0M5IK72
1	DP_04539116	Homo_sapiens	-
2	DP_04542087	Homo_sapiens	UniRef90_A0A1A9AHR4
1	DP_04552372	Homo_sapiens	-
1	DP_04583613	Homo_sapiens	-
1	DP_04602859	Homo_sapiens	-
2	DP_04615741	Homo_sapiens	-
1	DP_04662574	Homo_sapiens	-
2	DP_04744094	Comamonas_testosteroni	-
1	DP_04798641	Homo_sapiens	-
1	DP_04840387	Homo_sapiens	UniRef90_UPI0019310C79
2	DP_04860953	Homo_sapiens	-
3	DP_04867514	Streptomyces_pristinaespiralis	-
2	DP_04895552	Homo_sapiens	-
1	DP_04908561	Homo_sapiens	-
1	DP_04946046	Homo_sapiens	-
2	DP_04987988	Homo_sapiens	UniRef90_L8HKT5
1	DP_04988481	Acidovorax_sp._JMULE5	UniRef90_A0A543L1V8
1	DP_05004802	Homo_sapiens	-
2	DP_05008454	Homo_sapiens	-
2	DP_05051744	Homo_sapiens	-
2	DP_05057689	Homo_sapiens	UniRef90_Q7JGS1
2	DP_05061689	Homo_sapiens	-
2	DP_05065051	Homo_sapiens	-
2	DP_05084317	Homo_sapiens	-
6	DP_05106176	Streptomyces_pristinaespiralis	-
34	DP_05109927	Homo_sapiens	-
1	DP_05125202	Homo_sapiens	-
10	DP_05140571	Homo_sapiens	-
1	DP_05164083	Homo_sapiens	-
1	DP_05188250	Homo_sapiens	-
2	DP_05203197	Homo_sapiens	-
2	DP_05204388	Homo_sapiens	-
4	DP_05206812	Brevundimonas_pondensis	-
1	DP_05218922	Homo_sapiens	-
1	DP_05277508	Homo_sapiens	-
2	DP_05321604	Homo_sapiens	-
2	DP_05348496	Homo_sapiens	-
2	DP_05363701	Homo_sapiens	-
2	DP_05378301	Homo_sapiens	UniRef90_UPI0011C4AF49
1	DP_05394381	Homo_sapiens	-
1	DP_05398762	Homo_sapiens	-
1	DP_05405425	Homo_sapiens	-
1	DP_05433796	Homo_sapiens	-
2	DP_05450020	Homo_sapiens	-
2	DP_05460436	Homo_sapiens	-
4	DP_05511264	Homo_sapiens	-
2	DP_05517263	Homo_sapiens	UniRef90_A0A1A9AH03
2	DP_05519081	Homo_sapiens	-
1	DP_05534177	Homo_sapiens	-
2	DP_05535767	Homo_sapiens	-
1	DP_05546945	Bradyrhizobium_erythrophlei	-
1	DP_05546947	Achromobacter_insolitus	-
2	DP_05566385	Homo_sapiens	-
2	DP_05566531	Homo_sapiens	UniRef90_A0A6M2CWY4
3	DP_05597796	Acidovorax_sp._JMULE5	-
2	DP_05608690	Streptomyces_pristinaespiralis	-
2	DP_05623760	Homo_sapiens	-
2	DP_05635810	Homo_sapiens	-
1	DP_05642486	Homo_sapiens	-
1	DP_05645185	Homo_sapiens	-
2	DP_05656493	Homo_sapiens	-
5	DP_05663540	Homo_sapiens	-
2	DP_05694947	Homo_sapiens	-
1	DP_05702880	Homo_sapiens	UniRef90_A0A1A9AHP4
4	DP_05721041	Homo_sapiens	-
1	DP_05737442	Homo_sapiens	-
1	DP_05738927	Homo_sapiens	-
2	DP_05786806	Homo_sapiens	-
1	DP_05788272	Homo_sapiens	-
1	DP_05806099	Acidovorax_sp._1608163	UniRef90_A0A2G6Y8B6
2	DP_05812199	Brevundimonas_vesicularis	-
1	DP_05818406	Homo_sapiens	-
4	DP_05847318	Homo_sapiens	-
1	DP_05892727	Homo_sapiens	-
2	DP_05908787	unclassified_Brevundimonas	UniRef90_A0A0P0CVL7
2	DP_05913518	Homo_sapiens	-
2	DP_05928253	Homo_sapiens	-
4	DP_05932355	Homo_sapiens	-
1	DP_05945480	Homo_sapiens	-
1	DP_05950175	Homo_sapiens	-
21	DP_05958511	Homo_sapiens	UniRef90_UPI001A9F9568
3	DP_05997749	Homo_sapiens	-
1	DP_06040009	Homo_sapiens	-
1	DP_06062241	Homo_sapiens	-
4	DP_06073773	Homo_sapiens	-
2	DP_06101684	Homo_sapiens	-
3	DP_06109549	Homo_sapiens	-
3	DP_06119488	Homo_sapiens	-
1	DP_06157919	Homo_sapiens	-
1	DP_06183737	Homo_sapiens	-
1	DP_06216152	Homo_sapiens	-
1	DP_06292104	Homo_sapiens	-
2	DP_06294574	Homo_sapiens	-
2	DP_06305626	Mycolicibacterium_rutilum	-
7	DP_06319642	Homo_sapiens	-
2	DP_06324880	Homo_sapiens	-
1	DP_06334700	Homo_sapiens	-
1	DP_06351960	Homo_sapiens	-
2	DP_06361909	Homo_sapiens	-
3	DP_06420026	Homo_sapiens	-
1	DP_06434404	Homo_sapiens	-
1	DP_06443808	Homo_sapiens	-
1	DP_06512743	Homo_sapiens	-
4	DP_06520691	Homo_sapiens	-
4	DP_06521859	Homo_sapiens	-
1	DP_06608676	Homo_sapiens	-
1	DP_06618962	Homo_sapiens	-
4	DP_06688756	Homo_sapiens	UniRef90_UPI001950C967
2	DP_06697000	Homo_sapiens	-
2	DP_06760809	Homo_sapiens	-
5	DP_06790384	Homo_sapiens	-
1	DP_06796033	Homo_sapiens	-
3	DP_06804641	Homo_sapiens	-
4	DP_06838590	Homo_sapiens	-
1	DP_06847676	Homo_sapiens	-
2	DP_06865298	Brevundimonas_nasdae	-
1	DP_06882851	Homo_sapiens	-
4	DP_06883718	Homo_sapiens	-
3	DP_06899524	Homo_sapiens	-
1	DP_06941909	Homo_sapiens	-
2	DP_06946760	Homo_sapiens	-
4	DP_06998115	Homo_sapiens	-
3	DP_07019834	Homo_sapiens	UniRef90_UPI00196AE021
2	DP_07042904	Homo_sapiens	-
1	DP_07051746	Homo_sapiens	-
1	DP_07059078	Homo_sapiens	-
2	DP_07068024	Homo_sapiens	-
1	DP_07069854	Homo_sapiens	-
1	DP_07082573	Homo_sapiens	-
1	DP_07083792	Homo_sapiens	-
1	DP_07089412	Homo_sapiens	-
7	DP_07103435	Homo_sapiens	-
1	DP_07121803	Acidovorax_sp._1608163	UniRef90_A0A0D7KAA0
2	DP_07136884	Homo_sapiens	-
2	DP_07158392	Homo_sapiens	-
1	DP_07197083	Homo_sapiens	-
2	DP_07225693	Homo_sapiens	-
1	DP_07226038	Homo_sapiens	-
2	DP_07360171	Homo_sapiens	-
1	DP_07390389	Homo_sapiens	-
1	DP_07470615	unclassified_Streptomyces	-
2	DP_07481643	Homo_sapiens	-
1	DP_07498401	Homo_sapiens	-
9	DP_07502207	Homo_sapiens	UniRef90_G3IQD4
10	DP_07534718	Homo_sapiens	-
3	DP_07535561	Homo_sapiens	-
1	DP_07575679	Homo_sapiens	-
2	DP_07592959	Homo_sapiens	-
1	DP_07679849	Homo_sapiens	-
71	DP_07698772	Homo_sapiens	-
2	DP_07730268	Homo_sapiens	-
1	DP_07767628	Homo_sapiens	-
1	DP_07839081	Homo_sapiens	-
3	DP_07902775	Homo_sapiens	UniRef90_UPI001A9BAB4C
1	DP_07905168	Homo_sapiens	-
2	DP_07925980	Homo_sapiens	-
2	DP_07956018	Homo_sapiens	-
6	DP_07976161	Homo_sapiens	-
1	DP_07981813	Homo_sapiens	-
1	DP_07983450	Homo_sapiens	-
1	DP_08046969	Homo_sapiens	-
1	DP_08056355	Homo_sapiens	-
1	DP_08151994	Homo_sapiens	-
3	DP_08223164	Homo_sapiens	-
2	DP_08247155	Homo_sapiens	-
4	DP_08305227	Homo_sapiens	-
2	DP_08308269	Homo_sapiens	-
1	DP_08324994	Homo_sapiens	-
1	DP_08432396	Homo_sapiens	-
1	DP_08434277	Homo_sapiens	-
2	DP_08460826	Homo_sapiens	-
3	DP_08531735	Homo_sapiens	-
2	DP_08541246	Homo_sapiens	-
5	DP_08622387	Homo_sapiens	UniRef90_A0A6B3Q8C9
1	DP_08701755	Homo_sapiens	-
6	DP_08705800	Homo_sapiens	-
1	DP_08741501	Streptomyces_koyangensis	-
2	DP_08841648	Homo_sapiens	-
1	DP_08888699	Homo_sapiens	-
1	DP_08910049	Homo_sapiens	-
1	DP_09004091	Homo_sapiens	-
1	DP_09007650	Homo_sapiens	-
1	DP_09098370	Homo_sapiens	-
1	MET_00000121	Achromobacter_deleyi	-
2	MET_00001183	Mycolicibacterium_sp._LJ126	-
1	MET_00010403	Brevundimonas_sp._CS1	UniRef90_A8Q023
1	MET_00010728	Brevundimonas_sp._CS1	UniRef90_A8Q023
2	MET_00011078	unclassified_Hymenobacter	-
1	MET_00011757	Escherichia_coli	UniRef90_P76585
3	MET_00013778	Brevundimonas_pondensis	UniRef90_UPI0019141FDC
7	MET_00018271	Streptomyces_pristinaespiralis	UniRef90_A0A3G2S5D7
1	MET_00018974	Streptomyces_pristinaespiralis	UniRef90_A0A3G2S5D7
9	MET_00019764	Streptomyces_pristinaespiralis	UniRef90_A0A3G2S5D7
19	MET_00022864	Streptomyces_pristinaespiralis	UniRef90_A0A3G2S5D7
18	MET_00023844	Streptomyces_pristinaespiralis	UniRef90_A0A3G2S5D7
1	MET_00039199	unclassified_Massilia	-
2	MET_00041513	Streptomyces	-
1	MET_00050300	Brevundimonas_sp._PAMC22021	UniRef90_A0A0S9NMU1
1	MET_00071193	Rhodoferax_sp._BAB1	UniRef90_A0A3G2S9N0
4	MET_00083036	Massilia_sp._LPB0304	UniRef90_A0A085F990
4	MET_00088743	Brevundimonas_sp._PAMC22021	-
1	MET_00090799	Massilia_sp._LPB0304	UniRef90_A0A3D0DWJ0
4	MET_00090799	Massilia_sp._WG5	UniRef90_A0A3D0DWJ0
1	MET_00090799	unclassified_Massilia	UniRef90_A0A3D0DWJ0
2	MET_00093838	Massilia_sp._LPB0304	-
4	MET_00096855	Brevundimonas_mediterranea	UniRef90_UPI000E2005BD
2	MET_00108970	Hymenobacter_jejuensis	-
2	MET_00109835	Brevundimonas	UniRef90_A0A1V1UZC9
1	MET_00119157	Massilia	UniRef90_A0A377QH39
2	MET_00138011	Homo_sapiens	-
1	MET_00144921	Brevundimonas_sp._GRTSA-9	-
2	MET_00156982	Acidovorax_sp._KKS102	UniRef90_A0A1B3PJ54
2	MET_00159753	Bradyrhizobium	-
2	MET_00176776	Escherichia_coli	UniRef90_P32154
4	MET_00243714	Brevundimonas_sp._GW460-12-10-14-LB2	UniRef90_A0A2S8W6C3
3	MET_00266676	Achromobacter_deleyi	-
2	MET_00273657	Brevundimonas_sp._PAMC22021	-
1	MET_00322390	Rhodoferax_sp._BAB1	-
4	MET_00324349	Massilia_violaceinigra	UniRef90_A0A085EVJ7
2	MET_00333181	Streptomyces_pristinaespiralis	-
1	MET_00337601	Klebsiella_pneumoniae	UniRef90_A0A0E1VME0
1	MET_00367989	Brevundimonas_mediterranea	UniRef90_A0A354ENI2
2	MET_00372460	Brevundimonas_goettingensis	UniRef90_A0A1V1UX13
1	MET_00420836	Brevundimonas_naejangsanensis	-
3	MET_00439108	Homo_sapiens	UniRef90_A0A673YIM4
1	MET_00450955	Massilia_violaceinigra	UniRef90_A0A2D2DPZ1
1	MET_00453493	Homo_sapiens	UniRef90_A0A4W5MTP6
2	MET_00479349	Massilia	UniRef90_W0UXY8
2	MET_00479349	Massilia_sp._LPB0304	UniRef90_W0UXY8
1	MET_00489525	Brevundimonas_sp._M20	UniRef90_A0A2X1BJE4
2	MET_00665938	Acidovorax_sp._1608163	-
2	MET_00706961	Streptomyces_rectiverticillatus	-
1	MET_00716604	Acidovorax_sp._T1	-
4	MET_00751610	Comamonas_testosteroni	-
1	MET_00754534	Escherichia_coli	UniRef90_P58640
1	MET_00780455	Brevundimonas_sp._SGAir0440	UniRef90_A0A525J476
3	MET_00832747	Delftia_acidovorans	-
4	MET_00923139	Comamonas_testosteroni	-
1	MET_00945977	Brevundimonas_sp._GRTSA-9	UniRef90_A0A0P0DNK2
2	MET_00957081	Brevundimonas_naejangsanensis	-
2	MET_01014895	Bradyrhizobium_sp._PSBB068	UniRef90_UPI0005599327
10	MET_01063701	Comamonas_testosteroni	UniRef90_B7WW20
1	MET_01124750	Brevundimonas_mediterranea	-
2	MET_01127870	Vibrio_coralliilyticus	-
1	MET_01145464	Klebsiella_pneumoniae	-
1	MET_01154759	Mesorhizobium_sp._DCY119	-
4	MET_01155597	Microbacterium_sp._No._7	-
6	MET_01181803	Brevundimonas_goettingensis	-
2	MET_01185233	Microbacterium_aurum	-
2	MET_01191739	Janibacter_melonis	-
4	MET_01313521	Bradyrhizobium	-
1	MET_01466107	Hymenobacter_sp._NBH84	-
1	MET_01553079	Brevundimonas_sp._M20	-
1	MET_01569705	Massilia_sp._NR_4-1	-
2	MET_01572125	Streptomyces_pristinaespiralis	-
2	MET_01612665	Delftia_lacustris	-
2	MET_01684653	Acidovorax_avenae_subsp._avenae	-
4	MET_01700225	Brevundimonas_sp._CS1	-
1	MET_01712912	Streptomyces_hygroscopicus_subsp._jinggangensis	-
2	MET_01766973	Streptomyces_cattleya_NRRL_8057_=_DSM_46488	-
3	MET_01821728	Streptomyces	-
1	MET_01828229	Brevundimonas_sp._SGAir0440	UniRef90_A0A2W6RMV6
1	MET_01912143	unclassified_Massilia	UniRef90_A0A085EUU7
3	MET_01947706	Salmonella_enterica	UniRef90_A7ZPA2
1	MET_01957840	Klebsiella_pneumoniae	UniRef90_A0A2W5KB10
4	MET_02012978	Polynucleobacter_sp._es-EL-1	UniRef90_U7LEF0
2	MET_02067463	Mycolicibacterium_phlei	-
1	MET_02087969	Streptomyces_sp._fd1-xmd	-
1	MET_02089123	Comamonas_testosteroni	UniRef90_A0A1Y1J098
2	MET_02102440	Mesorhizobium_sp._DCY119	-
3	MET_02156679	Comamonas_testosteroni	UniRef90_D0IZY3
4	MET_02218950	Streptomyces	-
1	MET_02226215	Streptomyces_sp._fd1-xmd	-
2	MET_02342656	Actinoplanes_sp._N902-109	-
1	MET_02354786	Bradyrhizobium	-
1	MET_02461682	Streptomyces	-
4	MET_02477991	Streptomyces_ambofaciens	-
1	MET_02485827	Streptomyces_pristinaespiralis	-
2	MET_02494479	Homo_sapiens	-
1	MET_02532910	Streptomyces	-
1	MET_02532910	Streptomyces_spongiicola	-
2	MET_02582634	Delftia_lacustris	-
27	MET_02628169	Enterococcus_faecium_DO	-
3	MET_02667990	Bradyrhizobium	-
1	MET_02699110	Streptomyces_lincolnensis	-
1	MET_02699110	unclassified_Streptomyces	-
1	MET_02712352	unclassified_Streptomyces	-
2	MET_02720585	Streptomyces_pristinaespiralis	-
3	MET_02738431	Homo_sapiens	-
6	MET_02760379	Caulobacter	UniRef90_Q9A7P3
1	MET_02866124	unclassified_Streptomyces	-
2	MET_02873598	Homo_sapiens	-
1	MET_02919012	Mycolicibacterium_neoaurum	UniRef90_A0A378TIN1
2	MET_02927845	Microbacterium_chengjingii	-
1	MET_02949142	Mycolicibacterium_mageritense	-
2	MET_03045416	Homo_sapiens	-
1	MET_03127670	Enterococcus_faecium	-
1	genome_00000183	Comamonas_testosteroni	UniRef90_A0A076PVI3
2	genome_00000445	Delftia_acidovorans	UniRef90_UPI000BC34BFF
1	genome_00004228	Comamonas_testosteroni	UniRef90_B7X2N6
6	genome_00004716	Delftia_lacustris	UniRef90_A9BM38
2	genome_00004729	Delftia_acidovorans	UniRef90_A0A542ZXT0
2	genome_00008699	Delftia_acidovorans	UniRef90_A0A1I0Z9L2
2	genome_00009218	Delftia_acidovorans	UniRef90_A0A080NH02
2	genome_00026046	Bordetella_bronchiseptica	UniRef90_A0A0V6QBN9
2	genome_00027670	Bordetella_bronchiseptica	UniRef90_A0A379JRY3
4	genome_00029820	Delftia_acidovorans	UniRef90_A0A080NRQ8
4	genome_00031245	Methylorubrum_populi	UniRef90_A0A0X1SMX4
4	genome_00048612	Bordetella_bronchiseptica	UniRef90_A0A517GLE4
2	genome_00050877	Diaphorobacter_sp._HDW4B	UniRef90_E8TSN0
2	genome_00052949	Acidovorax_avenae_subsp._avenae	UniRef90_B9ME18
2	genome_00057419	Homo_sapiens	UniRef90_O00370
2	genome_00059781	unclassified_Diaphorobacter	UniRef90_A0A6M6IH63
2	genome_00074634	Massilia	UniRef90_A0A0K1K1D8
1	genome_00089018	Microbacterium	UniRef90_A0A1R3X5L4
2	genome_00117029	Methylorubrum_extorquens	UniRef90_A0A0J6SYK4
1	genome_00119121	Delftia_acidovorans	-
1	genome_00120302	Escherichia_coli	UniRef90_P76585
4	genome_00143654	Bradyrhizobium	UniRef90_A0A0D7NV09
2	genome_00154583	Acidovorax_sp._T1	UniRef90_A0A1F4ENJ7
2	genome_00157917	Bradyrhizobium_symbiodeficiens	UniRef90_Q89LR8
1	genome_00157919	Bradyrhizobium_symbiodeficiens	UniRef90_Q89LR8
1	genome_00157923	Bradyrhizobium_symbiodeficiens	UniRef90_Q89LR8
1	genome_00159474	Streptomyces_sp._C8S0	UniRef90_H6RQP8
1	genome_00159739	Massilia_sp._NR_4-1	UniRef90_A0A1I9Y1P2
4	genome_00161799	Delftia_acidovorans	UniRef90_A9BNW8
1	genome_00175638	Delftia_acidovorans	-
4	genome_00184815	Delftia_acidovorans	UniRef90_A9BNX4
2	genome_00185012	Comamonas_testosteroni	-
2	genome_00185636	Methylorubrum_populi	UniRef90_A9VY97
2	genome_00187821	Delftia_acidovorans	UniRef90_A9C1G8
2	genome_00192352	Paraburkholderia_tropica	UniRef90_A0A069BHK0
4	genome_00205247	Comamonas_testosteroni	UniRef90_D0IW04
3	genome_00212689	Comamonas_testosteroni	UniRef90_A0A076PEZ3
1	genome_00213167	Massilia_sp._NR_4-1	UniRef90_A0A0K1K369
2	genome_00222505	Comamonas_testosteroni	UniRef90_A0A0M2DP70
4	genome_00223287	Comamonas_testosteroni	UniRef90_A0A076Q186
5	genome_00223951	Polynucleobacter_sp._AP-Titi-500A-B4	UniRef90_A0A401K2T5
4	genome_00244993	Delftia_acidovorans	UniRef90_F6ATP8
4	genome_00252151	Delftia_acidovorans	UniRef90_A9BN14
2	genome_00253607	Delftia_acidovorans	UniRef90_A9C049
2	genome_00255110	Comamonas_testosteroni	UniRef90_A0A076PQ26
6	genome_00255866	Delftia_acidovorans	UniRef90_A9BVR1
4	genome_00257068	Comamonas_testosteroni	UniRef90_A0A2G6ZTV7
2	genome_00259064	Delftia_acidovorans	UniRef90_A0A6N8RWN3
4	genome_00269663	Delftia_acidovorans	-
6	genome_00270044	Comamonas_testosteroni	UniRef90_A0A1Y1IVW0
2	genome_00279138	Comamonas_testosteroni	UniRef90_A0A076PSX0
1	genome_00280262	Comamonas_testosteroni	UniRef90_B7X2C3
1	genome_00302241	Delftia_acidovorans	-
2	genome_00303944	Microbacterium_pygmaeum	UniRef90_A0A1G7U737
2	genome_00306405	Citrobacter	UniRef90_Q32JJ5
1	genome_00319646	Methylobacterium_sp._DM1	UniRef90_A0A2V3UJ45
1	genome_00321457	Delftia_acidovorans	UniRef90_A0A072T926
1	genome_00321726	Methylobacterium_sp._DM1	-
4	genome_00321934	Methylorubrum_populi	UniRef90_H1KQ07
4	genome_00322772	Diaphorobacter_polyhydroxybutyrativorans	-
2	genome_00326946	Acidovorax	-
2	genome_00341292	Delftia_acidovorans	UniRef90_F6AUS1
1	genome_00343061	unclassified_Brevundimonas	UniRef90_A0A0P0DAA8
1	genome_00353047	Delftia_acidovorans	UniRef90_A9C0R7
4	genome_00353838	Mycolicibacterium_chubuense_NBB4	UniRef90_A0A0J6VGB8
3	genome_00356229	Comamonas_testosteroni	UniRef90_A0A5A7M735
2	genome_00362024	Comamonas_testosteroni	UniRef90_A0A076PBU8
2	genome_00362025	Comamonas_testosteroni	UniRef90_A0A096D234
2	genome_00364801	Bradyrhizobium_sp._CCGE-LA001	UniRef90_A0A0Q5YRG0
2	genome_00377203	unclassified_Brevundimonas	UniRef90_A0A5P9KLL8
2	genome_00381161	Methylorubrum_populi	UniRef90_C7C6G5
4	genome_00384693	Delftia_lacustris	UniRef90_A9BZD7
4	genome_00385298	Delftia_acidovorans	UniRef90_A0A1H3RXX1
2	genome_00387148	Comamonas_testosteroni	UniRef90_A0A2G6YUJ9
2	genome_00388129	Delftia_acidovorans	-
2	genome_00392673	Comamonas_testosteroni	UniRef90_D0J5U4
6	genome_00406508	Comamonas_testosteroni	UniRef90_A0A096GG98
2	genome_00412113	Delftia_acidovorans	UniRef90_A0A080NQA5
4	genome_00424897	Janibacter	UniRef90_A0A1L3MFR2
6	genome_00432218	Methylorubrum_extorquens_AM1	UniRef90_A9VZA3
4	genome_00432303	Comamonas_testosteroni	-
6	genome_00436380	Brevundimonas_sp._GW460-12-10-14-LB2	UniRef90_A0A2X1B8F7
2	genome_00437046	Comamonas_testosteroni	UniRef90_B7WY51
4	genome_00437506	Achromobacter_deleyi	UniRef90_A0A6J5A5K5
3	genome_00464688	Comamonas_testosteroni	UniRef90_D0IYL7
4	genome_00480549	Delftia_acidovorans	UniRef90_F6AVP2
4	genome_00480789	Achromobacter_xylosoxidans	UniRef90_A0A6S7ALZ6
2	genome_00500330	Comamonas_testosteroni	UniRef90_A0A1Y1ITN9
2	genome_00502162	Sphingopyxis_terrae_subsp._terrae_NBRC_15098	UniRef90_A0A074MHG2
1	genome_00509386	Delftia_acidovorans	-
1	genome_00513277	Sphingopyxis_terrae_subsp._terrae_NBRC_15098	UniRef90_A0A1L6J7R7
1	genome_00515535	Citrobacter_freundii_complex	UniRef90_A0A381GJ68
1	genome_00515545	Citrobacter_freundii_complex	UniRef90_A0A381GJ68
1	genome_00521857	Klebsiella_pneumoniae	-
4	genome_00523622	Delftia_acidovorans	UniRef90_A0A080NP58
2	genome_00539344	Brevundimonas_diminuta	UniRef90_A0A494RM41
4	genome_00539570	Janibacter	UniRef90_A0A1L3MHE1
2	genome_00548772	Brevundimonas_sp._Bb-A	-
2	genome_00552491	Delftia_lacustris	UniRef90_F6ASA3
2	genome_00554027	Bradyrhizobium_sp._PSBB068	UniRef90_A0A5D3K1W1
2	genome_00558949	Bradyrhizobium_sp._PSBB068	UniRef90_A0A7G6U3D4
2	genome_00563014	Delftia_acidovorans	UniRef90_F6AXU0
1	genome_00588204	Microbacterium_foliorum	UniRef90_A0A1H1TNY4
4	genome_00591607	Delftia_acidovorans	UniRef90_A9C1C5
2	genome_00601278	unclassified_Microbacterium	UniRef90_E8N7K9
2	genome_00603858	Comamonas_testosteroni	UniRef90_D0IYK5
2	genome_00603889	unclassified_Microbacterium	UniRef90_E8N7K9
2	genome_00604516	Delftia_acidovorans	UniRef90_F6AXQ7
2	genome_00623714	Comamonas_testosteroni	-
1	genome_00628786	Microbacterium_sp._PM5	UniRef90_A0A0M8MJD4
1	genome_00629110	Microbacterium_pygmaeum	UniRef90_A0A147FB54
6	genome_00631891	Methylorubrum_populi	UniRef90_B1ZC10
2	genome_00636123	Delftia_lacustris	UniRef90_A0A080NIS2
2	genome_00645291	Delftia_acidovorans	UniRef90_A9C1F4
2	genome_00649249	Delftia_acidovorans	UniRef90_A9C271
2	genome_00657400	Delftia_acidovorans	-
2	genome_00660019	unclassified_Brevundimonas	UniRef90_A0A0P0DNE2
2	genome_00673711	Delftia_acidovorans	UniRef90_A9BT92
4	genome_00675151	Sphingopyxis_macrogoltabida	UniRef90_A0A258GQB5
2	genome_00678962	Delftia_acidovorans	UniRef90_A0A1D8J0R4
2	genome_00679805	Bradyrhizobium_sp._CCBAU_51765	UniRef90_A0A2A6N4L2
5	genome_00688335	Comamonas_testosteroni	UniRef90_A0A076PLZ2
4	genome_00689560	Acidovorax_sp._T1	UniRef90_A0A240U541
2	genome_00703448	Comamonas_testosteroni	UniRef90_D0J113
2	genome_00709206	Bosea_sp._Tri-49	UniRef90_A0A0A1W3B0
2	genome_00711899	Delftia_acidovorans	UniRef90_A0A080NPX2
2	genome_00721049	Massilia_putida	UniRef90_M4UI47
11	genome_00723927	Brucella_intermedia	UniRef90_A0A502BNE5
2	genome_00725884	Delftia_acidovorans	UniRef90_A9BUC4
3	genome_00744763	Bradyrhizobium_sp._CCBAU_051011	UniRef90_A0A0A3Y493
4	genome_00744811	Comamonas_testosteroni	UniRef90_D0J7Y9
1	genome_00754940	Achromobacter_deleyi	UniRef90_A0A0D6IM85
2	genome_00755567	Comamonas_testosteroni	UniRef90_D0J2V2
1	genome_00763206	Massilia_sp._LPB0304	UniRef90_A0A3D0DWJ0
2	genome_00763206	Massilia_sp._WG5	UniRef90_A0A3D0DWJ0
1	genome_00763206	unclassified_Massilia	UniRef90_A0A3D0DWJ0
2	genome_00771503	Delftia_acidovorans	UniRef90_A9BNX0
6	genome_00775179	Delftia_acidovorans	UniRef90_A9BRJ5
1	genome_00778238	Microbacterium_sp._str._'China'	UniRef90_A0A7G2D671
6	genome_00779230	Acidovorax_sp._T1	UniRef90_A0A0Q0Z3T0
2	genome_00790794	Bradyrhizobium_sp._BTAi1	UniRef90_A5ELE1
6	genome_00800303	Comamonas_testosteroni	UniRef90_D0IYS8
2	genome_00802772	Delftia_acidovorans	-
4	genome_00806088	Bosea_sp._Tri-49	UniRef90_A0A654CEU3
1	genome_00814108	Mycolicibacterium_gilvum_Spyr1	UniRef90_A0A0J6W4C5
2	genome_00826584	unclassified_Bradyrhizobium	UniRef90_A0A4Y3YQ18
4	genome_00826646	Comamonas_testosteroni	UniRef90_Q7WSH3
12	genome_00834698	Comamonas_testosteroni	UniRef90_A0A5N7WLY8
1	genome_00835882	Delftia_acidovorans	UniRef90_F6AR57
4	genome_00852507	Brucella_intermedia	UniRef90_A6X314
4	genome_00853383	Delftia_sp._HK171	UniRef90_A0A1D8IZN9
2	genome_00869080	Bradyrhizobium_genosp._B	UniRef90_A0A4Y3ZP00
1	genome_00871824	Delftia_acidovorans	UniRef90_F6B105
2	genome_00875858	Delftia_acidovorans	UniRef90_A0A5P8XSN5
4	genome_00884933	Comamonas_testosteroni	UniRef90_A0A076PLC4
2	genome_00891412	Delftia_acidovorans	UniRef90_A0A210W518
9	genome_00898929	Comamonas_testosteroni	UniRef90_A0A5D9AYP6
1	genome_00899420	Delftia_acidovorans	UniRef90_A0A031HS70
6	genome_00903705	Brucella_pseudogrignonensis	-
2	genome_00904854	Mycolicibacterium_austroafricanum	UniRef90_A0A378SMZ5
2	genome_00905396	Acidovorax_sp._KKS102	UniRef90_A0A3L9YV56
1	genome_00915139	Acidovorax	UniRef90_A1TJ39
1	genome_00948772	Delftia_acidovorans	UniRef90_F6AR57
4	genome_00951205	Microbacterium_sp._str._'China'	UniRef90_A0A1H1U7P9
4	genome_00968573	Paraburkholderia_hospita	UniRef90_Q1LCY9
4	genome_00980640	Acidovorax_sp._KKS102	UniRef90_A0A3L9YMI4
2	genome_00988163	Brevundimonas_diminuta	-
2	genome_00989682	Delftia_acidovorans	UniRef90_F6AQY4
2	genome_00993823	Delftia_acidovorans	UniRef90_A0A1C7LE19
4	genome_01005998	Comamonas_testosteroni	UniRef90_UPI0006817635
1	genome_01010719	Delftia_acidovorans	UniRef90_A0A1I0YN53
2	genome_01012750	Delftia_acidovorans	UniRef90_A0A1D8IYP1
2	genome_01015051	Delftia_acidovorans	UniRef90_A0A1C7LC30
1	genome_01025663	Comamonas_testosteroni	-
4	genome_01048356	Delftia_acidovorans	UniRef90_A9C103
1	genome_01050033	Comamonas_testosteroni	UniRef90_D0J2J1
4	genome_01064980	Delftia_acidovorans	UniRef90_A9C1G3
1	genome_01104086	Delftia_acidovorans	UniRef90_A9BTY8
6	genome_01127434	Comamonas_testosteroni	UniRef90_A0A5A7MFL0
2	genome_01145034	Delftia_acidovorans	UniRef90_A0A5N7X6Q1
1	genome_01145037	Delftia_lacustris	UniRef90_F6AVS1
2	genome_01148647	Acidovorax_sp._JS42	UniRef90_B9M9X9
1	genome_01157148	Comamonas_testosteroni	UniRef90_A0A1Y1IZ46
4	genome_01163966	Microbacterium_aurum	UniRef90_A0A1P8U7X7
4	genome_01170479	Comamonas_testosteroni	UniRef90_A9BX55
2	genome_01205618	Paraburkholderia	UniRef90_F6FZ02
1	genome_01213708	Bradyrhizobium_sp._ORS_285	UniRef90_A4YMH9
2	genome_01213724	Bradyrhizobium_sp._ORS_285	UniRef90_A4YMH9
2	genome_01213791	Comamonas_testosteroni	UniRef90_B7WSN4
3	genome_01218913	Delftia_lacustris	UniRef90_A0A1I1CK61
6	genome_01232867	Brevundimonas_diminuta	UniRef90_A0A381ANR7
2	genome_01235669	Microbacterium_sp._RG1	UniRef90_E8NBW4
2	genome_01241153	Microbacterium_sp._RG1	UniRef90_A0A0Q5FKS7
1	genome_01251947	Diaphorobacter_ruginosibacter	UniRef90_A0A1B3PQE2
6	genome_01253935	Brevundimonas_sp._CS1	UniRef90_B4WE83
2	genome_01256476	Microbacterium_sp._BH-3-3-3	-
1	genome_01260772	Comamonas_testosteroni	UniRef90_A0A5A7MAS0
2	genome_01263746	Bradyrhizobium_sp._PSBB068	UniRef90_A0A2M8RH80
1	genome_01263803	Comamonas_testosteroni	UniRef90_A0A5A7MAS0
2	genome_01291646	Comamonas_testosteroni	UniRef90_A0A5A7MAS0
2	genome_01295985	Microbacterium	UniRef90_A0A1H1S0Z5
1	genome_01318141	Citrobacter	UniRef90_P0ACB0
1	genome_01333265	Bradyrhizobium	UniRef90_Q89H36
2	genome_01360712	Delftia_acidovorans	UniRef90_A9BLS0
4	genome_01371493	Comamonas_testosteroni	UniRef90_A0A096BR28
4	genome_01372467	Janibacter_indicus	UniRef90_A0A1L3MJT6
2	genome_01372631	Sphingopyxis_lindanitolerans	UniRef90_A0A0A7PMD0
6	genome_01387856	Brevundimonas_sp._Bb-A	UniRef90_B4W7B5
2	genome_01422461	Streptomyces	UniRef90_A0A0Q6F8Y4
2	genome_01453647	Comamonas_testosteroni	UniRef90_A0A076PW16
4	genome_01466818	Comamonas_testosteroni	UniRef90_D0IZT9
2	genome_01475230	Comamonas_testosteroni	UniRef90_B7WW86
2	genome_01493030	Delftia_acidovorans	UniRef90_A0A1D8IWD4
2	genome_01504157	Comamonas_testosteroni	UniRef90_A0A0E3BP50
2	genome_01513418	Comamonas_testosteroni	UniRef90_D0IV55
2	genome_01519780	Delftia_acidovorans	UniRef90_A0A1H3SAT9
6	genome_01560012	Delftia_acidovorans	-
8	genome_01566123	Bradyrhizobium_sp._1(2017)	UniRef90_Q89T28
4	genome_01566131	Bradyrhizobium_sp._PSBB068	UniRef90_A0A4Y3YR68
3	genome_01575006	Comamonas_testosteroni	UniRef90_E8TWS3
4	genome_01575009	Comamonas_testosteroni	UniRef90_A0A096FMQ4
4	genome_01589984	Delftia_acidovorans	-
4	genome_01594760	Diaphorobacter_polyhydroxybutyrativorans	UniRef90_B9MJ87
2	genome_01595119	Delftia_acidovorans	UniRef90_A0A2G6TYA2
2	genome_01607075	Delftia_acidovorans	UniRef90_A0A1I1AW01
2	genome_01609716	Comamonas_testosteroni	UniRef90_B7WY77
1	genome_01620534	Delftia_acidovorans	UniRef90_A9BTG4
4	genome_01620537	Delftia_acidovorans	UniRef90_A0A210VSM0
1	genome_01624544	Mycolicibacterium_smegmatis	UniRef90_A0A5C7Y0X7
4	genome_01635018	Microbacterium_sp._BH-3-3-3	UniRef90_E8N7T1
6	genome_01657934	Delftia_acidovorans	-
5	genome_01665878	Comamonas_testosteroni	UniRef90_A0A0M7MLI9
5	genome_01665881	Comamonas_testosteroni	UniRef90_A0A0M7MLI9
2	genome_01666085	Bosea_sp._Tri-49	UniRef90_A0A654BCE6
4	genome_01693850	Delftia_acidovorans	UniRef90_A0A031HVP2
1	genome_01706603	Comamonas_testosteroni	UniRef90_D0J322
1	genome_01708247	Microbacterium_paraoxydans	UniRef90_A0A1S2MQ79
2	genome_01716510	Comamonas_testosteroni	UniRef90_A0A5N7WU04
2	genome_01722436	Comamonas_testosteroni	UniRef90_A0A1Y1J2E8
2	genome_01752328	Comamonas_testosteroni	UniRef90_A0A076PPP9
4	genome_01756574	Comamonas_testosteroni	UniRef90_B7X4Z8
1	genome_01783150	Comamonas_testosteroni	UniRef90_D0IXG2
2	genome_01784172	Delftia_lacustris	UniRef90_A0A1D8J1U3
2	genome_01803529	Cupriavidus_taiwanensis	UniRef90_S9SYF0
2	genome_01834337	Achromobacter_denitrificans	UniRef90_A2SID2
2	genome_01848262	Comamonas_testosteroni	UniRef90_A0A370EZQ7
6	genome_01851122	Delftia_acidovorans	UniRef90_A9C237
2	genome_01853795	Comamonas_testosteroni	UniRef90_A0A1Y1IX01
1	genome_01857694	Bradyrhizobium_symbiodeficiens	UniRef90_A0A2U8PZJ2
1	genome_01857792	Bradyrhizobium_symbiodeficiens	UniRef90_A0A0S6UPL9
2	genome_01870241	Delftia_acidovorans	UniRef90_A0A0H2M4M4
1	genome_01884944	Janibacter_indicus	UniRef90_K1ERJ3
1	genome_01913865	Delftia_acidovorans	UniRef90_A0A087ELS2
1	genome_01926177	Bradyrhizobium_diazoefficiens	UniRef90_A0A170Q0J4
1	genome_01946786	Comamonas_testosteroni	UniRef90_D0J1N1
2	genome_01982490	Delftia_acidovorans	UniRef90_A9BPQ9
4	genome_01987191	Escherichia_coli	UniRef90_P39407
2	genome_01988588	Delftia_acidovorans	UniRef90_A9BS40
2	genome_02027707	Delftia_acidovorans	UniRef90_A0A1C7LJJ8
2	genome_02035141	Methylobacterium_sp._AMS5	UniRef90_H1KR08
2	genome_02040631	Brucella_sp._2280	UniRef90_A0A6I0DSS9
2	genome_02040882	Delftia_acidovorans	UniRef90_A9BP68
1	genome_02059989	Comamonas_testosteroni_TK102	UniRef90_A0A1Y1IWZ5
1	genome_02060445	Homo_sapiens	UniRef90_E7A5Q2
4	genome_02071333	Delftia_acidovorans	UniRef90_A9BUJ1
2	genome_02071857	Streptomyces	UniRef90_A0A0J9DY13
2	genome_02074536	Comamonas_testosteroni	UniRef90_B7WTA1
4	genome_02102219	Delftia_acidovorans	UniRef90_A9BMW0
2	genome_02102219	Delftia_sp._HK171	UniRef90_A9BMW0
4	genome_02149464	Acidovorax_sp._T1	UniRef90_J0UEP2
3	genome_02155864	Comamonas_testosteroni	UniRef90_A0A370EMT4
4	genome_02162753	Brevundimonas_sp._DS20	UniRef90_A0A0P0CRG6
1	genome_02166187	Bradyrhizobium_sp._PSBB068	UniRef90_A0A023XIW3
2	genome_02173444	Delftia_lacustris	UniRef90_A0A1I1CP32
2	genome_02183670	Delftia_acidovorans	UniRef90_A9BXU5
5	genome_02208447	Comamonas_testosteroni	UniRef90_A0A370EIU2
8	genome_02222295	Delftia_acidovorans	UniRef90_A9BM78
2	genome_02240787	Comamonas_testosteroni	UniRef90_A0A1Y1IVG8
1	genome_02248357	Delftia_acidovorans	UniRef90_A0A5P8XF53
2	genome_02254578	Escherichia_coli	UniRef90_A0A061YFF1
2	genome_02279913	Brevundimonas_sp._DS20	UniRef90_A0A0P0DEY0
2	genome_02280316	Delftia_acidovorans	UniRef90_A0A080NLP3
2	genome_02280317	Delftia_acidovorans	UniRef90_A0A1D8IYS2
1	genome_02293554	Acidovorax_cattleyae	UniRef90_A0A1L1PN09
4	genome_02305792	Comamonas_testosteroni	UniRef90_A0A076PJC8
3	genome_02333440	Delftia_acidovorans	UniRef90_A9BPM0
3	genome_02344886	Delftia_acidovorans	UniRef90_A0A1H3E4Y8
8	genome_02353214	Comamonas_testosteroni	UniRef90_A0A076PI05
1	genome_02355190	Microbacterium_sp._str._'China'	UniRef90_A0A3S9WPD7
6	genome_02362195	Paraburkholderia	UniRef90_A0A160BT57
2	genome_02369291	Delftia_tsuruhatensis	UniRef90_A0A1D8J3N4
1	genome_02369304	Delftia_acidovorans	UniRef90_A9BPM0
2	genome_02378266	Comamonas_testosteroni	UniRef90_A0A1Y1J8I6
2	genome_02380418	Microbacterium_sp._CBA3102	UniRef90_A0A1H1P2Q3
4	genome_02380418	Microbacterium_sp._PAMC_28756	UniRef90_A0A1H1P2Q3
1	genome_02394990	Delftia_acidovorans	UniRef90_A9BSJ5
5	genome_02403193	Brevundimonas_naejangsanensis	UniRef90_A0A172Y7G2
4	genome_02413514	Delftia_acidovorans	UniRef90_A9BS37
4	genome_02417412	Comamonas_testosteroni	UniRef90_B7WZY1
1	genome_02427175	Delftia_tsuruhatensis	UniRef90_A9BT61
2	genome_02433636	Microbacterium	UniRef90_A0A1H1QHZ8
4	genome_02444581	Comamonas_testosteroni	UniRef90_A0A0W7YZY5
2	genome_02471784	Comamonas_testosteroni	UniRef90_B7X2A9
4	genome_02473710	Massilia_sp._NP310	UniRef90_A0A2S2DL24
1	genome_02493203	Comamonas_testosteroni	UniRef90_A0A072TI10
4	genome_02498842	Comamonas_testosteroni	UniRef90_A0A076PWR8
4	genome_02506438	Comamonas_testosteroni	UniRef90_D0IYM9
4	genome_02523691	Streptomyces_vinaceus	UniRef90_A0A4R2Z3N3
2	genome_02546357	Comamonas_testosteroni	UniRef90_A0A076PGQ3
2	genome_02556012	Delftia_tsuruhatensis	UniRef90_A0A1D8J1J9
2	genome_02561181	Delftia_acidovorans	UniRef90_A9BUK8
2	genome_02561201	Delftia_acidovorans	UniRef90_A9BQH8
2	genome_02588702	Delftia_acidovorans	UniRef90_F6AZT9
1	genome_02588705	Delftia_tsuruhatensis	UniRef90_A0A080NN58
6	genome_02600970	Comamonas_testosteroni	UniRef90_A0A076PRX1
1	genome_02613402	Salmonella_enterica_subsp._enterica_serovar_Indiana	UniRef90_UPI0013FD2A43
2	genome_02616105	Hydrogenophaga_sp._BPS33	UniRef90_A0A4R3U6S1
2	genome_02619164	Mesorhizobium_terrae	UniRef90_D7A0Q1
3	genome_02620407	Comamonas_testosteroni	UniRef90_A0A096GUP0
2	genome_02620446	Comamonas_testosteroni	-
2	genome_02649987	Microbacterium_sp._Nx66	UniRef90_A0A0F0L1V5
2	genome_02656853	Brucella_anthropi	UniRef90_U4VCU0
4	genome_02663992	Sphingopyxis_sp._FD7	UniRef90_A0A2W5MX26
4	genome_02670269	unclassified_Brevundimonas	UniRef90_A0A0N7HZ94
8	genome_02682952	Comamonas_testosteroni	UniRef90_D0J2L8
2	genome_02687312	Bosea_sp._RAC05	UniRef90_A0A1B3NGY5
4	genome_02688753	Comamonas_testosteroni	UniRef90_A0A1Y1IZZ9
1	genome_02754791	Delftia_acidovorans	UniRef90_A0A1D8J9Q9
2	genome_02769152	Brucella_intermedia	UniRef90_A6X1V9
1	genome_02778286	Delftia_acidovorans	UniRef90_A9BSP2
1	genome_02792451	Acidovorax_sp._HDW3	UniRef90_K0I5R3
1	genome_02795170	Acidovorax_sp._HDW3	UniRef90_K0I5R3
1	genome_02808949	Delftia_acidovorans	UniRef90_A9BUP3
1	genome_02815429	Delftia_acidovorans	UniRef90_A9BUP3
8	genome_02816212	Polynucleobacter_paneuropaeus	-
4	genome_02820292	Comamonas_testosteroni	UniRef90_B7WWQ3
1	genome_02820308	Comamonas_testosteroni	UniRef90_A0A076PG31
1	genome_02829378	Bosea_sp._Tri-49	UniRef90_A0A0Q9IJC8
2	genome_02846023	Delftia_acidovorans	UniRef90_A0A2G7T912
2	genome_02900973	Delftia_acidovorans	UniRef90_A9BN53
2	genome_02916658	Delftia_acidovorans	UniRef90_A0A1I1CNL5
4	genome_02958796	Delftia_acidovorans	UniRef90_A9BWD0
4	genome_02998021	Delftia_acidovorans	UniRef90_A0A031HDL3
2	genome_03002897	Comamonas_testosteroni	UniRef90_A0A373FRB0
4	genome_03002915	Comamonas_testosteroni	UniRef90_A0A1Y1IZH4
3	genome_03057618	Acidovorax_sp._KKS102	UniRef90_H0BYS1
2	genome_03071700	Comamonas_testosteroni	UniRef90_A0A076Q0K3
4	genome_03076218	Delftia_acidovorans	UniRef90_A0A4R5GHX3
5	genome_03080763	Comamonas_testosteroni	UniRef90_B7WR17
1	genome_03103617	Sphingopyxis_alaskensis_RB2256	UniRef90_A0A0A7PJQ9
1	genome_03120016	Sphingopyxis_alaskensis_RB2256	UniRef90_A0A2W5L3Q9
1	genome_03126635	Brevundimonas_sp._Bb-A	UniRef90_A0A4P8Q7M3
1	genome_03131852	Comamonas_testosteroni	UniRef90_D0J101
6	genome_03160366	Comamonas_testosteroni	UniRef90_A0A076PR95
3	genome_03164478	Homo_sapiens	-
2	genome_03166206	Acidovorax_sp._T1	UniRef90_A0A240U598
1	genome_03178928	Delftia_acidovorans	UniRef90_A9BQI6
6	genome_03185932	Mycobacterium_frederiksbergense	UniRef90_A0QVR9
2	genome_03198205	Microbacterium_aurum	UniRef90_A0A1P8UCV0
1	genome_03226804	Homo_sapiens	-
2	genome_03232760	Methylorubrum_extorquens_AM1	UniRef90_A0A0Q6CZZ8
1	genome_03261158	Escherichia_coli	UniRef90_Q8FBN6
2	genome_03262873	Delftia_acidovorans	UniRef90_A0A1D8J9Q1
2	genome_03272672	Delftia_acidovorans	UniRef90_A9BTL5
1	genome_03276873	Delftia_lacustris	-
1	genome_03282547	Delftia_acidovorans	-
1	genome_03294944	Comamonas_testosteroni_TK102	UniRef90_A0A2W5RTW3
1	genome_03296594	Delftia_acidovorans	UniRef90_A0A080NV88
4	genome_03300005	Methylorubrum_extorquens_AM1	UniRef90_A0A2U8I0E6
3	genome_03300618	Bradyrhizobium_sp._CCBAU_051011	UniRef90_Q13EX1
4	genome_03304959	Delftia_acidovorans	UniRef90_A9BS60
1	genome_03304971	Delftia_acidovorans	UniRef90_A9C291
1	genome_03314753	unclassified_Bradyrhizobium	UniRef90_A0A160UE95
2	genome_03314889	Comamonas_testosteroni	UniRef90_UPI0009B8DCA2
1	genome_03331515	Microbacterium_sp._1S1	UniRef90_A0A1H1PP28
1	genome_03343446	Bradyrhizobium_sp._CCBAU_051011	UniRef90_Q6NC98
4	genome_03347059	Acidovorax_sp._RAC01	UniRef90_A0A3R7IRM9
1	genome_03347992	Delftia_acidovorans	UniRef90_F6AM90
4	genome_03380101	Acidovorax_sp._T1	-
4	genome_03391616	Microbacterium_sp._str._'China'	UniRef90_A0A1Y2KFG6
2	genome_03392787	unclassified_Brevundimonas	UniRef90_A0A4P8QAQ4
1	genome_03419352	Comamonas_testosteroni	UniRef90_A0A096FA13
2	genome_03428478	Brevundimonas_diminuta	UniRef90_A0A2S8W0L5
1	genome_03443909	Brevundimonas_sp._Bb-A	UniRef90_A0A0P0DJN9
2	genome_03470671	Acidovorax_sp._T1	UniRef90_A0A240UA41
1	genome_03487343	Caulobacter_vibrioides	UniRef90_R0CXS4
1	genome_03528392	Comamonas_testosteroni	UniRef90_A0A373FLX6
1	genome_03573775	Brevundimonas_sp._Bb-A	UniRef90_A0A0P0CYA1
4	genome_03578023	Bosea_sp._RAC05	UniRef90_A0A1B3NQB4
2	genome_03596776	unclassified_Bradyrhizobium	UniRef90_A0A2U8QHN8
2	genome_03606519	Comamonas_testosteroni_TK102	UniRef90_A0A2W5Q758
4	genome_03621041	Acidovorax	UniRef90_K0HY85
1	genome_03623915	Cupriavidus_taiwanensis	UniRef90_S9T8H7
6	genome_03639819	Homo_sapiens	UniRef90_A0A2G5N016
1	genome_03657969	Comamonas_testosteroni	UniRef90_A0A1Y1IWP5
2	genome_03676868	Delftia_acidovorans	UniRef90_A0A072TJB3
10	genome_03714753	Mycolicibacterium_aubagnense	UniRef90_A0A6N4VYH2
1	genome_03726303	Delftia_acidovorans	UniRef90_A0A2M9PSD8
1	genome_03809405	Bradyrhizobium_vignae	UniRef90_A0A2T2Q6S0
1	genome_03834864	Brucella/Ochrobactrum_group	-
2	genome_03864616	Delftia_acidovorans	UniRef90_A9BZU4
2	genome_03864617	Delftia_acidovorans	-
2	genome_03873824	Delftia_acidovorans	UniRef90_A9BLF8
2	genome_03888580	Delftia_lacustris	UniRef90_A9BN88
1	genome_03906592	Klebsiella_pneumoniae	-
1	genome_03911765	Achromobacter_xylosoxidans	UniRef90_E3HEA8
2	genome_03915697	Rhodoferax_sp._AJA081-3	UniRef90_A0A1B3PI13
6	genome_03936416	Acidovorax_sp._T1	UniRef90_C5TAC3
1	genome_03976340	Comamonas_testosteroni	UniRef90_S6BKX9
3	genome_04024670	Comamonas_testosteroni	UniRef90_A0A076PLS4
2	genome_04026084	Hydrogenophaga_sp._PBC	UniRef90_A0A2W5PV76
1	genome_04035981	Delftia_acidovorans	UniRef90_A0A080NG18
2	genome_04044820	Hymenobacter_swuensis_DY53	UniRef90_A0A6M6BE03
2	genome_04045790	Delftia_acidovorans	UniRef90_A9BRY2
6	genome_04056539	Comamonas_testosteroni	UniRef90_A0A0E3C7N1
3	genome_04061140	Delftia_acidovorans	UniRef90_F6AXD2
2	genome_04075347	Brevundimonas	UniRef90_A0A0F3LBE4
27	genome_04132189	Homo_sapiens	-
2	genome_04133499	Microbacterium_foliorum	UniRef90_A0A0M2GVA1
2	genome_04138192	Acidovorax_cattleyae	UniRef90_A0A2W5PN80
11	genome_04161143	Homo_sapiens	-
1	genome_04169908	Homo_sapiens	-
2	genome_04189159	Delftia_lacustris	UniRef90_A0A1H3M2Z4
2	genome_04194265	Comamonas_testosteroni	UniRef90_A0A1B2D1W8
1	genome_04196716	Microbacterium_oxydans	UniRef90_A0A0F0L004
1	genome_04233411	Comamonas_testosteroni	UniRef90_B7WZW3
2	genome_04279792	Bordetella_avium	UniRef90_A0A0F6UCY8
1	genome_04287716	Delftia_lacustris	UniRef90_A0A1D8J910
8	genome_04307560	Escherichia_coli	-
1	genome_04333375	Bradyrhizobium_vignae	UniRef90_A0A150ZFW2
6	genome_04333543	Comamonas_testosteroni	UniRef90_B7X5U5
1	genome_04395150	Homo_sapiens	-
1	genome_04402141	Methylorubrum_extorquens_AM1	UniRef90_A0A177IGA2
2	genome_04403247	Janibacter_indicus	UniRef90_A0A2I2IQR3
1	genome_04429433	Homo_sapiens	UniRef90_X1EW92
2	genome_04432267	Delftia_acidovorans	UniRef90_A9BQM8
2	genome_04437588	Comamonas_testosteroni	UniRef90_A0A076PQ89
3	genome_04473094	Massilia_sp._NP310	UniRef90_K9DYL4
2	genome_04522275	Escherichia_coli	-
1	genome_04524239	Homo_sapiens	-
6	genome_04621642	Delftia_acidovorans	UniRef90_F6AYD4
2	genome_04691520	Microbacterium_aurum	UniRef90_A0A1P8U835
1	genome_04699221	Hydrogenophaga_sp._YM1	UniRef90_A0A0H2LTS5
4	genome_04734310	Microbacterium_sp._str._'China'	UniRef90_UPI00115F9A7D
2	genome_04748634	Bradyrhizobium_japonicum_SEMIA_5079	UniRef90_Q89J68
2	genome_04758598	Comamonas_testosteroni	UniRef90_A0A210VZ91
1	genome_04765781	Bradyrhizobium_sp._CCBAU_51753	-
2	genome_04765927	Comamonas_testosteroni	UniRef90_B7WS68
1	genome_04777382	Delftia_acidovorans	UniRef90_A9BTY6
2	genome_04800164	Comamonas_testosteroni	UniRef90_A0A5N7WKC3
2	genome_04806614	Acidovorax_sp._T1	UniRef90_UPI000B403B7E
4	genome_04816709	Homo_sapiens	-
2	genome_04828662	Delftia_sp._HK171	-
4	genome_04853235	Methylorubrum_populi	UniRef90_A0A177JDK9
16	genome_04867732	Homo_sapiens	-
2	genome_04897588	Delftia_acidovorans	UniRef90_A9BLR9
3	genome_04920765	Methylorubrum_populi	UniRef90_B7L0A9
1	genome_04934686	Methylorubrum_extorquens_AM1	UniRef90_C7CF27
1	genome_04935688	Bradyrhizobium_sp._CCBAU_51753	UniRef90_A0A562RQH0
2	genome_04991586	Homo_sapiens	-
6	genome_05013159	Comamonas_testosteroni	UniRef90_A0A076PMF5
1	genome_05060939	Delftia_acidovorans	UniRef90_A0A072T7J6
2	genome_05075662	Rhodopseudomonas_palustris_HaA2	-
2	genome_05086654	Delftia_acidovorans	UniRef90_A0A2G6U120
1	genome_05117207	Delftia_acidovorans	UniRef90_A0A072T9P0
2	genome_05168099	Homo_sapiens	-
1	genome_05174497	Diaphorobacter_sp._JS3050	UniRef90_A1WCK6
1	genome_05177397	Escherichia_coli	-
2	genome_05197447	Escherichia_coli	UniRef90_P28905
1	genome_05204186	Homo_sapiens	UniRef90_UPI001941F793
3	genome_05204189	Homo_sapiens	-
2	genome_05223718	Delftia_acidovorans	-
1	genome_05230760	Comamonas_testosteroni	UniRef90_D0IXG1
3	genome_05280967	Homo_sapiens	-
2	genome_05299692	Delftia_lacustris	UniRef90_A0A1D8J3E3
2	genome_05324851	Bradyrhizobium_sp._BTAi1	UniRef90_H0SZE9
2	genome_05349872	Delftia_acidovorans	UniRef90_B2UA47
1	genome_05374964	Homo_sapiens	-
3	genome_05454025	Brevundimonas_sp._Bb-A	UniRef90_A0A0P0DJP8
4	genome_05454960	Delftia_acidovorans	UniRef90_F6AQT1
2	genome_05471417	Vibrio_vulnificus	-
1	genome_05475484	Brucella/Ochrobactrum_group	-
4	genome_05495394	Comamonas_testosteroni	UniRef90_B7WRS2
1	genome_05510185	Microbacterium_sp._Nx66	UniRef90_A0A239GHR6
1	genome_05526492	Methylorubrum_extorquens_AM1	UniRef90_C7CI33
1	genome_05533538	Delftia_acidovorans	UniRef90_A0A072T8T0
3	genome_05542574	Enterococcus_faecium	-
1	genome_05550154	Comamonas_testosteroni	UniRef90_B7X274
6	genome_05550176	Comamonas_testosteroni	-
2	genome_05604562	Homo_sapiens	-
1	genome_05619503	Microbacterium_sp._Nx66	UniRef90_A0A1H7IHN4
1	genome_05675351	Bradyrhizobium_sp._ORS_285	UniRef90_A0A515KPN3
8	genome_05675756	Comamonas_testosteroni	UniRef90_B7WZ81
1	genome_05681569	Delftia_acidovorans	UniRef90_A0A072TMF4
3	genome_05696657	Comamonas_testosteroni_TK102	UniRef90_A0A076PSC3
1	genome_05706568	Bradyrhizobium_sp._ORS_285	UniRef90_F8BTT7
3	genome_05736154	Achromobacter_xylosoxidans	UniRef90_Q8GQ58
4	genome_05833401	Delftia_acidovorans	UniRef90_A0A0M9IJU1
8	genome_05871600	Homo_sapiens	-
6	genome_05872617	Comamonas_testosteroni	UniRef90_A0A5D9ASU0
1	genome_05905266	Homo_sapiens	-
2	genome_05928356	Escherichia_coli	-
2	genome_06017575	Escherichia_coli	UniRef90_Q1R654
1	genome_06019279	Homo_sapiens	-
4	genome_06037896	Homo_sapiens	-
2	genome_06055508	Escherichia_coli	-
1	genome_06056878	Homo_sapiens	-
1	genome_06075078	Massilia_sp._NP310	UniRef90_K9DEG4
2	genome_06113352	Bradyrhizobium_sp._PSBB068	-
2	genome_06141713	Klebsiella_pneumoniae	-
3	genome_06141759	Delftia_acidovorans	-
1	genome_06144580	Klebsiella_pneumoniae	UniRef90_UPI00190F1BC9
1	genome_06150008	Delftia_acidovorans	UniRef90_A0A543AEA6
8	genome_06204768	Escherichia_coli	-
1	genome_06242154	Homo_sapiens	-
2	genome_06265682	Comamonas_testosteroni	-
1	genome_06309504	Homo_sapiens	-
1	genome_06314399	Homo_sapiens	-
4	genome_06324595	Brevundimonas_sp._Bb-A	UniRef90_A0A0P0CR50
2	genome_06333761	Comamonas_testosteroni	UniRef90_B7WV24
1	genome_06365987	Klebsiella_pneumoniae	-
4	genome_06392227	Bordetella_genomosp._13	UniRef90_Q8XV11
1	genome_06434315	Acidovorax_sp._T1	UniRef90_A0A1P8JY91
4	genome_06464844	Homo_sapiens	-
4	genome_06496059	Comamonas_testosteroni	-
6	genome_06517586	Homo_sapiens	-
2	genome_06549181	Homo_sapiens	-
1	genome_06555500	Comamonas_testosteroni	UniRef90_A0A096E9M7
6	genome_06605727	Klebsiella_pneumoniae	UniRef90_A0A7Z6WII3
2	genome_06613284	Homo_sapiens	UniRef90_X1RNF1
11	genome_06643169	Homo_sapiens	-
4	genome_06660983	Homo_sapiens	-
1	genome_06711591	Homo_sapiens	-
5	genome_06712165	Homo_sapiens	-
1	genome_06753806	Homo_sapiens	-
2	genome_06790840	Homo_sapiens	-
1	genome_06790876	Homo_sapiens	-
5	genome_06795960	Homo_sapiens	-
2	genome_06804001	Homo_sapiens	-
8	genome_06819882	Escherichia_coli	-
2	genome_06842428	Salmonella_enterica_subsp._enterica_serovar_Agona	UniRef90_T9CDP0
1	genome_06885637	Homo_sapiens	-
1	genome_06965299	Salmonella_enterica_subsp._enterica_serovar_Indiana	-
1	genome_07092273	Delftia_acidovorans	UniRef90_A0A072TJ87
2	genome_07113850	Klebsiella_pneumoniae	-
2	genome_07115437	Homo_sapiens	-
7	genome_07171234	Homo_sapiens	-
2	genome_07205803	Homo_sapiens	-
1	genome_07244666	Salmonella_enterica_subsp._enterica_serovar_California	-
2	genome_07314369	Escherichia_coli	-
12	genome_07314369	Salmonella_enterica	-
8	genome_07323779	Escherichia_coli	UniRef90_A7MHU8
1	genome_07387078	Homo_sapiens	-
2	genome_07387239	Homo_sapiens	-
4	genome_07455713	Homo_sapiens	-
1	genome_07460964	Homo_sapiens	-
