other_OG	read_count_sum	RPK_sum	other_eggnog_cat	other_eggnog_desc	LIBID	feature_class
1MFAQ|Others	9	16.483516483516482	S	Source PGD	MHS382	other_OG
1MJPT|Others	17	79.81220657276995	-	-	MHS382	other_OG
23S8C|Others	13	49.24242424242424	J	Belongs to the class-I aminoacyl-tRNA synthetase family	MHS382	other_OG
23WMZ|Others	7	24.822695035460995	-	-	MHS382	other_OG
2D971|Others	1	3.8314176245210727	-	-	MHS382	other_OG
2EWTI|Others	3	11.838624338624339	-	-	MHS382	other_OG
2F9WG|Others	14	56.025819418676555	S	Pfam:GVQW	MHS382	other_OG
2FC0B|Others	9	38.11903693369211	-	-	MHS382	other_OG
2FDWY|Others	3	10	-	-	MHS382	other_OG
2NBM6|Others	43	46.52888746848478	E	-	MHS382	other_OG
2RYBC|Others	15	28.409090909090907	G	Acetyltransferase (GNAT) domain	MHS382	other_OG
2S0AY|Others	4	11.594202898550726	-	-	MHS382	other_OG
2S72P|Others	29	49.828178694158076	-	-	MHS382	other_OG
2SCCX|Others	163	266.30330847198314	-	-	MHS382	other_OG
2SEYV|Others	74	197.33333333333334	-	-	MHS382	other_OG
2SQ9Y|Others	6	30.769230769230766	-	-	MHS382	other_OG
2SRBY|Others	12	36.65223665223665	-	-	MHS382	other_OG
2SSRM|Others	7	30.3030303030303	-	-	MHS382	other_OG
2SW5Y|Others	7	35.8974358974359	-	-	MHS382	other_OG
2SX4C|Others	5	18.315018315018314	-	-	MHS382	other_OG
2T20Q|Others	27	31.141868512110726	-	-	MHS382	other_OG
2XAJK|Others	35	121.2658976634132	A	bromo domain	MHS382	other_OG
2XBTD|Others	3	10.204081632653061	J	Ribosomal protein S11	MHS382	other_OG
2XEI9|Others	45	150	Z	Tubulin is the major constituent of microtubules. It binds two moles of GTP, one at an exchangeable site on the beta chain and one at a non-exchangeable site on the alpha chain	MHS382	other_OG
2XEM0|Others	16	29.629629629629626	P	One of the components of the core complex of photosystem II (PSII). It binds chlorophyll and helps catalyze the primary light-induced photochemical processes of PSII. PSII is a light- driven water plastoquinone oxidoreductase, using light energy to abstract electrons from H(2)O, generating O(2) and a proton gradient subsequently used for ATP formation	MHS382	other_OG
2XF0J|Others	87	156.01685802258868	C	Photosynthetic reaction centre protein	MHS382	other_OG
2XGBA|Others	20	66.66666666666667	J	Binds 16S rRNA, required for the assembly of 30S particles	MHS382	other_OG
34J24|Others	1	3.3333333333333335	Z	Actin	MHS382	other_OG
37HW9|Others	26	58.55855855855856	C	Pyrophosphate-energized vacuolar membrane proton	MHS382	other_OG
37I8J|Others	184	584.7124858471249	Z	Belongs to the actin family	MHS382	other_OG
37IAA|Others	8	30.65134099616858	Z	Tubulin is the major constituent of microtubules. It binds two moles of GTP, one at an exchangeable site on the beta chain and one at a non-exchangeable site on the alpha chain	MHS382	other_OG
37JG4|Others	30	84.74576271186442	Z	Tubulin is the major constituent of microtubules. It binds two moles of GTP, one at an exchangeable site on the beta chain and one at a non-exchangeable site on the alpha chain	MHS382	other_OG
37JU6|Others	4	16.666666666666668	U	Belongs to the nonaspanin (TM9SF) (TC 9.A.2) family	MHS382	other_OG
37K26|Others	2	8.333333333333334	P	Dicarboxylate transporter 1	MHS382	other_OG
37N6E|Others	61	145.23809523809524	C	Belongs to the mitochondrial carrier (TC 2.A.29) family	MHS382	other_OG
37NXT|Others	2	6.289308176100628	D	Belongs to the cullin family	MHS382	other_OG
37PTM|Others	77	337.53026068212654	U	Belongs to the small GTPase superfamily. Arf family	MHS382	other_OG
37UE8|Others	2	8.658008658008658	B	Core component of nucleosome. Nucleosomes wrap and compact DNA into chromatin, limiting DNA accessibility to the cellular machineries which require DNA as a template. Histones thereby play a central role in transcription regulation, DNA repair, DNA replication and chromosomal stability. DNA accessibility is regulated via a complex set of post-translational modifications of histones, also called histone code, and nucleosome remodeling	MHS382	other_OG
38DXZ|Others	1	3.623188405797101	U	GTPase activity	MHS382	other_OG
38E06|Others	2	7.092198581560284	Z	Tubulin is the major constituent of microtubules. It binds two moles of GTP, one at an exchangeable site on the beta chain and one at a non-exchangeable site on the alpha chain	MHS382	other_OG
38EJA|Others	1229	4291.913431308036	O	Belongs to the heat shock protein 70 family	MHS382	other_OG
38W7H|Others	2	7.017543859649123	B	Histone H2A	MHS382	other_OG
39N4Q|Others	162	107.3558648111332	IQ	Reverse transcriptase (RNA-dependent DNA polymerase)	MHS382	other_OG
39SG3|Others	15	32.25806451612903	S	Reverse transcriptase (RNA-dependent DNA polymerase)	MHS382	other_OG
39TZY|Others	50	98.01370457108162	I	queuine tRNA-ribosyltransferase activity	MHS382	other_OG
39UXP|Others	14	37.03703703703704	S	NAD-specific glutamate dehydrogenase	MHS382	other_OG
39Y50|Others	116	165.24216524216524	S	Podospora anserina S mat genomic DNA chromosome	MHS382	other_OG
3A1HI|Others	1	4.761904761904762	B	protein heterodimerization activity	MHS382	other_OG
3B94Q|Others	20	73.26007326007326	U	Golgi vesicle fusion to target membrane	MHS382	other_OG
3B9FF|Others	2	10.75268817204301	F	carbamoyl-phosphate synthase (glutamine-hydrolyzing) activity	MHS382	other_OG
3B9QZ|Others	1	3.367003367003367	TZ	homologous chromosome movement towards spindle pole involved in homologous chromosome segregation	MHS382	other_OG
3B9S0|Others	6	25.974025974025974	T	positive regulation of microtubule binding	MHS382	other_OG
3B9WN|Others	2014	1892.4444586909601	S	Reverse transcriptase (RNA-dependent DNA polymerase)	MHS382	other_OG
3BA18|Others	7	31.53153153153153	O	heat shock	MHS382	other_OG
3BA6Z|Others	1	5.376344086021505	G	glyceraldehyde-3-phosphate dehydrogenase (NAD(P)+) (phosphorylating) activity	MHS382	other_OG
3BA8R|Others	1	5.05050505050505	J	structural constituent of ribosome	MHS382	other_OG
3BACK|Others	1	4.504504504504505	K	nuclear factor of kappa light polypeptide gene enhancer in B-cells	MHS382	other_OG
3BAE9|Others	1	3.745318352059925	S	protein localization to photoreceptor outer segment	MHS382	other_OG
3BAEX|Others	3	13.698630136986301	J	translation elongation factor activity	MHS382	other_OG
3BAP7|Others	2	8.374183006535947	G	fructose-bisphosphate aldolase	MHS382	other_OG
3BAUV|Others	14	61.669043453544845	Z	structural constituent of cytoskeleton	MHS382	other_OG
3BB5F|Others	1	4.273504273504273	J	mitochondrial translation	MHS382	other_OG
3BB5I|Others	13	57.60795136771818	J	This protein promotes the GTP-dependent binding of aminoacyl-tRNA to the A-site of ribosomes during protein biosynthesis	MHS382	other_OG
3BB7W|Others	26	142.07650273224044	T	Belongs to the OSBP family	MHS382	other_OG
3BBFA|Others	1	4.62962962962963	U	Rho GDP-dissociation inhibitor binding	MHS382	other_OG
3BBG4|Others	87	302.08333333333337	K	histone acetylation	MHS382	other_OG
3BBGP|Others	69	322.7183695690131	Z	ATP binding	MHS382	other_OG
3BBHG|Others	4	20.51282051282051	S	Schwann cell proliferation	MHS382	other_OG
3BBJG|Others	1	4.329004329004329	S	rat sarcoma viral oncogene homolog	MHS382	other_OG
3BBT1|Others	3	9.25925925925926	P	large conductance calcium-activated potassium channel activity	MHS382	other_OG
3BBVA|Others	11	45.833333333333336	O	proteasome-activating ATPase activity	MHS382	other_OG
3BBWM|Others	202	279.3914246196404	K	lung ciliated cell differentiation	MHS382	other_OG
3BBY3|Others	1	5.555555555555555	O	Complement	MHS382	other_OG
3BBZN|Others	1	6.172839506172839	C	V-type proton ATPase subunit B	MHS382	other_OG
3BC0T|Others	31	103.73293621245966	U	GTP binding	MHS382	other_OG
3BC6F|Others	6	19.607843137254903	T	Ryanodine Receptor	MHS382	other_OG
3BCA0|Others	16	57.34767025089605	U	pronephric nephron development	MHS382	other_OG
3BCBU|Others	1	4.385964912280701	O	unfolded protein binding	MHS382	other_OG
3BCD9|Others	58	197.27891156462587	S	axonemal dynein complex assembly	MHS382	other_OG
3BCMY|Others	8	31.482442483999307	D	cell division	MHS382	other_OG
3BCXB|Others	3	12.048192771084338	L	RNA polymerase II regulatory region DNA binding	MHS382	other_OG
3BCY7|Others	2	10.1010101010101	S	protein ubiquitination	MHS382	other_OG
3BD4V|Others	25	102.3143761061725	H	S-adenosylhomocysteine catabolic process	MHS382	other_OG
3BDH5|Others	16	32.323232323232325	E	2-aminoadipate transaminase activity	MHS382	other_OG
3BDP5|Others	4	19.90049751243781	C	V-type proton ATPase catalytic subunit	MHS382	other_OG
3BDQF|Others	1	3.9682539682539684	Z	structural constituent of cytoskeleton	MHS382	other_OG
3BDQV|Others	3	14.285714285714286	I	acetyl-CoA C-acetyltransferase activity	MHS382	other_OG
3BDRF|Others	75	93.28358208955224	S	DNA-binding transcription factor activity, RNA polymerase II-specific	MHS382	other_OG
3BDY5|Others	25	43.85964912280702	T	regulation of hair cycle by canonical Wnt signaling pathway	MHS382	other_OG
3BE4R|Others	1	3.546099290780142	H	7,8-dihydroneopterin 3'-triphosphate biosynthetic process	MHS382	other_OG
3BE59|Others	1	3.7878787878787876	G	phosphoglycerate kinase activity	MHS382	other_OG
3BE5W|Others	9	28.30188679245283	U	Ras-related C3 botulinum toxin substrate	MHS382	other_OG
3BE8V|Others	2	8.130081300813009	S	Rap protein signal transduction	MHS382	other_OG
3BEGN|Others	1090	989.6168367892951	G	mannose metabolic process	MHS382	other_OG
3BEI0|Others	1	3.7878787878787876	K	positive regulation of transcription involved in exit from mitosis	MHS382	other_OG
3BEKQ|Others	3	11.235955056179774	K	negative regulation of RIG-I signaling pathway	MHS382	other_OG
3BEKS|Others	6	27.027027027027028	U	GTPase activity	MHS382	other_OG
3BEMT|Others	9	42.25352112676057	K	Zinc finger protein 467	MHS382	other_OG
3BESP|Others	1	3.623188405797101	U	imaginal disc-derived wing hair outgrowth	MHS382	other_OG
3BF22|Others	10	34.013605442176875	S	Rap protein signal transduction	MHS382	other_OG
3BF2Q|Others	1	5.128205128205128	P	carbonate dehydratase activity	MHS382	other_OG
3BF51|Others	1	6.0606060606060606	Y	Nuclear prelamin A recognition factor	MHS382	other_OG
3BFAG|Others	4	6.908462867012091	O	unfolded protein binding	MHS382	other_OG
3BFTN|Others	1	5.208333333333333	S	minichromosome maintenance	MHS382	other_OG
3BGCX|Others	12	48.73703146947929	C	electron transport coupled proton transport	MHS382	other_OG
3BGMC|Others	8	28.070175438596493	J	rRNA binding	MHS382	other_OG
3BGRR|Others	1	3.4013605442176873	S	protein homodimerization activity	MHS382	other_OG
3BH8J|Others	1	5.208333333333333	Z	structural constituent of cytoskeleton	MHS382	other_OG
3BHM2|Others	1	5.46448087431694	K	bone development	MHS382	other_OG
3BHR3|Others	20	36.42987249544626	S	Ribonuclease H protein	MHS382	other_OG
3BHUM|Others	6	26.666666666666664	S	Cadherins are calcium-dependent cell adhesion proteins	MHS382	other_OG
3BIB8|Others	1	4.761904761904762	T	phosphoric diester hydrolase activity	MHS382	other_OG
3BIC8|Others	2932	3954.6900700732945	S	-	MHS382	other_OG
3BJCW|Others	199	195.67354965585056	S	-	MHS382	other_OG
3BK61|Others	6	22.820091785609026	S	Reverse transcriptase (RNA-dependent DNA polymerase)	MHS382	other_OG
3BM9S|Others	2	5.208333333333333	P	ferric iron binding	MHS382	other_OG
3BPC3|Others	1	3.745318352059925	B	Histone H3.3-like	MHS382	other_OG
3BPDH|Others	23	89.02751224867059	B	nucleosomal DNA binding	MHS382	other_OG
3BPSP|Others	28	45.751633986928105	S	Protein of unknown function (DUF 659)	MHS382	other_OG
3BPTI|Others	29	50.086355785837654	O	peroxiredoxin activity	MHS382	other_OG
3BPX9|Others	2	8.130081300813009	J	ribosomal protein	MHS382	other_OG
3BPYG|Others	482	1191.3978879305407	S	proton channel activity	MHS382	other_OG
3BQBZ|Others	1	3.584229390681003	B	protein heterodimerization activity	MHS382	other_OG
3BRWS|Others	55	89.73120875583454	S	Reverse transcriptase (RNA-dependent DNA polymerase)	MHS382	other_OG
3BSEH|Others	142	134.21491737103514	S	Reverse transcriptase (RNA-dependent DNA polymerase)	MHS382	other_OG
3BTAV|Others	436	585.4166666666667	S	-	MHS382	other_OG
3BTH0|Others	1	3.8314176245210727	-	-	MHS382	other_OG
3BTMW|Others	1	3.7037037037037033	P	K+ potassium transporter	MHS382	other_OG
3BTPZ|Others	1238	1976.4310300854293	S	interleukin-8 biosynthetic process	MHS382	other_OG
3BU5T|Others	41	87.78153153153153	L	A helicase nuclease that prepares dsDNA breaks (DSB) for recombinational DNA repair. Binds to DSBs and unwinds DNA via a highly rapid and processive ATP-dependent bidirectional helicase activity. Unwinds dsDNA until it encounters a Chi (crossover hotspot instigator) sequence from the 3' direction. Cuts ssDNA a few nucleotides 3' to the Chi site. The properties and activities of the enzyme are changed at Chi. The Chi-altered holoenzyme produces a long 3'-ssDNA overhang and facilitates RecA-binding to the ssDNA for homologous DNA recombination and repair. Holoenzyme degrades any linearized DNA that is unable to undergo homologous recombination. In the holoenzyme this subunit has ssDNA-dependent ATPase and 5'-3' helicase activity. When added to pre-assembled RecBC greatly stimulates nuclease activity and augments holoenzyme processivity. Negatively regulates the RecA-loading ability of RecBCD	MHS382	other_OG
3BU9Z|Others	38	124.16718394372026	S	zinc finger	MHS382	other_OG
3BV05|Others	7	23.102310231023104	-	-	MHS382	other_OG
3BW01|Others	2	7.017543859649123	-	-	MHS382	other_OG
3BX24|Others	5	27.106631113984054	-	-	MHS382	other_OG
3BXGN|Others	16	52.805280528052805	S	Repeat of unknown function (DUF1220)	MHS382	other_OG
3BY1U|Others	152	211.99442119944212	S	Transposase	MHS382	other_OG
3BY7J|Others	63	49.881235154394304	S	ATP synthase subunit	MHS382	other_OG
3BYBY|Others	187	771.2679249280053	Z	ATP binding	MHS382	other_OG
3C0G1|Others	19	49.20382290814916	K	DNA-binding transcription factor activity, RNA polymerase II-specific	MHS382	other_OG
3C0YQ|Others	129	165.25115263285613	-	-	MHS382	other_OG
3C1ER|Others	12	24.390243902439025	S	LINE1 type transposase	MHS382	other_OG
3C2B0|Others	3	10.869565217391303	L	retrotransposable element Tf2 155 kDa protein type 1-like	MHS382	other_OG
3C3C1|Others	1	3.623188405797101	S	-	MHS382	other_OG
3C496|Others	14	19.363762102351316	-	-	MHS382	other_OG
3C4GD|Others	52	93.36901575973833	-	-	MHS382	other_OG
3C4HP|Others	27	52.02312138728323	S	Ribonuclease H protein	MHS382	other_OG
3C4TB|Others	2	7.501466767244993	-	-	MHS382	other_OG
3CA72|Others	2	8.130081300813009	-	-	MHS382	other_OG
3CCEU|Others	6	31.11718275652702	S	cyclin-dependent protein serine/threonine kinase inhibitor activity	MHS382	other_OG
3CD2H|Others	4	15.443656906676212	-	-	MHS382	other_OG
3CD2I|Others	3	14.108309990662931	-	-	MHS382	other_OG
3CDE1|Others	10	44.71037345415977	S	Pfam:GVQW	MHS382	other_OG
3CDE2|Others	1	4.830917874396135	S	Pfam:GVQW	MHS382	other_OG
3CDFD|Others	1	3.584229390681003	-	-	MHS382	other_OG
3CDPN|Others	1	4.385964912280701	-	-	MHS382	other_OG
3CE2B|Others	1	3.7037037037037033	-	-	MHS382	other_OG
3CE5X|Others	1	3.623188405797101	S	Pfam:GVQW	MHS382	other_OG
3CE8Y|Others	1	3.875968992248062	-	-	MHS382	other_OG
3CE9I|Others	4	13.745704467353953	S	Pfam:GVQW	MHS382	other_OG
3CEJU|Others	1	5.128205128205128	-	-	MHS382	other_OG
3CEQN|Others	4	15.32567049808429	-	-	MHS382	other_OG
3CER3|Others	3	11.235955056179774	-	-	MHS382	other_OG
3CESQ|Others	1	3.367003367003367	-	-	MHS382	other_OG
3CNTJ|Others	93	142.31228651061423	-	-	MHS382	other_OG
3CNWK|Others	5	14.492753623188406	A	Belongs to the DEAD box helicase family	MHS382	other_OG
3CPD5|Others	2	12.578616352201257	B	DNA-templated transcription, initiation	MHS382	other_OG
3CQ8S|Others	6	21.276595744680854	S	Reverse transcriptase (RNA-dependent DNA polymerase)	MHS382	other_OG
3G71T|Others	212	671.7696553653471	C	Pyrophosphate-energized vacuolar membrane proton	MHS382	other_OG
3G720|Others	6	19.23076923076923	G	Rhamnose biosynthetic enzyme	MHS382	other_OG
3G72H|Others	59	152.19096446561662	I	Inositol-3-phosphate synthase	MHS382	other_OG
3G74H|Others	35	69.56126999385832	Q	ABC transporter G family member	MHS382	other_OG
3G74J|Others	20	98.03921568627452	O	Belongs to the peptidase C19 family	MHS382	other_OG
3G74Z|Others	37	29.505582137161085	I	Plays an essential role in chain termination during de novo fatty acid synthesis	MHS382	other_OG
3G75V|Others	237	328.09321527495365	G	Belongs to the glycosyl hydrolase 28 family	MHS382	other_OG
3G766|Others	317	249.42576531622512	E	lysine histidine transporter	MHS382	other_OG
3G77S|Others	1	4.273504273504273	S	REF SRPP-like protein	MHS382	other_OG
3G78Q|Others	8	25.641025641025642	I	phospholipid diacylglycerol acyltransferase	MHS382	other_OG
3G78Y|Others	2	6.944444444444445	U	Ras-related protein	MHS382	other_OG
3G790|Others	1186	4274.873005687686	Z	Belongs to the actin family	MHS382	other_OG
3G7AJ|Others	2	7.092198581560284	O	glutathione s-transferase	MHS382	other_OG
3G7BP|Others	8	22.98850574712644	-	-	MHS382	other_OG
3G7CZ|Others	10	53.394355453852015	E	tryptophan synthase	MHS382	other_OG
3G7EJ|Others	14	51.28205128205128	S	ABC transporter F family member	MHS382	other_OG
3G7EM|Others	331	311.5014489283567	G	Converts alpha-aldose to the beta-anomer	MHS382	other_OG
3G7GA|Others	25	97.79868193484955	H	Belongs to the PdxS SNZ family	MHS382	other_OG
3G7GY|Others	154	353.8762364849321	TZ	Pollen-specific protein	MHS382	other_OG
3G7H8|Others	42	104.48925307554387	I	A reductase	MHS382	other_OG
3G7JT|Others	7	25.64102564102564	S	Suppressor of mec-8 and unc-52 protein homolog	MHS382	other_OG
3G7M3|Others	1	4.566210045662101	O	Belongs to the DHHC palmitoyltransferase family	MHS382	other_OG
3G7MT|Others	12	26.666666666666664	J	Belongs to the eukaryotic ribosomal protein eL15 family	MHS382	other_OG
3G7N5|Others	10	34.36426116838488	T	Inactive serine threonine-protein kinase	MHS382	other_OG
3G7NN|Others	3	8.474576271186441	U	Belongs to the small GTPase superfamily. SAR1 family	MHS382	other_OG
3G7PR|Others	2	4.357298474945534	C	Glycerol-3-phosphate dehydrogenase (NAD	MHS382	other_OG
3G7R1|Others	6	22.47191011235955	P	Belongs to the cation transport ATPase (P-type) (TC 3.A.3) family. Type IV subfamily	MHS382	other_OG
3G7U0|Others	22	67.90123456790123	T	Belongs to the protein kinase superfamily	MHS382	other_OG
3G7UH|Others	15	45.106738683127574	U	Ras-related protein	MHS382	other_OG
3G7W8|Others	7	31.53153153153153	J	formate-tetrahydrofolate	MHS382	other_OG
3G7Y8|Others	2	6.944444444444445	T	Protein ENHANCED DISEASE RESISTANCE	MHS382	other_OG
3G7Z5|Others	6	24.096385542168676	IT	Diacylglycerol kinase	MHS382	other_OG
3G7Z6|Others	55	194.5775037339347	Z	Tubulin is the major constituent of microtubules. It binds two moles of GTP, one at an exchangeable site on the beta chain and one at a non-exchangeable site on the alpha chain	MHS382	other_OG
3G80I|Others	12	48.19277108433735	O	cofactor B	MHS382	other_OG
3G81Q|Others	4	19.607843137254903	T	Belongs to the protein kinase superfamily	MHS382	other_OG
3G82J|Others	4	15.15151515151515	C	Flavoprotein (FP) subunit of succinate dehydrogenase (SDH) that is involved in complex II of the mitochondrial electron transport chain and is responsible for transferring electrons from succinate to ubiquinone (coenzyme Q)	MHS382	other_OG
3G840|Others	5	18.315018315018314	S	Belongs to the DHHC palmitoyltransferase family	MHS382	other_OG
3G84Z|Others	75	208.8358819452871	E	5-methyltetrahydropteroyltriglutamate-- homocysteine	MHS382	other_OG
3G87K|Others	172	246.06580829756797	U	Mediates both low-affinity uptake and efflux of sugar across the membrane	MHS382	other_OG
3G899|Others	5	18.939393939393938	S	Gamma carbonic anhydrase-like	MHS382	other_OG
3G89A|Others	12	42.7420968387355	G	Lysosomal beta	MHS382	other_OG
3G89I|Others	9	33.62573099415205	T	serine threonine-protein phosphatase	MHS382	other_OG
3G8AB|Others	8	30.3030303030303	C	Belongs to the peptidase M16 family	MHS382	other_OG
3G8AG|Others	138	242.76186260349226	G	triosephosphate isomerase	MHS382	other_OG
3G8B7|Others	59	51.37844611528822	I	squalene	MHS382	other_OG
3G8BC|Others	9	25.36583114065457	G	glycerol	MHS382	other_OG
3G8BJ|Others	24	85.95436324390997	E	Isocitrate dehydrogenase NAD regulatory subunit	MHS382	other_OG
3G8BM|Others	8	31.007751937984494	O	E3 ubiquitin-protein ligase	MHS382	other_OG
3G8BZ|Others	11	49.549549549549546	O	Belongs to the peptidase C1 family	MHS382	other_OG
3G8C5|Others	27	57.716801696187446	C	cytochrome c oxidase subunit 3	MHS382	other_OG
3G8CY|Others	33	121.32784958871915	T	ADP-ribosylation factor GTPase-activating protein	MHS382	other_OG
3G8DJ|Others	231	543.9262187946894	GT	UDP-glucose 6-dehydrogenase	MHS382	other_OG
3G8EJ|Others	11	44.338118022328544	O	Belongs to the ubiquitin-conjugating enzyme family	MHS382	other_OG
3G8EV|Others	1	3.5087719298245617	J	eukaryotic translation initiation factor	MHS382	other_OG
3G8EY|Others	12	23.80952380952381	DZ	Belongs to the TCTP family	MHS382	other_OG
3G8EZ|Others	37	151.38370496431955	T	serine threonine-protein kinase	MHS382	other_OG
3G8F2|Others	34	107.23163841807911	C	ATP-citrate synthase beta chain protein	MHS382	other_OG
3G8F6|Others	690	579.5014943889922	U	Belongs to the major facilitator superfamily. Sugar transporter (TC 2.A.1.1) family	MHS382	other_OG
3G8F9|Others	259	191.26691875697043	G	Belongs to the glycosyl hydrolase 17 family	MHS382	other_OG
3G8FD|Others	54	102.90151654079767	S	Pollen-specific protein	MHS382	other_OG
3G8HT|Others	19	90.10796322525198	Q	Dehydrogenase	MHS382	other_OG
3G8HU|Others	13	47.10144927536231	T	calcium-dependent protein kinase	MHS382	other_OG
3G8J1|Others	89	96.94989106753812	U	Belongs to the syntaxin family	MHS382	other_OG
3G8JE|Others	6	17.857142857142858	DKT	Plays a complex role in regulating the basal catalytic activity of the alpha subunit	MHS382	other_OG
3G8JF|Others	22	29.216467463479415	H	Pyridoxal biosynthesis protein	MHS382	other_OG
3G8JS|Others	78	64.83790523690773	Q	Alcohol dehydrogenase-like	MHS382	other_OG
3G8PY|Others	46	47.47162022703819	V	Carboxylesterase	MHS382	other_OG
3G8Q6|Others	6	9.900990099009901	Z	Belongs to the TRAFAC class myosin-kinesin ATPase superfamily. Myosin family	MHS382	other_OG
3G8QJ|Others	9	31.50747319173602	Z	Belongs to the TRAFAC class myosin-kinesin ATPase superfamily. Kinesin family	MHS382	other_OG
3G8QK|Others	104	33.88725969371131	S	Munc13 homology 1 (InterPro IPR014770), Protein of	MHS382	other_OG
3G8RY|Others	2	9.803921568627452	J	Ribonuclease UK114-like	MHS382	other_OG
3G8T7|Others	5	17.54385964912281	GM	glycosyltransferase	MHS382	other_OG
3G8UD|Others	18	58.33333333333333	S	CBS domain-containing protein	MHS382	other_OG
3G8V3|Others	4	13.745704467353953	T	Suppressor of mec-8 and unc-52 protein homolog	MHS382	other_OG
3G8WZ|Others	104	64.55617628801987	-	-	MHS382	other_OG
3G8XR|Others	4	14.336917562724013	I	phosphoethanolamine N-methyltransferase	MHS382	other_OG
3G8Z1|Others	978	808.6054340171656	G	Pectate lyase	MHS382	other_OG
3G8ZF|Others	1	3.436426116838488	T	serine threonine-protein kinase	MHS382	other_OG
3G90Y|Others	4	20.2020202020202	O	Belongs to the peptidase C1 family	MHS382	other_OG
3G925|Others	20	69.93686255463817	Z	Tubulin is the major constituent of microtubules. It binds two moles of GTP, one at an exchangeable site on the beta chain and one at a non-exchangeable site on the alpha chain	MHS382	other_OG
3G93G|Others	5	17.73049645390071	C	Malate dehydrogenase	MHS382	other_OG
3G95S|Others	33	95.65217391304348	Z	Caps the barbed end of actin filaments and is able to sever them in a calcium-dependent manner	MHS382	other_OG
3G96V|Others	7	24.305555555555557	I	The pyruvate dehydrogenase complex catalyzes the overall conversion of pyruvate to acetyl-CoA and CO(2)	MHS382	other_OG
3G986|Others	1	4.11522633744856	P	plasma membrane ATPase	MHS382	other_OG
3G98C|Others	6	20.61855670103093	C	malic enzyme	MHS382	other_OG
3G98Q|Others	28	79.99980274966961	O	Belongs to the 14-3-3 family	MHS382	other_OG
3G99P|Others	24	59.70149253731343	I	squalene	MHS382	other_OG
3G9BD|Others	3	10.101010101010102	G	eno2,los2	MHS382	other_OG
3G9BM|Others	1675	1078.086900519535	G	Acts in the modification of cell walls via demethylesterification of cell wall pectin	MHS382	other_OG
3G9BN|Others	6	23.80952380952381	Z	Belongs to the TRAFAC class myosin-kinesin ATPase superfamily. Kinesin family	MHS382	other_OG
3G9CB|Others	16	52.287581699346404	T	protein phosphatase 2C 35	MHS382	other_OG
3G9CH|Others	75	185.39691865778823	G	Transketolase	MHS382	other_OG
3G9CS|Others	37	78.37815609836335	TZ	Pollen-specific protein	MHS382	other_OG
3G9E0|Others	20	62.30529595015576	G	UDP-arabinose 4-epimerase	MHS382	other_OG
3G9F1|Others	65	36.910846110164684	OT	Phosphatidylinositol 4-kinase gamma	MHS382	other_OG
3G9F8|Others	25	44.09171075837743	K	chromatin-remodeling complex ATPase	MHS382	other_OG
3G9G2|Others	6	21.978021978021978	E	Aspartate aminotransferase	MHS382	other_OG
3G9G7|Others	5	20.982626462078517	T	ADP-ribosylation factor GTPase-activating protein	MHS382	other_OG
3G9I0|Others	3	9.615384615384615	S	Belongs to the small GTPase superfamily. Rho family	MHS382	other_OG
3G9J3|Others	59	45.84304584304584	I	Ethanolamine-phosphate cytidylyltransferase-like	MHS382	other_OG
3G9K9|Others	56	45.86404586404586	I	phosphatase	MHS382	other_OG
3G9KC|Others	4	15.873015873015873	G	beta-galactosidase	MHS382	other_OG
3G9KH|Others	18	20.408163265306122	S	FR47-like protein	MHS382	other_OG
3G9MA|Others	10	21.99638663053297	A	Belongs to the DEAD box helicase family	MHS382	other_OG
3G9ND|Others	10	49.75124378109452	I	phospholipase d	MHS382	other_OG
3G9PV|Others	8	21.85792349726776	O	Long chain base biosynthesis protein	MHS382	other_OG
3G9QA|Others	56	40.316774658027356	S	Digalactosyldiacylglycerol synthase 2	MHS382	other_OG
3G9RJ|Others	57	47.38154613466334	S	Glycosyl transferase family 17 protein	MHS382	other_OG
3G9SE|Others	36	96.7741935483871	G	Belongs to the glycosyltransferase 8 family	MHS382	other_OG
3G9TA|Others	2	10.92896174863388	I	4-coumarate-coa ligase	MHS382	other_OG
3G9TY|Others	1	3.7878787878787876	Q	Belongs to the multicopper oxidase family	MHS382	other_OG
3G9UA|Others	164	84.4925296239052	T	LRR receptor-like serine threonine-protein kinase	MHS382	other_OG
3G9UM|Others	35	28.806584362139915	S	BEST Arabidopsis thaliana protein match is Protein of	MHS382	other_OG
3G9XA|Others	17	76.47907647907648	U	Ras-related protein	MHS382	other_OG
3G9XR|Others	43	36.564625850340136	S	Protein BYPASS1-related	MHS382	other_OG
3G9Z8|Others	1	3.7037037037037033	U	SPX and EXS domain-containing protein	MHS382	other_OG
3GA1K|Others	2	7.575757575757575	S	LMBR1 domain-containing protein 2 homolog	MHS382	other_OG
3GA2A|Others	76	56.80119581464873	T	belongs to the protein kinase superfamily	MHS382	other_OG
3GA33|Others	18	96.7741935483871	J	60S ribosomal Protein	MHS382	other_OG
3GA34|Others	6	23.25581395348837	I	3-ketoacyl-coa synthase	MHS382	other_OG
3GA4F|Others	30	29.35687625610106	E	Belongs to the D-isomer specific 2-hydroxyacid dehydrogenase family	MHS382	other_OG
3GA5G|Others	71	303.60912159786534	G	Belongs to the phosphoglycerate kinase family	MHS382	other_OG
3GA5R|Others	91	98.48484848484848	I	Desaturase	MHS382	other_OG
3GA7N|Others	7	25.64102564102564	IT	Diacylglycerol kinase	MHS382	other_OG
3GA7Y|Others	4	18.264840182648403	G	Purple acid phosphatase	MHS382	other_OG
3GA8C|Others	9	31.168585894387714	O	Calreticulin	MHS382	other_OG
3GA9N|Others	10	45.662100456621005	C	phosphoenolpyruvate carboxylase	MHS382	other_OG
3GAA8|Others	8	26.666666666666668	A	E3 ubiquitin ligase SUD1	MHS382	other_OG
3GAAC|Others	26	31.980319803198036	S	Protein of unknown function (DUF1223)	MHS382	other_OG
3GAB1|Others	19	50.48285048285048	G	UTP-glucose-1-phosphate uridylyltransferase	MHS382	other_OG
3GAB2|Others	22	46.880834731732115	J	This protein promotes the GTP-dependent binding of aminoacyl-tRNA to the A-site of ribosomes during protein biosynthesis	MHS382	other_OG
3GADF|Others	9	31.992337164750957	GM	udp-glucuronic acid decarboxylase	MHS382	other_OG
3GADY|Others	26	38.69047619047619	E	Belongs to the peroxidase family	MHS382	other_OG
3GAEC|Others	7	22.0125786163522	U	Involved in the retrieval of endoplasmic reticulum membrane proteins from the early Golgi compartment	MHS382	other_OG
3GAEJ|Others	7	24.56140350877193	U	Belongs to the small GTPase superfamily. Arf family	MHS382	other_OG
3GAF7|Others	10	39.288668320926384	T	calcium-dependent protein kinase	MHS382	other_OG
3GAFQ|Others	8	28.98550724637681	A	Splicing factor 3B subunit	MHS382	other_OG
3GAGP|Others	16	22.50351617440225	G	pectinesterase pectinesterase inhibitor	MHS382	other_OG
3GAGW|Others	5	24.154589371980677	U	importin subunit	MHS382	other_OG
3GAGX|Others	133	478.0852266530087	G	Belongs to the glyceraldehyde-3-phosphate dehydrogenase family	MHS382	other_OG
3GAJG|Others	38	67.0194003527337	S	Phosphatidylcholine diacylglycerol cholinephosphotransferase	MHS382	other_OG
3GAJS|Others	4	13.60544217687075	T	Non-specific serine threonine protein kinase	MHS382	other_OG
3GAN4|Others	101	56.7734682405846	I	phosphatidylinositol phosphatidylcholine transfer protein	MHS382	other_OG
3GAPU|Others	1	4.504504504504505	H	nicotinate	MHS382	other_OG
3GAQN|Others	49	154.22518392271152	O	Belongs to the heat shock protein 70 family	MHS382	other_OG
3GAQU|Others	5	9.208103130755063	T	serine threonine-protein kinase	MHS382	other_OG
3GAQX|Others	128	129.12289768543133	S	Protein of unknown function (DUF620)	MHS382	other_OG
3GAR5|Others	2	10.775862068965518	I	This enzyme condenses acetyl-CoA with acetoacetyl-CoA to form HMG-CoA, which is the substrate for HMG-CoA reductase	MHS382	other_OG
3GAR8|Others	1	3.8314176245210727	U	Ras-related protein	MHS382	other_OG
3GARW|Others	7	16.548463356973997	M	UDP-glucuronate 4-epimerase	MHS382	other_OG
3GAS6|Others	176	93.21277981802433	P	This magnesium-dependent enzyme catalyzes the hydrolysis of ATP coupled with the transport of calcium	MHS382	other_OG
3GASB|Others	1	3.9215686274509802	E	aminotransferase	MHS382	other_OG
3GATR|Others	15	40	O	DnaJ protein homolog	MHS382	other_OG
3GATU|Others	145	75.1684810782789	P	sulfate transporter	MHS382	other_OG
3GAU1|Others	15	35.714285714285715	IM	Glycosyl transferase family 21	MHS382	other_OG
3GAVS|Others	77	49.549549549549546	P	Dicarboxylate transporter	MHS382	other_OG
3GAX4|Others	198	438.1895762430353	S	Alpha-1,4-glucan-protein synthase (UDP-forming)	MHS382	other_OG
3GAY4|Others	66	78.57142857142857	P	Reversible hydration of carbon dioxide	MHS382	other_OG
3GAZ0|Others	123	99.82984686217596	T	Receptor-like cytosolic serine threonine-protein kinase RBK1	MHS382	other_OG
3GB05|Others	7	30.70175438596491	O	Endoplasmin homolog	MHS382	other_OG
3GB1H|Others	105	294.3076767466657	C	Belongs to the mitochondrial carrier (TC 2.A.29) family	MHS382	other_OG
3GB2W|Others	71	65.19742883379247	C	Apoptosis-inducing factor	MHS382	other_OG
3GB3V|Others	25	48.732943469785575	S	At3g49720-like	MHS382	other_OG
3GB41|Others	16	63.23529411764706	S	signal peptide peptidase-like	MHS382	other_OG
3GB4P|Others	63	142.55707762557077	E	decarboxylase	MHS382	other_OG
3GB5E|Others	1	5.208333333333333	G	Belongs to the glycosyltransferase 2 family. Plant cellulose synthase subfamily	MHS382	other_OG
3GB5V|Others	7	44.0251572327044	G	Enolase 1	MHS382	other_OG
3GB7K|Others	7	19.920124683421	T	calcium-dependent protein kinase	MHS382	other_OG
3GB7V|Others	12	39.603960396039604	S	Transglycosylase SLT domain	MHS382	other_OG
3GB8M|Others	41	113.78160600166714	U	Signal recognition particle receptor	MHS382	other_OG
3GB8W|Others	6	26.666666666666664	T	serine threonine-protein kinase	MHS382	other_OG
3GB8X|Others	65	52.20883534136546	I	omega-3 fatty acid desaturase	MHS382	other_OG
3GB9Z|Others	1	3.546099290780142	P	Belongs to the cation transport ATPase (P-type) (TC 3.A.3) family. Type IV subfamily	MHS382	other_OG
3GBAN|Others	2	7.246376811594202	F	Belongs to the GDA1 CD39 NTPase family	MHS382	other_OG
3GBAQ|Others	4	14.814814814814813	Z	Microtubule-associated protein RP EB family member	MHS382	other_OG
3GBC8|Others	22	89.72431077694236	U	Belongs to the nonaspanin (TM9SF) (TC 9.A.2) family	MHS382	other_OG
3GBCN|Others	1	4.065040650406504	A	polyadenylate-binding protein	MHS382	other_OG
3GBCY|Others	4	10.582010582010582	EG	Transporter	MHS382	other_OG
3GBFB|Others	19	66.34225466342255	A	heterogeneous nuclear ribonucleoprotein	MHS382	other_OG
3GBG2|Others	10	32.05128205128205	T	Belongs to the protein kinase superfamily. Tyr protein kinase family	MHS382	other_OG
3GBIA|Others	6	21.739130434782606	O	Dolichyl-diphosphooligosaccharide--protein glycosyltransferase subunit	MHS382	other_OG
3GBKW|Others	28	31.963470319634702	A	RING FYVE PHD zinc finger superfamily protein	MHS382	other_OG
3GBMI|Others	37	29.01960784313726	-	-	MHS382	other_OG
3GBN7|Others	1	3.546099290780142	O	finger protein	MHS382	other_OG
3GBNF|Others	76	76.08923884514437	O	E3 ubiquitin-protein ligase	MHS382	other_OG
3GBQI|Others	21	29.661016949152543	S	ABC1 protein At2g40090	MHS382	other_OG
3GBR3|Others	18	84.65608465608466	T	Non-specific serine threonine protein kinase	MHS382	other_OG
3GBR5|Others	76	196.51660551413946	E	Interconversion of serine and glycine	MHS382	other_OG
3GBRJ|Others	12	43.01075268817204	U	GTP-binding protein involved in nucleocytoplasmic transport. Required for the import of protein into the nucleus and also for RNA export. Involved in chromatin condensation and control of cell cycle	MHS382	other_OG
3GBTX|Others	67	246.47322588723358	Z	Tubulin is the major constituent of microtubules. It binds two moles of GTP, one at an exchangeable site on the beta chain and one at a non-exchangeable site on the alpha chain	MHS382	other_OG
3GBV7|Others	446	408.4249084249084	G	pectinesterase	MHS382	other_OG
3GBVV|Others	6	20.408163265306122	Q	alcohol dehydrogenase	MHS382	other_OG
3GBW4|Others	13	45.3514739229025	T	belongs to the protein kinase superfamily	MHS382	other_OG
3GBX4|Others	35	89.30723377389445	GM	GDP-mannose 3,5-epimerase	MHS382	other_OG
3GBX6|Others	75	88.02816901408451	Q	Polyamine oxidase	MHS382	other_OG
3GBY1|Others	2	7.326007326007326	DT	serine threonine-protein phosphatase	MHS382	other_OG
3GBZB|Others	61	46.107331821617535	T	Non-specific serine threonine protein kinase	MHS382	other_OG
3GC02|Others	6	27.027027027027028	O	Belongs to the ubiquitin-conjugating enzyme family	MHS382	other_OG
3GC0D|Others	499	323.06940922325543	U	Belongs to the major facilitator superfamily. Sugar transporter (TC 2.A.1.1) family	MHS382	other_OG
3GC19|Others	14	36.74540682414698	O	Belongs to the 14-3-3 family	MHS382	other_OG
3GC22|Others	8	41.02564102564102	E	Auxin transporter-like protein	MHS382	other_OG
3GC2A|Others	3	11.235955056179774	C	Phosphoenolpyruvate carboxykinase (ATP)	MHS382	other_OG
3GC2V|Others	11	37.03703703703704	AJ	Binds the poly(A) tail of mRNA	MHS382	other_OG
3GC2Y|Others	27	58.064516129032256	O	protein disulfide isomerase-like	MHS382	other_OG
3GC36|Others	8	26.936026936026938	O	Belongs to the heat shock protein 70 family	MHS382	other_OG
3GC3A|Others	4	14.184397163120568	A	kDa ribonucleoprotein	MHS382	other_OG
3GC40|Others	3	11.76470588235294	T	serine threonine-protein kinase	MHS382	other_OG
3GC42|Others	6	22.988505747126435	L	Component of the replication protein A complex (RPA) required for DNA recombination, repair and replication. The activity of RPA is mediated by single-stranded DNA binding and protein interactions. Probably involved in repair of double-strand DNA breaks (DSBs) induced by genotoxic stresses	MHS382	other_OG
3GC44|Others	17	108.64020404909932	K	WRKY Transcription Factor	MHS382	other_OG
3GC4T|Others	80	64.56820016142049	S	Belongs to the TUB family	MHS382	other_OG
3GC51|Others	39	98.56630824372759	S	Monodehydroascorbate reductase	MHS382	other_OG
3GC68|Others	392	320.64067512174756	G	Belongs to the glycosyl hydrolase 28 family	MHS382	other_OG
3GC88|Others	3	10.309278350515465	J	Belongs to the class-I aminoacyl-tRNA synthetase family	MHS382	other_OG
3GC8M|Others	7	24.054982817869416	G	Belongs to the glycosyl hydrolase 32 family	MHS382	other_OG
3GC9G|Others	2	9.25925925925926	T	belongs to the protein kinase superfamily	MHS382	other_OG
3GC9V|Others	6	20.408163265306122	O	Belongs to the ubiquitin-activating E1 family	MHS382	other_OG
3GC9W|Others	6	33.898305084745765	T	strubbelig-receptor family	MHS382	other_OG
3GCE8|Others	9	34.61934156378601	C	Belongs to the isocitrate and isopropylmalate dehydrogenases family	MHS382	other_OG
3GCGN|Others	32	75.11737089201878	F	Belongs to the adenylate kinase family	MHS382	other_OG
3GCJM|Others	5	20.84687026207494	C	pyrophosphate-energized membrane proton pump	MHS382	other_OG
3GCJS|Others	39	37.14285714285714	EG	Sugar phosphate phosphate translocator	MHS382	other_OG
3GCKQ|Others	54	211.76470588235293	P	ATPase 10, plasma	MHS382	other_OG
3GCNU|Others	687	463.7976004173187	U	Belongs to the major facilitator superfamily. Sugar transporter (TC 2.A.1.1) family	MHS382	other_OG
3GCR3|Others	3	13.88888888888889	C	Belongs to the oxygen-dependent FAD-linked oxidoreductase family	MHS382	other_OG
3GCSG|Others	10	26.246719160104988	C	ATP synthesis coupled electron transport	MHS382	other_OG
3GCSZ|Others	22	29.56989247311828	-	-	MHS382	other_OG
3GCTJ|Others	17	78.70370370370371	T	calmodulin-like protein	MHS382	other_OG
3GCV6|Others	12	48.16901408450704	J	Belongs to the universal ribosomal protein uS11 family	MHS382	other_OG
3GCVT|Others	2	9.523809523809524	UY	Importin-5-like	MHS382	other_OG
3GCW5|Others	61	71.27135520385704	I	Sphingolipid delta(4)-desaturase DES1-like	MHS382	other_OG
3GCX0|Others	120	50.18797187691477	C	glycerophosphoryl diester phosphodiesterase	MHS382	other_OG
3GCXU|Others	92	83.7887067395264	Q	Belongs to the iron ascorbate-dependent oxidoreductase family	MHS382	other_OG
3GCYA|Others	256	153.20167564332735	G	pectinesterase	MHS382	other_OG
3GCZE|Others	17	50.845105443022604	C	ATP-citrate synthase alpha chain protein	MHS382	other_OG
3GD0M|Others	10	36.84210526315789	O	Belongs to the AAA ATPase family	MHS382	other_OG
3GD2X|Others	173	85.68598315998018	S	cobra-like protein	MHS382	other_OG
3GD3Q|Others	42	75.26881720430107	S	Protein of unknown function (DUF789)	MHS382	other_OG
3GD58|Others	9	39.473684210526315	U	The coatomer is a cytosolic protein complex that binds to dilysine motifs and reversibly associates with Golgi non- clathrin-coated vesicles, which further mediate biosynthetic protein transport from the ER, via the Golgi up to the trans Golgi network	MHS382	other_OG
3GD5G|Others	1	3.875968992248062	Q	UDP-glucose 4-epimerase	MHS382	other_OG
3GD7P|Others	2	8.88888888888889	O	Belongs to the ClpA ClpB family	MHS382	other_OG
3GD9G|Others	37	85.64814814814815	S	Minor allergen Alt a	MHS382	other_OG
3GD9N|Others	27	48.1283422459893	S	Abscisic acid receptor	MHS382	other_OG
3GDA1|Others	4	14.814814814814813	T	Neutral ceramidase-like	MHS382	other_OG
3GDBQ|Others	74	78.5819467954805	T	CBL-interacting protein kinase	MHS382	other_OG
3GDC3|Others	40	46.78362573099415	C	RuBisCO catalyzes two reactions the carboxylation of D- ribulose 1,5-bisphosphate, the primary event in carbon dioxide fixation, as well as the oxidative fragmentation of the pentose substrate in the photorespiration process. Both reactions occur simultaneously and in competition at the same active site	MHS382	other_OG
3GDC7|Others	21	17.72151898734177	S	Soul heme-binding family protein	MHS382	other_OG
3GDC8|Others	15	14.044943820224718	G	UDP-galactose UDP-glucose transporter	MHS382	other_OG
3GDDS|Others	70	98.87005649717514	I	Belongs to the sterol desaturase family	MHS382	other_OG
3GDDU|Others	64	93.42325083926649	G	fructose-bisphosphate aldolase	MHS382	other_OG
3GDEF|Others	93	68.58407079646017	S	GDP-L-galactose phosphorylase	MHS382	other_OG
3GDG6|Others	14	42.04204204204204	M	callose synthase	MHS382	other_OG
3GDH0|Others	2	9.00900900900901	P	Belongs to the cation transport ATPase (P-type) (TC 3.A.3) family	MHS382	other_OG
3GDNR|Others	4	13.333333333333334	T	Protein kinase superfamily	MHS382	other_OG
3GDPW|Others	27	25.71428571428571	T	belongs to the protein kinase superfamily	MHS382	other_OG
3GDPY|Others	106	133.9162586579833	-	-	MHS382	other_OG
3GDR2|Others	2	7.662835249042145	O	guanosine nucleotide diphosphate dissociation inhibitor	MHS382	other_OG
3GDSP|Others	8	25.157232704402514	O	Ubiquitin carboxyl-terminal hydrolase	MHS382	other_OG
3GDSR|Others	104	122.76019346916273	S	plant-type cell wall organization	MHS382	other_OG
3GDVZ|Others	5	18.51851851851852	BK	Belongs to the class V-like SAM-binding methyltransferase superfamily. Histone-lysine methyltransferase family. TRX MLL subfamily	MHS382	other_OG
3GDWN|Others	55	47.25085910652921	S	expressed protein	MHS382	other_OG
3GDY0|Others	5	11.82033096926714	S	Condensin-2 complex subunit	MHS382	other_OG
3GDYC|Others	48	119.69410280668559	G	Belongs to the phosphohexose mutase family	MHS382	other_OG
3GDYI|Others	4	19.047619047619047	K	Two-component response regulator-like	MHS382	other_OG
3GE08|Others	34	69.52965235173825	I	ABC transporter A family member	MHS382	other_OG
3GE15|Others	29	69.32986420557248	H	Catalyzes the formation of S-adenosylmethionine from methionine and ATP	MHS382	other_OG
3GE2Y|Others	3	16.39344262295082	A	ATP-dependent RNA helicase	MHS382	other_OG
3GE4E|Others	8	31.372549019607842	M	Glucomannan 4-beta-mannosyltransferase	MHS382	other_OG
3GE5K|Others	6	11.904761904761905	O	Belongs to the glutathione peroxidase family	MHS382	other_OG
3GE6J|Others	147	419.5432861171615	J	Elongation factor	MHS382	other_OG
3GE6Z|Others	78	33.50515463917526	O	subtilisin-like protease	MHS382	other_OG
3GE9H|Others	24	54.054054054054056	M	Monogalactosyldiacylglycerol synthase	MHS382	other_OG
3GE9N|Others	7	30.70175438596491	F	Provides the precursors necessary for DNA synthesis. Catalyzes the biosynthesis of deoxyribonucleotides from the corresponding ribonucleotides	MHS382	other_OG
3GEBN|Others	24	78.43137254901961	I	omega-3 fatty acid desaturase	MHS382	other_OG
3GEEJ|Others	17	32.18919742138763	C	Cytochrome c oxidase is the component of the respiratory chain that catalyzes the reduction of oxygen to water. Subunits 1- 3 form the functional core of the enzyme complex. CO I is the catalytic subunit of the enzyme. Electrons originating in cytochrome c are transferred via the copper A center of subunit 2 and heme A of subunit 1 to the bimetallic center formed by heme A3 and copper B	MHS382	other_OG
3GEEX|Others	3	10.204081632653061	G	Belongs to the pyruvate kinase family	MHS382	other_OG
3GEF0|Others	14	24.56140350877193	C	Mitochondrial membrane ATP synthase (F(1)F(0) ATP synthase or Complex V) produces ATP from ADP in the presence of a proton gradient across the membrane which is generated by electron transport complexes of the respiratory chain. F-type ATPases consist of two structural domains, F(1) - containing the extramembraneous catalytic core and F(0) - containing the membrane proton channel, linked together by a central stalk and a peripheral stalk. During catalysis, ATP synthesis in the catalytic domain of F(1) is coupled via a rotary mechanism of the central stalk subunits to proton translocation. Key component of the proton channel	MHS382	other_OG
3GEGN|Others	1	3.7878787878787876	O	Belongs to the ClpA ClpB family	MHS382	other_OG
3GEI5|Others	4	17.77777777777778	E	The glycine cleavage system catalyzes the degradation of glycine	MHS382	other_OG
3GEI8|Others	8	41.02564102564102	C	The pyruvate dehydrogenase complex catalyzes the overall conversion of pyruvate to acetyl-CoA and CO(2)	MHS382	other_OG
3GEJC|Others	7	18.08785529715762	D	kinase activator-like	MHS382	other_OG
3GEJG|Others	10	36.274509803921575	I	Monoglyceride	MHS382	other_OG
3GEJM|Others	9	27.027027027027025	E	asparagine synthetase	MHS382	other_OG
3GEKS|Others	1	3.5087719298245617	T	Guanine nucleotide exchange factor	MHS382	other_OG
3GEMP|Others	10	33.47578347578347	S	Auxilin-related protein	MHS382	other_OG
3GENT|Others	228	110.30478955007256	S	metal-nicotianamine transporter	MHS382	other_OG
3GEPF|Others	30	34.24657534246575	S	Haloacid dehalogenase-like hydrolase domain-containing protein Sgpp	MHS382	other_OG
3GEQX|Others	13	26.95453346231642	IQ	Belongs to the beta-ketoacyl-ACP synthases family	MHS382	other_OG
3GER2|Others	14	17.15686274509804	S	PLAC8 family	MHS382	other_OG
3GERK|Others	3	10.869565217391303	P	Inorganic phosphate transporter	MHS382	other_OG
3GESQ|Others	1	4.385964912280701	I	1-acyl-sn-glycerol-3-phosphate acyltransferase	MHS382	other_OG
3GESX|Others	13	55.55555555555555	T	Belongs to the protein kinase superfamily	MHS382	other_OG
3GEU0|Others	177	659.3011398326258	Z	Tubulin is the major constituent of microtubules. It binds two moles of GTP, one at an exchangeable site on the beta chain and one at a non-exchangeable site on the alpha chain	MHS382	other_OG
3GEVR|Others	22	83.29547175526275	AJ	Catalyzes the isomerization of citrate to isocitrate via cis-aconitate	MHS382	other_OG
3GEW0|Others	662	262.99942599379006	G	beta-galactosidase	MHS382	other_OG
3GEXE|Others	1	3.623188405797101	J	Seems to be required for maximal rate of protein biosynthesis. Enhances ribosome dissociation into subunits and stabilizes the binding of the initiator Met-tRNA(I) to 40 S ribosomal subunits	MHS382	other_OG
3GEXW|Others	16	31.558185404339252	EO	5'-adenylylsulfate reductase	MHS382	other_OG
3GEYD|Others	207	427.9667122044383	C	Photosystem II (PSII) is a light-driven water plastoquinone oxidoreductase that uses light energy to abstract electrons from H(2)O, generating O(2) and a proton gradient subsequently used for ATP formation. It consists of a core antenna complex that captures photons, and an electron transfer chain that converts photonic excitation into a charge separation. The D1 D2 (PsbA PsbA) reaction center heterodimer binds P680, the primary electron donor of PSII as well as several subsequent electron acceptors	MHS382	other_OG
3GEYH|Others	10	36.16529945311458	U	Ras-related protein	MHS382	other_OG
3GF0X|Others	6	21.05263157894737	O	assists the folding of proteins upon ATP hydrolysis	MHS382	other_OG
3GF10|Others	5	21.09704641350211	J	Belongs to the universal ribosomal protein uL13 family	MHS382	other_OG
3GF13|Others	7	42.47760271856657	G	adenosine kinase	MHS382	other_OG
3GF4E|Others	5	18.235294117647058	C	Component of the ubiquinol-cytochrome c reductase complex (complex III or cytochrome b-c1 complex) that is part of the mitochondrial respiratory chain. The b-c1 complex mediates electron transfer from ubiquinol to cytochrome c. Contributes to the generation of a proton gradient across the mitochondrial membrane that is then used for ATP synthesis	MHS382	other_OG
3GF4V|Others	2	7.326007326007326	K	transcription factor	MHS382	other_OG
3GF51|Others	1	4.273504273504273	T	calcium-dependent protein kinase	MHS382	other_OG
3GF5E|Others	9	15.706806282722514	S	Protein of unknown function (DUF1195)	MHS382	other_OG
3GF68|Others	10	40.18316045229418	C	Photosystem II (PSII) is a light-driven water plastoquinone oxidoreductase that uses light energy to abstract electrons from H(2)O, generating O(2) and a proton gradient subsequently used for ATP formation. It consists of a core antenna complex that captures photons, and an electron transfer chain that converts photonic excitation into a charge separation. The D1 D2 (PsbA PsbA) reaction center heterodimer binds P680, the primary electron donor of PSII as well as several subsequent electron acceptors. D2 is needed for assembly of a stable PSII complex	MHS382	other_OG
3GF7N|Others	8	16.06425702811245	OT	COP9 signalosome complex subunit	MHS382	other_OG
3GF9D|Others	4	22.598870056497177	S	Defective in exine formation	MHS382	other_OG
3GF9T|Others	12	21.978021978021978	S	JOSEPHIN-like protein	MHS382	other_OG
3GFAE|Others	66	49.21700223713647	O	guanosine nucleotide diphosphate dissociation inhibitor	MHS382	other_OG
3GFAR|Others	90	34.762456546929315	T	RECEPTOR-like protein kinase	MHS382	other_OG
3GFC0|Others	5	10.75268817204301	T	1-phosphatidylinositol-3-phosphate 5-kinase	MHS382	other_OG
3GFCE|Others	8	31.22684450089976	C	Isovaleryl-CoA dehydrogenase	MHS382	other_OG
3GFCM|Others	13	52.208835341365464	M	Glutamine--fructose-6-phosphate aminotransferase isomerizing	MHS382	other_OG
3GFD1|Others	82	63.0820283674458	E	Belongs to the Orn Lys Arg decarboxylase class-II family. SpeA subfamily	MHS382	other_OG
3GFDT|Others	122	73.27327327327328	T	Phosphatidylinositol 4-kinase gamma	MHS382	other_OG
3GFEP|Others	2	11.299435028248588	H	Catalyzes the reversible reaction in which hydroxymethyl group from 5,10-methylenetetrahydrofolate is transferred onto alpha-ketoisovalerate to form ketopantoate	MHS382	other_OG
3GFFE|Others	182	410.7285525679901	G	Belongs to the carbohydrate kinase PfkB family	MHS382	other_OG
3GFH5|Others	29	131.67143314202139	U	Belongs to the small GTPase superfamily. Arf family	MHS382	other_OG
3GFH8|Others	36	113.20754716981132	C	V-type proton ATPase catalytic subunit	MHS382	other_OG
3GFHQ|Others	1	3.8314176245210727	I	Belongs to the OSBP family	MHS382	other_OG
3GFI1|Others	106	82.10650246408068	E	cationic amino acid transporter	MHS382	other_OG
3GFIT|Others	23	42.83054003724394	S	F-box protein	MHS382	other_OG
3GFKJ|Others	9	18.9873417721519	T	serine threonine-protein phosphatase	MHS382	other_OG
3GFKS|Others	7	29.91452991452991	K	Nuclear export mediator factor	MHS382	other_OG
3GFNJ|Others	102	268.7400318979266	P	plasma membrane ATPase	MHS382	other_OG
3GFNZ|Others	16	29.9625468164794	Z	Belongs to the actin family	MHS382	other_OG
3GFPA|Others	5	18.115942028985504	J	Phenylalanine--tRNA ligase alpha subunit	MHS382	other_OG
3GFQP|Others	19	18.793273986152325	K	Transcriptional activator that specifically binds 5'- GATA-3' or 5'-GAT-3' motifs within gene promoters	MHS382	other_OG
3GFS9|Others	85	102.65700483091788	G	Belongs to the carbohydrate kinase PfkB family	MHS382	other_OG
3GFTI|Others	2	7.4074074074074066	O	E3 ubiquitin-protein ligase that mediates ubiquitination and subsequent proteasomal degradation of target proteins. E3 ubiquitin ligases accept ubiquitin from an E2 ubiquitin- conjugating enzyme in the form of a thioester and then directly transfers the ubiquitin to targeted substrates	MHS382	other_OG
3GFUT|Others	3	11.363636363636363	-	-	MHS382	other_OG
3GFUU|Others	581	359.3073593073593	C	Belongs to the oxygen-dependent FAD-linked oxidoreductase family	MHS382	other_OG
3GFYH|Others	5	26.041666666666668	C	Belongs to the mitochondrial carrier (TC 2.A.29) family	MHS382	other_OG
3GG0A|Others	12	37.735849056603776	I	Long chain acyl-CoA synthetase	MHS382	other_OG
3GG15|Others	9	26.54867256637168	A	U5 small nuclear ribonucleoprotein 200 kDa	MHS382	other_OG
3GG16|Others	142	115.41908400547143	G	pectinesterase	MHS382	other_OG
3GG2J|Others	1047	1798.9003988193272	P	plasma membrane ATPase	MHS382	other_OG
3GG2Q|Others	64	226.8769843584637	E	glutamine synthetase	MHS382	other_OG
3GG44|Others	2	4.504504504504505	O	Belongs to the ubiquitin-conjugating enzyme family	MHS382	other_OG
3GG46|Others	344	193.0415263748597	S	Galactose oxidase-like	MHS382	other_OG
3GG4R|Others	926	710.366266290981	G	Belongs to the glycosyl hydrolase 32 family	MHS382	other_OG
3GG6I|Others	11	48.888888888888886	S	mizu-kussei	MHS382	other_OG
3GG6T|Others	51	168.29352717203182	C	phosphoenolpyruvate carboxylase	MHS382	other_OG
3GG7X|Others	1673	1515.7637042782362	Q	L-ascorbate oxidase homolog	MHS382	other_OG
3GG8W|Others	8	34.63203463203463	S	WAT1-related protein	MHS382	other_OG
3GGAN|Others	101	64.74358974358974	G	Sucrose transport	MHS382	other_OG
3GGAX|Others	24	43.341213553979514	C	Cytochrome c oxidase is the component of the respiratory chain that catalyzes the reduction of oxygen to water. Subunits 1- 3 form the functional core of the enzyme complex. Subunit 2 transfers the electrons from cytochrome c via its binuclear copper A center to the bimetallic center of the catalytic subunit 1	MHS382	other_OG
3GGCC|Others	9	21.42857142857143	OU	DnaJ homolog subfamily C	MHS382	other_OG
3GGCM|Others	191	624.4970135235068	H	adenosylhomocysteinase	MHS382	other_OG
3GGDV|Others	19	78.14992025518342	G	Pyruvate kinase	MHS382	other_OG
3GGE4|Others	3	10.526315789473685	G	At1g04910-like	MHS382	other_OG
3GGGA|Others	17	29.059829059829063	U	Clathrin is the major protein of the polyhedral coat of coated pits and vesicles	MHS382	other_OG
3GGGM|Others	18	41.666666666666664	E	Belongs to the class-III pyridoxal-phosphate-dependent aminotransferase family	MHS382	other_OG
3GGGS|Others	46	100.41152263374485	S	pollen tube development	MHS382	other_OG
3GGIU|Others	12	45.45454545454545	M	udp-sugar pyrophosphorylase	MHS382	other_OG
3GGK6|Others	36	98.19262233055335	C	soluble inorganic	MHS382	other_OG
3GGM6|Others	8	28.368794326241137	J	Belongs to the argonaute family	MHS382	other_OG
3GGP9|Others	106	89.67851099830796	TU	Clathrin assembly protein	MHS382	other_OG
3GGRB|Others	9	31.250000000000004	S	Belongs to the peroxisomal membrane protein PXMP2 4 family	MHS382	other_OG
3GGUC|Others	56	37.48326639892905	G	Galactokinase	MHS382	other_OG
3GGWF|Others	24	25.477707006369428	I	hydrolase, alpha beta fold family	MHS382	other_OG
3GGWH|Others	72	104.05982905982907	F	Catalyzes the phosphorylation of pyrimidine nucleoside monophosphates at the expense of ATP. Plays an important role in de novo pyrimidine nucleotide biosynthesis. Has preference for UMP and CMP as phosphate acceptors	MHS382	other_OG
3GGXC|Others	90	186.65304930855172	M	callose synthase	MHS382	other_OG
3GGYD|Others	64	41.830065359477125	GMW	xyloglucan galactosyltransferase	MHS382	other_OG
3GGZ2|Others	88	73.69973728539883	-	-	MHS382	other_OG
3GGZE|Others	8	28.98550724637681	S	-	MHS382	other_OG
3GH1V|Others	37	139.45317910825744	GM	udp-glucuronic acid decarboxylase	MHS382	other_OG
3GH2B|Others	11	16.516516516516514	S	REF SRPP-like protein	MHS382	other_OG
3GH5S|Others	107	158.46951396015893	GM	UDP-glucuronic acid decarboxylase	MHS382	other_OG
3GH5Y|Others	14	61.49783059800038	C	PsaA and PsaB bind P700, the primary electron donor of photosystem I (PSI), as well as the electron acceptors A0, A1 and FX. PSI is a plastocyanin-ferredoxin oxidoreductase, converting photonic excitation into a charge separation, which transfers an electron from the donor P700 chlorophyll pair to the spectroscopically characterized acceptors A0, A1, FX, FA and FB in turn. Oxidized P700 is reduced on the lumenal side of the thylakoid membrane by plastocyanin	MHS382	other_OG
3GHBB|Others	24	35.39823008849557	C	cytochrome b6	MHS382	other_OG
3GHBV|Others	15	63.29113924050633	T	mitogen-activated protein kinase	MHS382	other_OG
3GHFE|Others	8	45.19774011299435	U	Belongs to the small GTPase superfamily. Arf family	MHS382	other_OG
3GHMS|Others	40	93.24009324009324	G	Belongs to the glyceraldehyde-3-phosphate dehydrogenase family	MHS382	other_OG
3GHQC|Others	10	29.23976608187134	G	RmlD substrate binding domain	MHS382	other_OG
3GHVN|Others	220	461.21593291404616	T	Universal stress protein	MHS382	other_OG
3GHVV|Others	12	50.1207729468599	S	At4g28440-like	MHS382	other_OG
3GHY3|Others	51	91.89189189189189	S	PAR1 protein	MHS382	other_OG
3GHY6|Others	44	91.66666666666667	Z	Belongs to the actin-binding proteins ADF family	MHS382	other_OG
3GI19|Others	18	42.940994748223666	C	Scaffold protein for the de novo synthesis of iron- sulfur (Fe-S) clusters within mitochondria, which is required for maturation of both mitochondrial and cytoplasmic 2Fe-2S and 4Fe-4S proteins	MHS382	other_OG
3GI1P|Others	14	35.62340966921119	Z	Belongs to the actin-binding proteins ADF family	MHS382	other_OG
3GI6H|Others	23	27.380952380952383	S	fasciclin-like arabinogalactan protein	MHS382	other_OG
3GIB8|Others	88	220.55137844611528	Z	Binds to actin and affects the structure of the cytoskeleton. At high concentrations, profilin prevents the polymerization of actin, whereas it enhances it at low concentrations	MHS382	other_OG
3GIEE|Others	33	58.51063829787235	S	Dirigent proteins impart stereoselectivity on the phenoxy radical-coupling reaction, yielding optically active lignans from two molecules of coniferyl alcohol in the biosynthesis of lignans, flavonolignans, and alkaloids and thus plays a central role in plant secondary metabolism	MHS382	other_OG
3GIJ1|Others	26	75.36231884057972	V	macrophage migration inhibitory factor	MHS382	other_OG
3GIMU|Others	2	7.662835249042145	C	Electron carrier protein. The oxidized form of the cytochrome c heme group can accept an electron from the heme group of the cytochrome c1 subunit of cytochrome reductase. Cytochrome c then transfers this electron to the cytochrome oxidase complex, the final protein carrier in the mitochondrial electron-transport chain	MHS382	other_OG
3GINB|Others	6	21.50537634408602	B	Histone H2B	MHS382	other_OG
3GIQ7|Others	12	26.490066225165563	S	Desiccation protectant protein Lea14 homolog	MHS382	other_OG
3GIQC|Others	27	65.69343065693431	O	Belongs to the thioredoxin family	MHS382	other_OG
3GISV|Others	53	130.86419753086417	C	Cytochrome b5	MHS382	other_OG
3GIUB|Others	4	16.666666666666668	J	Belongs to the eukaryotic ribosomal protein eL36 family	MHS382	other_OG
3GJ46|Others	1	3.9682539682539684	K	Bet1-like protein	MHS382	other_OG
3GJ4H|Others	247	991.9678714859438	S	mitotic sister chromatid biorientation	MHS382	other_OG
3GJ4Y|Others	7	17.412935323383085	C	Cytochrome b5	MHS382	other_OG
3GJ90|Others	13	21.885521885521886	S	LURP-one-related	MHS382	other_OG
3GJA7|Others	230	958.3333333333334	S	mitotic sister chromatid biorientation	MHS382	other_OG
3GJBC|Others	17	42.92929292929293	K	Ocs element-binding factor	MHS382	other_OG
3GJF1|Others	10	27.77777777777778	H	biogenesis of lysosome-related organelles complex 1 subunit	MHS382	other_OG
3GJSG|Others	34	68.27309236947791	S	pollen Ole e 1 allergen and extensin family protein	MHS382	other_OG
3GJT6|Others	10	30.3030303030303	C	NADH dehydrogenase	MHS382	other_OG
3GJVX|Others	15	30.120481927710845	S	Anther-specific protein	MHS382	other_OG
3GJYQ|Others	1	3.436426116838488	O	Thioredoxin	MHS382	other_OG
3GJZQ|Others	4	16.06425702811245	S	Photosystem I assembly protein Ycf3	MHS382	other_OG
3GK1U|Others	2	9.389671361502348	S	NADH dehydrogenase ubiquinone 1 beta subcomplex subunit	MHS382	other_OG
3GK2V|Others	1	4.016064257028113	T	Polcalcin	MHS382	other_OG
3GK39|Others	12	41.66666666666667	U	Signal peptidase complex subunit	MHS382	other_OG
3GK54|Others	9	26.785714285714285	S	Ralf-like	MHS382	other_OG
3GK5E|Others	8	34.18803418803419	S	At2g23090-like	MHS382	other_OG
3GK7V|Others	1	3.436426116838488	J	40s ribosomal protein	MHS382	other_OG
3GK89|Others	12	58.61040068201194	T	stress-associated endoplasmic reticulum protein	MHS382	other_OG
3GK8H|Others	32	134.915611814346	P	metallothionein-like protein	MHS382	other_OG
3GK8N|Others	14	44.0251572327044	E	Belongs to the cystatin family. Phytocystatin subfamily	MHS382	other_OG
3GK9T|Others	7	28.27558741537236	-	-	MHS382	other_OG
3GKFG|Others	9	34.090909090909086	S	fiber protein Fb15	MHS382	other_OG
3GKHF|Others	1	3.584229390681003	-	-	MHS382	other_OG
3GKI2|Others	8	34.63203463203463	S	RPM1-interacting protein	MHS382	other_OG
3GKIW|Others	4	15.503875968992247	P	ATP synthase subunit 9, mitochondrial	MHS382	other_OG
3GKKQ|Others	34	92.89617486338798	S	Rapid ALkalinization Factor (RALF)	MHS382	other_OG
3GKQA|Others	5	22.52252252252252	-	-	MHS382	other_OG
3GKSA|Others	8	24.024024024024023	-	-	MHS382	other_OG
3GKVP|Others	13	53.56425702811245	-	-	MHS382	other_OG
3GKX5|Others	9	37.5	S	RPM1-interacting protein 4 (RIN4) family protein	MHS382	other_OG
3GKXW|Others	7	33.333333333333336	C	NADH-ubiquinone/plastoquinone oxidoreductase chain 4L	MHS382	other_OG
3GKY7|Others	31	108.77192982456141	S	late embryogenesis abundant protein	MHS382	other_OG
3GKYS|Others	2	7.662835249042145	-	-	MHS382	other_OG
3GKZB|Others	5	22.128851540616246	S	Late embryogenesis abundant (LEA) group 1	MHS382	other_OG
3GM05|Others	1	5.128205128205128	S	Stress-induced protein KIN2-like	MHS382	other_OG
3GM1M|Others	1	4.11522633744856	S	NADH dehydrogenase ubiquinone 1 beta subcomplex subunit	MHS382	other_OG
3GMEH|Others	4	16.06425702811245	-	-	MHS382	other_OG
3GMGJ|Others	6	35.714285714285715	-	-	MHS382	other_OG
3GMQ4|Others	2	10.1010101010101	S	Stress-induced protein	MHS382	other_OG
3GMX7|Others	3	10.638297872340427	Z	Belongs to the actin family	MHS382	other_OG
3GN15|Others	1	4.694835680751174	O	mediator of RNA polymerase II transcription subunit	MHS382	other_OG
3GN5N|Others	36	27.088036117381492	T	CBL-interacting protein kinase	MHS382	other_OG
3GN6V|Others	2	6.116207951070336	P	Cation transporter/ATPase, N-terminus	MHS382	other_OG
3GNJQ|Others	1094	640.8904510837726	G	Pectinesterase	MHS382	other_OG
3GPCS|Others	22	29.1005291005291	G	Glucosamine-6-phosphate isomerases/6-phosphogluconolactonase	MHS382	other_OG
3GPFG|Others	9	43.47826086956522	B	Core component of nucleosome. Nucleosomes wrap and compact DNA into chromatin, limiting DNA accessibility to the cellular machineries which require DNA as a template. Histones thereby play a central role in transcription regulation, DNA repair, DNA replication and chromosomal stability. DNA accessibility is regulated via a complex set of post-translational modifications of histones, also called histone code, and nucleosome remodeling	MHS382	other_OG
3GPKV|Others	1	3.7037037037037033	Z	Binds to actin and affects the structure of the cytoskeleton. At high concentrations, profilin prevents the polymerization of actin, whereas it enhances it at low concentrations	MHS382	other_OG
3GQ94|Others	3	12.658227848101266	-	-	MHS382	other_OG
3GQIV|Others	1	4.975124378109452	S	At4g28440-like	MHS382	other_OG
3GQWF|Others	1	4.901960784313726	S	Photosynthetic reaction centre protein	MHS382	other_OG
3GR7K|Others	10	35.46099290780142	-	-	MHS382	other_OG
3GRN2|Others	31	117.42424242424242	-	-	MHS382	other_OG
3GS1U|Others	3	11.76470588235294	S	Cleavage site for pathogenic type III effector avirulence factor Avr	MHS382	other_OG
3GVF7|Others	2	9.523809523809524	Z	Belongs to the actin family	MHS382	other_OG
3GWWF|Others	5	25.64102564102564	S	Has 22 Blast hits to 22 proteins in 10	MHS382	other_OG
3GWXK|Others	2	9.950248756218905	S	ADP binding	MHS382	other_OG
3GX4X|Others	7	28.11244979919679	C	Belongs to the isocitrate and isopropylmalate dehydrogenases family	MHS382	other_OG
3GXHG|Others	5	12.72264631043257	-	-	MHS382	other_OG
3GXIZ|Others	3	10.869565217391303	Y	box H/ACA snoRNA metabolic process	MHS382	other_OG
3GXJ5|Others	2	6.802721088435375	T	Belongs to the protein kinase superfamily. Ser Thr protein kinase family	MHS382	other_OG
3GY34|Others	12	31.746031746031747	J	oxidoreductase activity, acting on a heme group of donors, oxygen as acceptor	MHS382	other_OG
3GY5E|Others	2146	1887.299398525905	G	Exopolygalacturonase-like	MHS382	other_OG
3KBNF|Others	17	53.459119496855344	Z	Tubulin is the major constituent of microtubules. It binds two moles of GTP, one at an exchangeable site on the beta chain and one at a non-exchangeable site on the alpha chain	MHS382	other_OG
3XGBT|Others	3	12.345679012345679	U	Rab subfamily of small GTPases	MHS382	other_OG
3XSMK|Others	1	3.7878787878787876	Z	Tubulin is the major constituent of microtubules. It binds two moles of GTP, one at an exchangeable site on the beta chain and one at a non-exchangeable site on the alpha chain	MHS382	other_OG
3XU1F|Others	5	18.726591760299623	Z	Tubulin is the major constituent of microtubules. It binds two moles of GTP, one at an exchangeable site on the beta chain and one at a non-exchangeable site on the alpha chain	MHS382	other_OG
3Y9R0|Others	3	7.352941176470589	U	Belongs to the small GTPase superfamily. Arf family	MHS382	other_OG
4QIIB|Others	7	20.46783625730994	S	Bacterial SH3 domain	MHS382	other_OG
4QKMY|Others	1	3.745318352059925	-	-	MHS382	other_OG
4QPIH|Others	5	9.633911368015413	S	PhoH-like protein	MHS382	other_OG
COG2801|Others	1	4.11522633744856	T	Transposase and inactivated derivatives; transposition	MHS382	other_OG
KOG0009|Others	8	42.32804232804233	J	cytoplasmic translation; structural constituent of ribosome	MHS382	other_OG
KOG0254|Others	18	47.61904761904762	U	carbohydrate:proton symporter activity; glucose import	MHS382	other_OG
KOG0393|Others	52	160.49382716049382	B	small GTPase mediated signal transduction	MHS382	other_OG
KOG0658|Others	13	51.58730158730159	T	protein kinase activity	MHS382	other_OG
KOG0676|Others	22	83.81261982162206	Z	ATP binding	MHS382	other_OG
KOG1075|Others	435	567.0814029203071	E	Ribonuclease H protein; intron homing	MHS382	other_OG
KOG1376|Others	43	147.7035729462914	Z	structural constituent of cytoskeleton	MHS382	other_OG
KOG1526|Others	5	17.54385964912281	C	isocitrate dehydrogenase (NADP+) activity	MHS382	other_OG
KOG1721|Others	25	111.11111111111111	S	DNA binding; DNA-binding transcription factor activity	MHS382	other_OG
KOG1735|Others	21	50.35971223021583	O	actin filament depolymerization	MHS382	other_OG
KOG1950|Others	4	17.094017094017094	M	glycogenin glucosyltransferase activity	MHS382	other_OG
KOG2987|Others	4	21.85792349726776	S	sphingolipid delta-4 desaturase activity	MHS382	other_OG
KOG3301|Others	12	35.08771929824561	J	positive regulation of translational fidelity	MHS382	other_OG
KOG3467|Others	7	18.08785529715762	B	protein heterodimerization activity	MHS382	other_OG
KOG4178|Others	25	30.413625304136254	L	10-hydroxy-9-(phosphonooxy)octadecanoate phosphatase activity	MHS382	other_OG
KOG4658|Others	2	9.00900900900901	S	ADP binding	MHS382	other_OG
KOG4743|Others	1	4.975124378109452	S	cyclin-dependent protein serine/threonine kinase inhibitor activity	MHS382	other_OG
