bacteria_OG	read_count_sum	RPK_sum	bacteria_eggnog_cat	bacteria_eggnog_desc	LIBID	feature_class
2Z7K3|Bacteria	1	3.875968992248062	S	photosynthetic reaction center L subunit	MHS423	bacteria_OG
2Z7TF|Bacteria	2	9.66183574879227	S	Uncharacterized protein conserved in bacteria (DUF2236)	MHS423	bacteria_OG
2Z802|Bacteria	1	5.291005291005291	S	phage tail protein	MHS423	bacteria_OG
2Z80V|Bacteria	23	39.76030975531951	E	histidine decarboxylase	MHS423	bacteria_OG
2Z8UG|Bacteria	1	3.436426116838488	S	YvbH-like oligomerisation region	MHS423	bacteria_OG
2Z9HI|Bacteria	2	6.802721088435375	S	Domain of unknown function (DUF4126)	MHS423	bacteria_OG
2ZAGX|Bacteria	3	10.06760728982951	S	Protein of unknown function (DUF3800)	MHS423	bacteria_OG
2ZAQK|Bacteria	1	3.4722222222222223	S	NA	MHS423	bacteria_OG
2ZARS|Bacteria	115	572.139303482587	S	NA	MHS423	bacteria_OG
2ZBVG|Bacteria	2	4.830917874396135	S	Protein of unknown function (DUF2992)	MHS423	bacteria_OG
2ZC3X|Bacteria	7	26.81992337164751	S	NA	MHS423	bacteria_OG
2ZC43|Bacteria	867	1378.7301587301588	S	NA	MHS423	bacteria_OG
2ZCFK|Bacteria	3	12.987012987012987	S	Protein of unknown function (DUF3071)	MHS423	bacteria_OG
2ZCGZ|Bacteria	5	16.025641025641026	S	NA	MHS423	bacteria_OG
2ZCTC|Bacteria	4	16.260162601626018	S	NA	MHS423	bacteria_OG
2ZF6Y|Bacteria	2	10.416666666666666	S	Staphylococcus haemolytic protein	MHS423	bacteria_OG
2ZG34|Bacteria	2	9.66183574879227	S	Protein of unknown function (DUF1656)	MHS423	bacteria_OG
2ZJ01|Bacteria	48	189.8185941043084	S	NA	MHS423	bacteria_OG
2ZJ5A|Bacteria	1	4.219409282700422	S	NA	MHS423	bacteria_OG
2ZJVY|Bacteria	4	16.330915928015042	S	NA	MHS423	bacteria_OG
2ZNGD|Bacteria	12	48.78048780487805	S	NA	MHS423	bacteria_OG
2ZRSZ|Bacteria	1	6.0606060606060606	S	NA	MHS423	bacteria_OG
2ZVJF|Bacteria	2	6.006006006006006	S	NA	MHS423	bacteria_OG
2ZXFM|Bacteria	4	12.698412698412698	S	NA	MHS423	bacteria_OG
3037F|Bacteria	1	4.273504273504273	S	NA	MHS423	bacteria_OG
30466|Bacteria	49	214.91228070175438	S	NA	MHS423	bacteria_OG
3051Q|Bacteria	1	5.649717514124294	S	NA	MHS423	bacteria_OG
3056J|Bacteria	3	5.9171597633136095	S	NA	MHS423	bacteria_OG
3057T|Bacteria	10	24.691358024691358	K	regulator	MHS423	bacteria_OG
3058J|Bacteria	2	3.7037037037037033	S	NA	MHS423	bacteria_OG
30595|Bacteria	5	20.2020202020202	S	Belongs to the UPF0346 family	MHS423	bacteria_OG
305D5|Bacteria	2	5.899705014749262	S	NA	MHS423	bacteria_OG
305DM|Bacteria	1	4.830917874396135	S	NA	MHS423	bacteria_OG
305E8|Bacteria	1	3.7037037037037033	S	NA	MHS423	bacteria_OG
305ED|Bacteria	9	41.0958904109589	S	NA	MHS423	bacteria_OG
308JH|Bacteria	1	5.291005291005291	S	NA	MHS423	bacteria_OG
30D1S|Bacteria	162	435.48387096774195	S	NA	MHS423	bacteria_OG
30EHH|Bacteria	14	41.666666666666664	S	NA	MHS423	bacteria_OG
30F52|Bacteria	16	28.070175438596493	S	Tripartite tricarboxylate transporter TctB family	MHS423	bacteria_OG
30UG6|Bacteria	13	65.65656565656565	S	MT0933-like antitoxin protein	MHS423	bacteria_OG
30UZZ|Bacteria	1	4.385964912280701	S	Protein of unknown function (DUF3800)	MHS423	bacteria_OG
317ZS|Bacteria	1	5.128205128205128	S	NA	MHS423	bacteria_OG
319AT|Bacteria	8	24.691358024691358	S	NA	MHS423	bacteria_OG
319CP|Bacteria	46	92.36947791164658	S	InterPro IPR019616	MHS423	bacteria_OG
319IH|Bacteria	8	51.282051282051285	S	NA	MHS423	bacteria_OG
31AP1|Bacteria	14	56.22489959839358	S	Domain of unknown function (DUF4160)	MHS423	bacteria_OG
31CDG|Bacteria	17	60.283687943262414	S	Protein of unknown function (DUF1153)	MHS423	bacteria_OG
31D67|Bacteria	1	4.016064257028113	S	Protein of unknown function (DUF3043)	MHS423	bacteria_OG
31FW6|Bacteria	13	50.98039215686274	S	NA	MHS423	bacteria_OG
31G5F|Bacteria	2	7.936507936507937	S	Relaxase/Mobilisation nuclease domain	MHS423	bacteria_OG
31IEG|Bacteria	12	68.96551724137932	S	Type-A lantibiotic	MHS423	bacteria_OG
31IYQ|Bacteria	2	3.766478342749529	S	NA	MHS423	bacteria_OG
31K6I|Bacteria	30	78.74015748031496	S	NA	MHS423	bacteria_OG
31MSX|Bacteria	1	6.666666666666667	S	NA	MHS423	bacteria_OG
31QDV|Bacteria	2	6.734006734006734	S	NA	MHS423	bacteria_OG
31QHR|Bacteria	1	5.555555555555555	S	NA	MHS423	bacteria_OG
31QJM|Bacteria	2	5.5096418732782375	S	NA	MHS423	bacteria_OG
31R0X|Bacteria	3	14.492753623188406	S	NA	MHS423	bacteria_OG
31RXF|Bacteria	11	64.32748538011695	S	NA	MHS423	bacteria_OG
31SGV|Bacteria	6	19.801980198019802	S	NA	MHS423	bacteria_OG
31UDV|Bacteria	20	101.01010101010101	S	NA	MHS423	bacteria_OG
31VSH|Bacteria	23	58.080808080808076	S	NA	MHS423	bacteria_OG
31WPV|Bacteria	2	13.333333333333334	S	NA	MHS423	bacteria_OG
31X2A|Bacteria	13	71.03825136612022	S	NA	MHS423	bacteria_OG
31XWG|Bacteria	6	14.814814814814813	S	NA	MHS423	bacteria_OG
31Y1M|Bacteria	2	4.444444444444445	S	Protein of unknown function (DUF3052)	MHS423	bacteria_OG
31YKI|Bacteria	1	3.7878787878787876	S	NA	MHS423	bacteria_OG
320RM|Bacteria	14	48.10996563573883	S	NA	MHS423	bacteria_OG
328S9|Bacteria	18	76.92307692307692	S	NA	MHS423	bacteria_OG
328VC|Bacteria	5	24.87562189054726	S	NA	MHS423	bacteria_OG
329FH|Bacteria	1	5.208333333333333	S	NA	MHS423	bacteria_OG
32C1P|Bacteria	2	9.803921568627452	S	Staphylococcus haemolytic protein	MHS423	bacteria_OG
32CR1|Bacteria	13	58.01801801801802	S	NA	MHS423	bacteria_OG
32EJP|Bacteria	25	73.74631268436578	S	NA	MHS423	bacteria_OG
32FRH|Bacteria	5	20.833333333333336	S	NA	MHS423	bacteria_OG
32HK7|Bacteria	2	5.208333333333333	S	NA	MHS423	bacteria_OG
32NN5|Bacteria	2	9.25925925925926	S	NA	MHS423	bacteria_OG
32Q6Z|Bacteria	22	23.579849946409432	S	NA	MHS423	bacteria_OG
32RKK|Bacteria	5	15.723270440251572	S	pathogenesis	MHS423	bacteria_OG
32RNQ|Bacteria	9	24.478371501272264	S	Domain of unknown function (DUF4193)	MHS423	bacteria_OG
32RPB|Bacteria	12	47.61904761904762	S	NA	MHS423	bacteria_OG
32S23|Bacteria	5	17.18213058419244	K	Acts as a transcriptional regulator. Probably redox- responsive. The apo- but not holo-form probably binds DNA	MHS423	bacteria_OG
32S2G|Bacteria	1169	2529.39917337394	S	NA	MHS423	bacteria_OG
32SB1|Bacteria	2	8.771929824561402	C	Ferredoxin	MHS423	bacteria_OG
32SI2|Bacteria	2	5.167958656330749	K	Binds to RNA polymerase (RNAP), stimulating transcription from principal, but not alternative sigma factor promoters	MHS423	bacteria_OG
32SM3|Bacteria	1	4.694835680751174	S	Protein of unknown function (DUF3515)	MHS423	bacteria_OG
32TKP|Bacteria	3	12.658227848101266	S	NA	MHS423	bacteria_OG
32VE4|Bacteria	17	49.275362318840585	S	NA	MHS423	bacteria_OG
32X7X|Bacteria	5	27.63985435286329	J	NA	MHS423	bacteria_OG
32Y97|Bacteria	4	19.265419265419265	S	Protein of unknown function (DUF3117)	MHS423	bacteria_OG
32Y9G|Bacteria	5	19.37984496124031	S	NA	MHS423	bacteria_OG
32Z2C|Bacteria	4	16.666666666666668	S	latent virus replication	MHS423	bacteria_OG
32Z2S|Bacteria	11	35.256410256410255	S	Phospholipase_D-nuclease N-terminal	MHS423	bacteria_OG
3304R|Bacteria	1	3.436426116838488	S	NA	MHS423	bacteria_OG
330AH|Bacteria	16	28.828828828828826	S	Protein of unknown function (DUF3455)	MHS423	bacteria_OG
330JY|Bacteria	4	15.418894830659536	S	NA	MHS423	bacteria_OG
331CX|Bacteria	1	6.410256410256411	S	NA	MHS423	bacteria_OG
332PH|Bacteria	2	7.936507936507937	S	NA	MHS423	bacteria_OG
33333|Bacteria	11	29.56989247311828	S	Lipopolysaccharide assembly protein A domain	MHS423	bacteria_OG
334KP|Bacteria	6	24.390243902439025	S	Domain of unknown function (DUF3817)	MHS423	bacteria_OG
335TN|Bacteria	2	6.944444444444445	S	NA	MHS423	bacteria_OG
337W4|Bacteria	2	3.584229390681003	S	NA	MHS423	bacteria_OG
339JB|Bacteria	1	5.847953216374268	S	NA	MHS423	bacteria_OG
33AI2|Bacteria	8	31.692238289396947	S	Protein of unknown function (DUF3073)	MHS423	bacteria_OG
33ANN|Bacteria	7	34.31372549019608	S	Protein of unknown function (DUF3791)	MHS423	bacteria_OG
33BP4|Bacteria	2	9.389671361502348	S	Protein of unknown function (DUF3606)	MHS423	bacteria_OG
33C2X|Bacteria	1	5.291005291005291	S	NA	MHS423	bacteria_OG
33C4E|Bacteria	10	19.49317738791423	S	Protein of unknown function (DUF4245)	MHS423	bacteria_OG
33CRW|Bacteria	449	957.7911693296309	S	NA	MHS423	bacteria_OG
33D21|Bacteria	12	52.63157894736842	S	MT0933-like antitoxin protein	MHS423	bacteria_OG
33D76|Bacteria	14	62.22222222222222	S	NA	MHS423	bacteria_OG
33DPX|Bacteria	2	7.505798018131983	S	NA	MHS423	bacteria_OG
33FQ1|Bacteria	1	5.128205128205128	S	NA	MHS423	bacteria_OG
33FSC|Bacteria	24	39.45525291828794	S	NA	MHS423	bacteria_OG
33GEB|Bacteria	69	181.10236220472441	S	NA	MHS423	bacteria_OG
33GHC|Bacteria	2	9.25925925925926	S	NA	MHS423	bacteria_OG
33GQN|Bacteria	3	5.46448087431694	S	NA	MHS423	bacteria_OG
33IFS|Bacteria	4	23.391812865497073	S	NA	MHS423	bacteria_OG
33IZZ|Bacteria	2	7.4074074074074066	S	NA	MHS423	bacteria_OG
33J34|Bacteria	3	14.285714285714286	S	NA	MHS423	bacteria_OG
33K11|Bacteria	2	11.11111111111111	S	NA	MHS423	bacteria_OG
33K90|Bacteria	31	79.48717948717949	S	NA	MHS423	bacteria_OG
33MCB|Bacteria	797	1451.7304189435336	S	NA	MHS423	bacteria_OG
33PE8|Bacteria	6	20.202020202020204	L	DNA ligase (ATP) activity	MHS423	bacteria_OG
33REW|Bacteria	2	7.267843741359561	S	NA	MHS423	bacteria_OG
33UCB|Bacteria	7	26.217228464419474	S	NA	MHS423	bacteria_OG
33V6Y|Bacteria	4	18.264840182648403	S	NA	MHS423	bacteria_OG
33XCA|Bacteria	8	14.9812734082397	S	NA	MHS423	bacteria_OG
342CR|Bacteria	7	19.35286935286935	K	NA	MHS423	bacteria_OG
345IX|Bacteria	12	66.66666666666667	S	NA	MHS423	bacteria_OG
34A6Y|Bacteria	4	13.468013468013469	S	NA	MHS423	bacteria_OG
34C7Q|Bacteria	8	24.242424242424242	S	NA	MHS423	bacteria_OG
COG0011|Bacteria	4	11.299435028248588	H	TIGRFAM Protein of	MHS423	bacteria_OG
COG0013|Bacteria	1	3.745318352059925	J	Catalyzes the attachment of alanine to tRNA(Ala) in a two-step reaction alanine is first activated by ATP to form Ala- AMP and then transferred to the acceptor end of tRNA(Ala). Also edits incorrectly charged Ser-tRNA(Ala) and Gly-tRNA(Ala) via its editing domain	MHS423	bacteria_OG
COG0016|Bacteria	2	9.66183574879227	J	Belongs to the class-II aminoacyl-tRNA synthetase family. Phe-tRNA synthetase alpha subunit type 1 subfamily	MHS423	bacteria_OG
COG0017|Bacteria	7	22.0125786163522	J	Asparaginyl-tRNA synthetase	MHS423	bacteria_OG
COG0021|Bacteria	6	44.44444444444444	G	Catalyzes the transfer of a two-carbon ketol group from a ketose donor to an aldose acceptor, via a covalent intermediate with the cofactor thiamine pyrophosphate	MHS423	bacteria_OG
COG0022|Bacteria	93	177.14285714285714	C	dehydrogenase e1 component	MHS423	bacteria_OG
COG0026|Bacteria	1	3.367003367003367	F	Catalyzes the ATP-dependent conversion of 5- aminoimidazole ribonucleotide (AIR) and HCO(3)(-) to N5- carboxyaminoimidazole ribonucleotide (N5-CAIR)	MHS423	bacteria_OG
COG0028|Bacteria	17	23.4436494556012	EH	Belongs to the TPP enzyme family	MHS423	bacteria_OG
COG0031|Bacteria	161	209.3832014689573	E	Belongs to the cysteine synthase cystathionine beta- synthase family	MHS423	bacteria_OG
COG0045|Bacteria	53	86.1788617886179	C	succinate-CoA ligase (ADP-forming) activity	MHS423	bacteria_OG
COG0046|Bacteria	6	11.560693641618498	F	Part of the phosphoribosylformylglycinamidine synthase complex involved in the purines biosynthetic pathway. Catalyzes the ATP-dependent conversion of formylglycinamide ribonucleotide (FGAR) and glutamine to yield formylglycinamidine ribonucleotide (FGAM) and glutamate. The FGAM synthase complex is composed of three subunits. PurQ produces an ammonia molecule by converting glutamine to glutamate. PurL transfers the ammonia molecule to FGAR to form FGAM in an ATP-dependent manner. PurS interacts with PurQ and PurL and is thought to assist in the transfer of the ammonia molecule from PurQ to PurL	MHS423	bacteria_OG
COG0048|Bacteria	10	25.009057025046367	J	Interacts with and stabilizes bases of the 16S rRNA that are involved in tRNA selection in the A site and with the mRNA backbone. Located at the interface of the 30S and 50S subunits, it traverses the body of the 30S subunit contacting proteins on the other side and probably holding the rRNA structure together. The combined cluster of proteins S8, S12 and S17 appears to hold together the shoulder and platform of the 30S subunit	MHS423	bacteria_OG
COG0049|Bacteria	28	83.89654050178501	J	tRNA binding	MHS423	bacteria_OG
COG0050|Bacteria	30	39.296061600441206	J	This protein promotes the GTP-dependent binding of aminoacyl-tRNA to the A-site of ribosomes during protein biosynthesis	MHS423	bacteria_OG
COG0051|Bacteria	1	4.329004329004329	J	transcription antitermination factor activity, RNA binding	MHS423	bacteria_OG
COG0052|Bacteria	5	9.187419179910734	J	Belongs to the universal ribosomal protein uS2 family	MHS423	bacteria_OG
COG0057|Bacteria	20	30.97227194971556	G	glyceraldehyde-3-phosphate dehydrogenase (NAD+) (phosphorylating) activity	MHS423	bacteria_OG
COG0059|Bacteria	6	14.084507042253522	EH	Involved in the biosynthesis of branched-chain amino acids (BCAA). Catalyzes an alkyl-migration followed by a ketol- acid reduction of (S)-2-acetolactate (S2AL) to yield (R)-2,3- dihydroxy-isovalerate. In the isomerase reaction, S2AL is rearranged via a Mg-dependent methyl migration to produce 3- hydroxy-3-methyl-2-ketobutyrate (HMKB). In the reductase reaction, this 2-ketoacid undergoes a metal-dependent reduction by NADPH to yield (R)-2,3-dihydroxy-isovalerate	MHS423	bacteria_OG
COG0060|Bacteria	92	234.09669211195927	J	amino acids such as valine, to avoid such errors it has two additional distinct tRNA(Ile)-dependent editing activities. One activity is designated as 'pretransfer' editing and involves the hydrolysis of activated Val-AMP. The other activity is designated 'posttransfer' editing and involves deacylation of mischarged Val-tRNA(Ile)	MHS423	bacteria_OG
COG0063|Bacteria	3	5.208333333333334	H	ADP-dependent NAD(P)H-hydrate dehydratase activity	MHS423	bacteria_OG
COG0064|Bacteria	27	102.48320497908067	J	Allows the formation of correctly charged Asn-tRNA(Asn) or Gln-tRNA(Gln) through the transamidation of misacylated Asp- tRNA(Asn) or Glu-tRNA(Gln) in organisms which lack either or both of asparaginyl-tRNA or glutaminyl-tRNA synthetases. The reaction takes place in the presence of glutamine and ATP through an activated phospho-Asp-tRNA(Asn) or phospho-Glu-tRNA(Gln)	MHS423	bacteria_OG
COG0065|Bacteria	17	20.910209102091024	E	Catalyzes the isomerization between 2-isopropylmalate and 3-isopropylmalate, via the formation of 2-isopropylmaleate	MHS423	bacteria_OG
COG0066|Bacteria	7	28.39418515912122	E	3-isopropylmalate dehydratase activity	MHS423	bacteria_OG
COG0070|Bacteria	16	68.60706860706861	E	glutamate synthase	MHS423	bacteria_OG
COG0071|Bacteria	14	27.628676035677955	O	Belongs to the small heat shock protein (HSP20) family	MHS423	bacteria_OG
COG0076|Bacteria	7	30.3030303030303	E	glutamate decarboxylase activity	MHS423	bacteria_OG
COG0077|Bacteria	1	3.5087719298245617	E	Prephenate dehydratase	MHS423	bacteria_OG
COG0080|Bacteria	3	15.285003650967507	J	Forms part of the ribosomal stalk which helps the ribosome interact with GTP-bound translation factors	MHS423	bacteria_OG
COG0081|Bacteria	1	4.219409282700422	J	regulation of translation	MHS423	bacteria_OG
COG0085|Bacteria	64	91.22493564872747	K	RNA polymerase activity	MHS423	bacteria_OG
COG0087|Bacteria	17	34.40602568828619	J	One of the primary rRNA binding proteins, it binds directly near the 3'-end of the 23S rRNA, where it nucleates assembly of the 50S subunit	MHS423	bacteria_OG
COG0088|Bacteria	38	103.63145789101203	J	Forms part of the polypeptide exit tunnel	MHS423	bacteria_OG
COG0089|Bacteria	11	37.8364833906071	J	rRNA binding	MHS423	bacteria_OG
COG0090|Bacteria	8	21.85792349726776	J	One of the primary rRNA binding proteins. Required for association of the 30S and 50S subunits to form the 70S ribosome, for tRNA binding and peptide bond formation. It has been suggested to have peptidyltransferase activity	MHS423	bacteria_OG
COG0091|Bacteria	34	105.90874616356984	J	The globular domain of the protein is located near the polypeptide exit tunnel on the outside of the subunit, while an extended beta-hairpin is found that lines the wall of the exit tunnel in the center of the 70S ribosome	MHS423	bacteria_OG
COG0092|Bacteria	17	41.50106402165853	J	Binds the lower part of the 30S subunit head. Binds mRNA in the 70S ribosome, positioning it for translation	MHS423	bacteria_OG
COG0093|Bacteria	26	67.81469121894654	J	Binds to 23S rRNA. Forms part of two intersubunit bridges in the 70S ribosome	MHS423	bacteria_OG
COG0094|Bacteria	6	18.996960486322187	J	This is 1 of the proteins that binds and probably mediates the attachment of the 5S RNA into the large ribosomal subunit, where it forms part of the central protuberance. In the 70S ribosome it contacts protein S13 of the 30S subunit (bridge B1b), connecting the 2 subunits	MHS423	bacteria_OG
COG0096|Bacteria	1	5.05050505050505	J	One of the primary rRNA binding proteins, it binds directly to 16S rRNA central domain where it helps coordinate assembly of the platform of the 30S subunit	MHS423	bacteria_OG
COG0097|Bacteria	16	32.92744357260486	J	This protein binds to the 23S rRNA, and is important in its secondary structure. It is located near the subunit interface in the base of the L7 L12 stalk, and near the tRNA binding site of the peptidyltransferase center	MHS423	bacteria_OG
COG0098|Bacteria	8	26.17175417175417	J	Located at the back of the 30S subunit body where it stabilizes the conformation of the head with respect to the body	MHS423	bacteria_OG
COG0099|Bacteria	25	81.39374633489196	J	Located at the top of the head of the 30S subunit, it contacts several helices of the 16S rRNA. In the 70S ribosome it contacts the 23S rRNA (bridge B1a) and protein L5 of the 50S subunit (bridge B1b), connecting the 2 subunits	MHS423	bacteria_OG
COG0100|Bacteria	3	8.83190883190883	J	Located on the platform of the 30S subunit, it bridges several disparate RNA helices of the 16S rRNA. Forms part of the Shine-Dalgarno cleft in the 70S ribosome	MHS423	bacteria_OG
COG0102|Bacteria	4	9.427136533878107	J	This protein is one of the early assembly proteins of the 50S ribosomal subunit, although it is not seen to bind rRNA by itself. It is important during the early stages of 50S assembly	MHS423	bacteria_OG
COG0103|Bacteria	7	27.207915029826857	J	maturation of SSU-rRNA from tricistronic rRNA transcript (SSU-rRNA, 5.8S rRNA, LSU-rRNA)	MHS423	bacteria_OG
COG0105|Bacteria	1	4.566210045662101	F	UTP biosynthetic process	MHS423	bacteria_OG
COG0110|Bacteria	8	27.2108843537415	HJ	maltose O-acetyltransferase activity	MHS423	bacteria_OG
COG0111|Bacteria	2	10.416666666666666	EH	D-isomer specific 2-hydroxyacid dehydrogenase	MHS423	bacteria_OG
COG0112|Bacteria	5	20.32520325203252	E	Catalyzes the reversible interconversion of serine and glycine with tetrahydrofolate (THF) serving as the one-carbon carrier. This reaction serves as the major source of one-carbon groups required for the biosynthesis of purines, thymidylate, methionine, and other important biomolecules. Also exhibits THF- independent aldolase activity toward beta-hydroxyamino acids, producing glycine and aldehydes, via a retro-aldol mechanism	MHS423	bacteria_OG
COG0113|Bacteria	1	3.4722222222222223	H	porphobilinogen synthase activity	MHS423	bacteria_OG
COG0115|Bacteria	2	4.504504504504505	E	Belongs to the class-IV pyridoxal-phosphate-dependent aminotransferase family	MHS423	bacteria_OG
COG0118|Bacteria	19	51.075268817204304	E	IGPS catalyzes the conversion of PRFAR and glutamine to IGP, AICAR and glutamate. The HisH subunit provides the glutamine amidotransferase activity that produces the ammonia necessary to HisF for the synthesis of IGP and AICAR	MHS423	bacteria_OG
COG0125|Bacteria	2	5.649717514124294	F	Phosphorylation of dTMP to form dTDP in both de novo and salvage pathways of dTTP synthesis	MHS423	bacteria_OG
COG0126|Bacteria	9	15.548366806190305	F	phosphoglycerate kinase activity	MHS423	bacteria_OG
COG0127|Bacteria	40	68.83354618986803	F	Pyrophosphatase that catalyzes the hydrolysis of nucleoside triphosphates to their monophosphate derivatives, with a high preference for the non-canonical purine nucleotides XTP (xanthosine triphosphate), dITP (deoxyinosine triphosphate) and ITP. Seems to function as a house-cleaning enzyme that removes non-canonical purine nucleotides from the nucleotide pool, thus preventing their incorporation into DNA RNA and avoiding chromosomal lesions	MHS423	bacteria_OG
COG0134|Bacteria	18	22.388059701492537	E	indole-3-glycerol-phosphate synthase activity	MHS423	bacteria_OG
COG0136|Bacteria	7	12.90028206404513	E	Catalyzes the NADPH-dependent formation of L-aspartate- semialdehyde (L-ASA) by the reductive dephosphorylation of L- aspartyl-4-phosphate	MHS423	bacteria_OG
COG0139|Bacteria	12	34.48275862068966	E	Catalyzes the hydrolysis of the adenine ring of phosphoribosyl-AMP	MHS423	bacteria_OG
COG0146|Bacteria	9	25	EQ	N-methylhydantoinase B acetone carboxylase alpha subunit	MHS423	bacteria_OG
COG0148|Bacteria	24	82.55760386239693	G	phosphopyruvate hydratase activity	MHS423	bacteria_OG
COG0149|Bacteria	6	15.15151515151515	G	triose-phosphate isomerase activity	MHS423	bacteria_OG
COG0166|Bacteria	3	5.376344086021505	G	Belongs to the GPI family	MHS423	bacteria_OG
COG0178|Bacteria	2	7.750896057347671	L	The UvrABC repair system catalyzes the recognition and processing of DNA lesions. UvrA is an ATPase and a DNA-binding protein. A damage recognition complex composed of 2 uvrA and 2 uvrB subunits scans DNA for abnormalities. When the presence of a lesion has been verified by uvrB, the uvrA molecules dissociate	MHS423	bacteria_OG
COG0180|Bacteria	2	6.5359477124183005	J	Tryptophanyl-tRNA synthetase	MHS423	bacteria_OG
COG0181|Bacteria	2	7.662835249042145	H	hydroxymethylbilane synthase activity	MHS423	bacteria_OG
COG0184|Bacteria	23	85.98995962714102	J	Forms an intersubunit bridge (bridge B4) with the 23S rRNA of the 50S subunit in the ribosome	MHS423	bacteria_OG
COG0185|Bacteria	6	20.90150757090872	J	Protein S19 forms a complex with S13 that binds strongly to the 16S ribosomal RNA	MHS423	bacteria_OG
COG0186|Bacteria	6	21.55992390615092	J	One of the primary rRNA binding proteins, it binds specifically to the 5'-end of 16S ribosomal RNA	MHS423	bacteria_OG
COG0188|Bacteria	38	111.54970760233918	L	A type II topoisomerase that negatively supercoils closed circular double-stranded (ds) DNA in an ATP-dependent manner to modulate DNA topology and maintain chromosomes in an underwound state. Negative supercoiling favors strand separation, and DNA replication, transcription, recombination and repair, all of which involve strand separation. Also able to catalyze the interconversion of other topological isomers of dsDNA rings, including catenanes and knotted rings. Type II topoisomerases break and join 2 DNA strands simultaneously in an ATP-dependent manner	MHS423	bacteria_OG
COG0192|Bacteria	18	80	H	Catalyzes the formation of S-adenosylmethionine (AdoMet) from methionine and ATP. The overall synthetic reaction is composed of two sequential steps, AdoMet formation and the subsequent tripolyphosphate hydrolysis which occurs prior to release of AdoMet from the enzyme	MHS423	bacteria_OG
COG0193|Bacteria	10	40.50925925925926	J	aminoacyl-tRNA hydrolase activity	MHS423	bacteria_OG
COG0194|Bacteria	1	4.901960784313726	F	GDP metabolic process	MHS423	bacteria_OG
COG0197|Bacteria	6	14.848685989625587	J	Binds 23S rRNA and is also seen to make contacts with the A and possibly P site tRNAs	MHS423	bacteria_OG
COG0198|Bacteria	21	68.69833861866904	J	One of the proteins that surrounds the polypeptide exit tunnel on the outside of the subunit	MHS423	bacteria_OG
COG0199|Bacteria	13	65.46102816110941	J	Binds 16S rRNA, required for the assembly of 30S particles and may also be responsible for determining the conformation of the 16S rRNA at the A site	MHS423	bacteria_OG
COG0200|Bacteria	16	40.99311545924211	J	Binds to the 23S rRNA	MHS423	bacteria_OG
COG0202|Bacteria	2	7.61929641239986	K	RNA polymerase activity	MHS423	bacteria_OG
COG0203|Bacteria	1	4.11522633744856	J	ribosomal protein L17	MHS423	bacteria_OG
COG0204|Bacteria	2	5.420054200542006	I	Acyl-transferase	MHS423	bacteria_OG
COG0205|Bacteria	1	4.385964912280701	G	6-phosphofructokinase activity	MHS423	bacteria_OG
COG0209|Bacteria	6	14.814814814814813	F	Provides the precursors necessary for DNA synthesis. Catalyzes the biosynthesis of deoxyribonucleotides from the corresponding ribonucleotides	MHS423	bacteria_OG
COG0210|Bacteria	6	15.037593984962406	L	DNA helicase	MHS423	bacteria_OG
COG0211|Bacteria	11	39.72484186824008	J	Belongs to the bacterial ribosomal protein bL27 family	MHS423	bacteria_OG
COG0212|Bacteria	1	4.504504504504505	H	Belongs to the 5-formyltetrahydrofolate cyclo-ligase family	MHS423	bacteria_OG
COG0214|Bacteria	4	7.662835249042145	H	Catalyzes the formation of pyridoxal 5'-phosphate from ribose 5-phosphate (RBP), glyceraldehyde 3-phosphate (G3P) and ammonia. The ammonia is provided by the PdxT subunit. Can also use ribulose 5-phosphate and dihydroxyacetone phosphate as substrates, resulting from enzyme-catalyzed isomerization of RBP and G3P, respectively	MHS423	bacteria_OG
COG0222|Bacteria	5	11.822170351639327	J	ribosome binding	MHS423	bacteria_OG
COG0224|Bacteria	2	4.796163069544365	C	Produces ATP from ADP in the presence of a proton gradient across the membrane. The gamma chain is believed to be important in regulating ATPase activity and the flow of protons through the CF(0) complex	MHS423	bacteria_OG
COG0225|Bacteria	18	50.88352636265881	O	Has an important function as a repair enzyme for proteins that have been inactivated by oxidation. Catalyzes the reversible oxidation-reduction of methionine sulfoxide in proteins to methionine	MHS423	bacteria_OG
COG0226|Bacteria	1	3.584229390681003	P	Part of the ABC transporter complex PstSACB involved in phosphate import	MHS423	bacteria_OG
COG0227|Bacteria	13	57.57885565993172	J	Belongs to the bacterial ribosomal protein bL28 family	MHS423	bacteria_OG
COG0228|Bacteria	6	21.66380967222482	J	four-way junction DNA binding	MHS423	bacteria_OG
COG0229|Bacteria	1	3.4013605442176873	O	Has an important function as a repair enzyme for proteins that have been inactivated by oxidation. Catalyzes the reversible oxidation-reduction of methionine sulfoxide in proteins to methionine	MHS423	bacteria_OG
COG0230|Bacteria	4	17.752715121136173	J	Belongs to the bacterial ribosomal protein bL34 family	MHS423	bacteria_OG
COG0231|Bacteria	7	28.039010797631484	J	Involved in peptide bond synthesis. Stimulates efficient translation and peptide-bond synthesis on native or reconstituted 70S ribosomes in vitro. Probably functions indirectly by altering the affinity of the ribosome for aminoacyl-tRNA, thus increasing their reactivity as acceptors for peptidyl transferase	MHS423	bacteria_OG
COG0234|Bacteria	3	9.656311543103996	O	Binds to Cpn60 in the presence of Mg-ATP and suppresses the ATPase activity of the latter	MHS423	bacteria_OG
COG0236|Bacteria	16	58.2235353142083	IQ	Carrier of the growing fatty acid chain in fatty acid biosynthesis	MHS423	bacteria_OG
COG0243|Bacteria	17	26.984126984126984	C	molybdopterin cofactor binding	MHS423	bacteria_OG
COG0244|Bacteria	13	17.074941027036836	J	Forms part of the ribosomal stalk, playing a central role in the interaction of the ribosome with GTP-bound translation factors	MHS423	bacteria_OG
COG0249|Bacteria	5	17.18213058419244	L	that it carries out the mismatch recognition step. This protein has a weak ATPase activity	MHS423	bacteria_OG
COG0252|Bacteria	3	15.97946679913893	EJ	asparaginase activity	MHS423	bacteria_OG
COG0254|Bacteria	2	10.1010101010101	J	rRNA binding	MHS423	bacteria_OG
COG0255|Bacteria	4	15.079365079365079	J	Belongs to the universal ribosomal protein uL29 family	MHS423	bacteria_OG
COG0256|Bacteria	14	59.930913570861705	J	This is one of the proteins that binds and probably mediates the attachment of the 5S RNA into the large ribosomal subunit, where it forms part of the central protuberance	MHS423	bacteria_OG
COG0257|Bacteria	1	4.444444444444445	J	Belongs to the bacterial ribosomal protein bL36 family	MHS423	bacteria_OG
COG0261|Bacteria	26	83.80991638966674	J	This protein binds to 23S rRNA in the presence of protein L20	MHS423	bacteria_OG
COG0263|Bacteria	10	60.352346066631775	E	Catalyzes the transfer of a phosphate group to glutamate to form L-glutamate 5-phosphate	MHS423	bacteria_OG
COG0264|Bacteria	24	49.25862325620115	J	Associates with the EF-Tu.GDP complex and induces the exchange of GDP to GTP. It remains bound to the aminoacyl-tRNA.EF- Tu.GTP complex up to the GTP hydrolysis stage on the ribosome	MHS423	bacteria_OG
COG0267|Bacteria	11	58.27655436351088	J	Belongs to the bacterial ribosomal protein bL33 family	MHS423	bacteria_OG
COG0268|Bacteria	18	61.06254101864731	J	Binds directly to 16S ribosomal RNA	MHS423	bacteria_OG
COG0269|Bacteria	4	6.230529595015576	G	3-dehydro-L-gulonate-6-phosphate decarboxylase activity	MHS423	bacteria_OG
COG0276|Bacteria	2	11.46076146076146	H	Catalyzes the ferrous insertion into protoporphyrin IX	MHS423	bacteria_OG
COG0277|Bacteria	128	252.08647088353413	C	FAD linked oxidase domain protein	MHS423	bacteria_OG
COG0288|Bacteria	30	119.04761904761905	P	reversible hydration of carbon dioxide	MHS423	bacteria_OG
COG0290|Bacteria	15	30.97879780766064	J	IF-3 binds to the 30S ribosomal subunit and shifts the equilibrum between 70S ribosomes and their 50S and 30S subunits in favor of the free subunits, thus enhancing the availability of 30S subunits on which protein synthesis initiation begins	MHS423	bacteria_OG
COG0292|Bacteria	21	56.573056573056576	J	Binds directly to 23S ribosomal RNA and is necessary for the in vitro assembly process of the 50S ribosomal subunit. It is not involved in the protein synthesizing functions of that subunit	MHS423	bacteria_OG
COG0294|Bacteria	2	8.658008658008658	H	Catalyzes the condensation of para-aminobenzoate (pABA) with 6-hydroxymethyl-7,8-dihydropterin diphosphate (DHPt-PP) to form 7,8-dihydropteroate (H2Pte), the immediate precursor of folate derivatives	MHS423	bacteria_OG
COG0296|Bacteria	5	18.082235914783936	G	Catalyzes the formation of the alpha-1,6-glucosidic linkages in glycogen by scission of a 1,4-alpha-linked oligosaccharide from growing alpha-1,4-glucan chains and the subsequent attachment of the oligosaccharide to the alpha-1,6 position	MHS423	bacteria_OG
COG0300|Bacteria	1	3.584229390681003	GM	oxidoreductase activity	MHS423	bacteria_OG
COG0303|Bacteria	175	449.22234006266893	H	'Molybdopterin	MHS423	bacteria_OG
COG0304|Bacteria	2	5.376344086021505	I	beta-ketoacyl-acyl-carrier-protein synthase II activity	MHS423	bacteria_OG
COG0310|Bacteria	7	11.976110865770824	P	cobalt ion transport	MHS423	bacteria_OG
COG0314|Bacteria	2	11.695906432748536	H	molybdopterin synthase activity	MHS423	bacteria_OG
COG0316|Bacteria	18	66.01546601546602	P	Belongs to the HesB IscA family	MHS423	bacteria_OG
COG0317|Bacteria	22	49.09350716435341	KT	In eubacteria ppGpp (guanosine 3'-diphosphate 5-' diphosphate) is a mediator of the stringent response that coordinates a variety of cellular activities in response to changes in nutritional abundance	MHS423	bacteria_OG
COG0318|Bacteria	75	112.98205202034744	IQ	PFAM AMP-dependent synthetase and ligase	MHS423	bacteria_OG
COG0321|Bacteria	5	21.09704641350211	H	lipoyl(octanoyl) transferase activity	MHS423	bacteria_OG
COG0322|Bacteria	7	15.63905156719528	L	excinuclease ABC activity	MHS423	bacteria_OG
COG0324|Bacteria	29	95.6583485494015	J	Catalyzes the transfer of a dimethylallyl group onto the adenine at position 37 in tRNAs that read codons beginning with uridine, leading to the formation of N6-(dimethylallyl)adenosine (i(6)A)	MHS423	bacteria_OG
COG0325|Bacteria	2	8.032128514056225	F	Pyridoxal 5'-phosphate (PLP)-binding protein, which is involved in PLP homeostasis	MHS423	bacteria_OG
COG0332|Bacteria	2	7.092198581560284	I	Catalyzes the condensation reaction of fatty acid synthesis by the addition to an acyl acceptor of two carbons from malonyl-ACP. Catalyzes the first condensation reaction which initiates fatty acid synthesis and may therefore play a role in governing the total rate of fatty acid production. Possesses both acetoacetyl-ACP synthase and acetyl transacylase activities. Its substrate specificity determines the biosynthesis of branched- chain and or straight-chain of fatty acids	MHS423	bacteria_OG
COG0335|Bacteria	8	21.49481723949809	J	large ribosomal subunit rRNA binding	MHS423	bacteria_OG
COG0337|Bacteria	1	3.436426116838488	E	Catalyzes the conversion of 3-deoxy-D-arabino- heptulosonate 7-phosphate (DAHP) to dehydroquinate (DHQ)	MHS423	bacteria_OG
COG0341|Bacteria	9	25.05948616005542	U	Part of the Sec protein translocase complex. Interacts with the SecYEG preprotein conducting channel. SecDF uses the proton motive force (PMF) to complete protein translocation after the ATP-dependent function of SecA	MHS423	bacteria_OG
COG0343|Bacteria	1	4.016064257028113	F	queuine tRNA-ribosyltransferase activity	MHS423	bacteria_OG
COG0345|Bacteria	2	9.950248756218905	E	Catalyzes the reduction of 1-pyrroline-5-carboxylate (PCA) to L-proline	MHS423	bacteria_OG
COG0346|Bacteria	43	122.86256051697151	E	lactoylglutathione lyase activity	MHS423	bacteria_OG
COG0350|Bacteria	4	8.23045267489712	L	Involved in the cellular defense against the biological effects of O6-methylguanine (O6-MeG) and O4-methylthymine (O4-MeT) in DNA. Repairs the methylated nucleobase in DNA by stoichiometrically transferring the methyl group to a cysteine residue in the enzyme. This is a suicide reaction the enzyme is irreversibly inactivated	MHS423	bacteria_OG
COG0353|Bacteria	2	6.802721088435375	L	May play a role in DNA repair. It seems to be involved in an RecBC-independent recombinational process of DNA repair. It may act with RecF and RecO	MHS423	bacteria_OG
COG0355|Bacteria	11	29.704301075268816	C	proton-transporting ATP synthase activity, rotational mechanism	MHS423	bacteria_OG
COG0356|Bacteria	6	28.169014084507044	C	it plays a direct role in the translocation of protons across the membrane	MHS423	bacteria_OG
COG0359|Bacteria	7	22.53257768524944	J	binds to the 23S rRNA	MHS423	bacteria_OG
COG0361|Bacteria	36	100.93563419251493	J	One of the essential components for the initiation of protein synthesis. Stabilizes the binding of IF-2 and IF-3 on the 30S subunit to which N-formylmethionyl-tRNA(fMet) subsequently binds. Helps modulate mRNA selection, yielding the 30S pre- initiation complex (PIC). Upon addition of the 50S ribosomal subunit IF-1, IF-2 and IF-3 are released leaving the mature 70S translation initation complex	MHS423	bacteria_OG
COG0362|Bacteria	3	18.867924528301888	G	Catalyzes the oxidative decarboxylation of 6- phosphogluconate to ribulose 5-phosphate and CO(2), with concomitant reduction of NADP to NADPH	MHS423	bacteria_OG
COG0365|Bacteria	4	15.503875968992247	I	Catalyzes the conversion of acetate into acetyl-CoA (AcCoA), an essential intermediate at the junction of anabolic and catabolic pathways. AcsA undergoes a two-step reaction. In the first half reaction, AcsA combines acetate with ATP to form acetyl-adenylate (AcAMP) intermediate. In the second half reaction, it can then transfer the acetyl group from AcAMP to the sulfhydryl group of CoA, forming the product AcCoA	MHS423	bacteria_OG
COG0366|Bacteria	2	7.913233719685332	G	Alpha amylase catalytic	MHS423	bacteria_OG
COG0370|Bacteria	4	10.178117048346056	P	Transporter of a GTP-driven Fe(2 ) uptake system	MHS423	bacteria_OG
COG0372|Bacteria	7	11.658180976625783	C	Belongs to the citrate synthase family	MHS423	bacteria_OG
COG0373|Bacteria	3	7.886105101542327	H	Catalyzes the NADPH-dependent reduction of glutamyl- tRNA(Glu) to glutamate 1-semialdehyde (GSA)	MHS423	bacteria_OG
COG0377|Bacteria	309	538.039038680243	C	NDH-1 shuttles electrons from NADH, via FMN and iron- sulfur (Fe-S) centers, to quinones in the respiratory chain. The immediate electron acceptor for the enzyme in this species is believed to be ubiquinone. Couples the redox reaction to proton translocation (for every two electrons transferred, four hydrogen ions are translocated across the cytoplasmic membrane), and thus conserves the redox energy in a proton gradient	MHS423	bacteria_OG
COG0379|Bacteria	9	41.666666666666664	H	Catalyzes the condensation of iminoaspartate with dihydroxyacetone phosphate to form quinolinate	MHS423	bacteria_OG
COG0383|Bacteria	1	5.847953216374268	G	alpha-mannosidase activity	MHS423	bacteria_OG
COG0384|Bacteria	294	350.5034283968426	CO	phenazine biosynthesis protein PhzF	MHS423	bacteria_OG
COG0385|Bacteria	44	101.54168252759801	G	Bile acid	MHS423	bacteria_OG
COG0386|Bacteria	12	25.825475519263797	O	Belongs to the glutathione peroxidase family	MHS423	bacteria_OG
COG0389|Bacteria	6	24.390243902439025	L	Poorly processive, error-prone DNA polymerase involved in untargeted mutagenesis. Copies undamaged DNA at stalled replication forks, which arise in vivo from mismatched or misaligned primer ends. These misaligned primers can be extended by PolIV. Exhibits no 3'-5' exonuclease (proofreading) activity. May be involved in translesional synthesis, in conjunction with the beta clamp from PolIII	MHS423	bacteria_OG
COG0394|Bacteria	12	22.598870056497173	T	Belongs to the low molecular weight phosphotyrosine protein phosphatase family	MHS423	bacteria_OG
COG0396|Bacteria	5	17.3992673992674	O	ATPase activity	MHS423	bacteria_OG
COG0405|Bacteria	13	23.29749103942652	E	Gamma-glutamyltransferase	MHS423	bacteria_OG
COG0406|Bacteria	8	27.377737773777376	G	alpha-ribazole phosphatase activity	MHS423	bacteria_OG
COG0407|Bacteria	14	53.2316630355846	H	Catalyzes the decarboxylation of four acetate groups of uroporphyrinogen-III to yield coproporphyrinogen-III	MHS423	bacteria_OG
COG0415|Bacteria	428	411.4944550663031	L	Belongs to the DNA photolyase family	MHS423	bacteria_OG
COG0424|Bacteria	6	22.727272727272727	D	maF-like protein	MHS423	bacteria_OG
COG0431|Bacteria	339	1026.3206184536841	P	NADPH-dependent FMN reductase	MHS423	bacteria_OG
COG0438|Bacteria	26	83.03230912192839	M	transferase activity, transferring glycosyl groups	MHS423	bacteria_OG
COG0439|Bacteria	4	10.025062656641603	I	Biotin carboxylase	MHS423	bacteria_OG
COG0443|Bacteria	5	12.686387686387686	O	Heat shock 70 kDa protein	MHS423	bacteria_OG
COG0449|Bacteria	1	4.065040650406504	M	glutamine-fructose-6-phosphate transaminase (isomerizing) activity	MHS423	bacteria_OG
COG0450|Bacteria	11	29.52809601745772	O	alkyl hydroperoxide reductase	MHS423	bacteria_OG
COG0452|Bacteria	1	3.5087719298245617	H	Catalyzes two steps in the biosynthesis of coenzyme A. In the first step cysteine is conjugated to 4'-phosphopantothenate to form 4-phosphopantothenoylcysteine, in the latter compound is decarboxylated to form 4'-phosphopantotheine	MHS423	bacteria_OG
COG0456|Bacteria	32	67.69657466594785	K	acetyltransferase	MHS423	bacteria_OG
COG0459|Bacteria	19	21.785896643802293	O	protein refolding	MHS423	bacteria_OG
COG0461|Bacteria	1	4.385964912280701	F	Catalyzes the transfer of a ribosyl phosphate group from 5-phosphoribose 1-diphosphate to orotate, leading to the formation of orotidine monophosphate (OMP)	MHS423	bacteria_OG
COG0463|Bacteria	2	4.219409282700422	M	Glycosyl transferase, family 2	MHS423	bacteria_OG
COG0465|Bacteria	9	30.927835051546392	O	Acts as a processive, ATP-dependent zinc metallopeptidase for both cytoplasmic and membrane proteins. Plays a role in the quality control of integral membrane proteins	MHS423	bacteria_OG
COG0469|Bacteria	1	3.9215686274509802	G	pyruvate kinase activity	MHS423	bacteria_OG
COG0470|Bacteria	43	120.9214665576225	L	DNA polymerase III	MHS423	bacteria_OG
COG0472|Bacteria	3	12.16733975354665	M	First step of the lipid cycle reactions in the biosynthesis of the cell wall peptidoglycan	MHS423	bacteria_OG
COG0477|Bacteria	13	41.89796457837695	EGP	Major facilitator Superfamily	MHS423	bacteria_OG
COG0479|Bacteria	11	18.500495167844825	C	Belongs to the succinate dehydrogenase fumarate reductase iron-sulfur protein family	MHS423	bacteria_OG
COG0480|Bacteria	22	23.897099069512862	J	Catalyzes the GTP-dependent ribosomal translocation step during translation elongation. During this step, the ribosome changes from the pre-translocational (PRE) to the post- translocational (POST) state as the newly formed A-site-bound peptidyl-tRNA and P-site-bound deacylated tRNA move to the P and E sites, respectively. Catalyzes the coordinated movement of the two tRNA molecules, the mRNA and conformational changes in the ribosome	MHS423	bacteria_OG
COG0482|Bacteria	4	11.537445764950009	J	sulfurtransferase activity	MHS423	bacteria_OG
COG0483|Bacteria	1	3.4722222222222223	G	inositol monophosphate 1-phosphatase activity	MHS423	bacteria_OG
COG0484|Bacteria	180	471.7175855311213	O	heat shock protein binding	MHS423	bacteria_OG
COG0488|Bacteria	2	4.535147392290249	L	(ABC) transporter	MHS423	bacteria_OG
COG0489|Bacteria	1	4.11522633744856	D	protein tyrosine kinase activity	MHS423	bacteria_OG
COG0494|Bacteria	14	23.263405666374585	L	nUDIX hydrolase	MHS423	bacteria_OG
COG0495|Bacteria	1	5.208333333333333	J	leucyl-tRNA aminoacylation	MHS423	bacteria_OG
COG0496|Bacteria	97	134.16320885200554	P	Nucleotidase that shows phosphatase activity on nucleoside 5'-monophosphates	MHS423	bacteria_OG
COG0499|Bacteria	2	8.130081300813009	H	May play a key role in the regulation of the intracellular concentration of adenosylhomocysteine	MHS423	bacteria_OG
COG0505|Bacteria	7	14.767932489451477	F	Belongs to the CarA family	MHS423	bacteria_OG
COG0511|Bacteria	3	14.705882352941178	I	ligase activity, forming carbon-carbon bonds	MHS423	bacteria_OG
COG0515|Bacteria	80	96.61835748792271	KLT	serine threonine protein kinase	MHS423	bacteria_OG
COG0517|Bacteria	2	4.273504273504273	K	IMP dehydrogenase activity	MHS423	bacteria_OG
COG0520|Bacteria	20	59.77496483825597	E	Catalyzes the removal of elemental sulfur and selenium atoms from L-cysteine, L-cystine, L-selenocysteine, and L- selenocystine to produce L-alanine	MHS423	bacteria_OG
COG0522|Bacteria	13	19.345238095238095	J	One of the primary rRNA binding proteins, it binds directly to 16S rRNA where it nucleates assembly of the body of the 30S subunit	MHS423	bacteria_OG
COG0526|Bacteria	19	47.571783055654024	CO	COG0526, thiol-disulfide isomerase and thioredoxins	MHS423	bacteria_OG
COG0528|Bacteria	1	4.504504504504505	F	UMP kinase activity	MHS423	bacteria_OG
COG0529|Bacteria	1	5.05050505050505	P	Catalyzes the synthesis of activated sulfate	MHS423	bacteria_OG
COG0531|Bacteria	4	9.803921568627452	E	amino acid	MHS423	bacteria_OG
COG0532|Bacteria	17	57.45658538796103	J	One of the essential components for the initiation of protein synthesis. Protects formylmethionyl-tRNA from spontaneous hydrolysis and promotes its binding to the 30S ribosomal subunits. Also involved in the hydrolysis of GTP during the formation of the 70S ribosomal complex	MHS423	bacteria_OG
COG0538|Bacteria	92	328.50290961993096	C	isocitrate dehydrogenase activity	MHS423	bacteria_OG
COG0539|Bacteria	21	26.60873035532436	J	negative regulation of cytoplasmic translation	MHS423	bacteria_OG
COG0542|Bacteria	11	32.83644976000692	O	response to heat	MHS423	bacteria_OG
COG0544|Bacteria	4	5.899705014749262	D	peptidyl-prolyl cis-trans isomerase activity	MHS423	bacteria_OG
COG0546|Bacteria	27	100	O	phosphoglycolate phosphatase activity	MHS423	bacteria_OG
COG0553|Bacteria	2	7.326007326007326	L	Transcription regulator that activates transcription by stimulating RNA polymerase (RNAP) recycling in case of stress conditions such as supercoiled DNA or high salt concentrations. Probably acts by releasing the RNAP, when it is trapped or immobilized on tightly supercoiled DNA. Does not activate transcription on linear DNA. Probably not involved in DNA repair	MHS423	bacteria_OG
COG0558|Bacteria	1	3.584229390681003	I	Belongs to the CDP-alcohol phosphatidyltransferase class-I family	MHS423	bacteria_OG
COG0561|Bacteria	18	51.725908545041165	Q	phosphatase activity	MHS423	bacteria_OG
COG0563|Bacteria	19	50.99865793005447	F	adenylate kinase activity	MHS423	bacteria_OG
COG0564|Bacteria	13	31.862745098039216	J	pseudouridine synthase activity	MHS423	bacteria_OG
COG0568|Bacteria	85	151.10828401827965	K	sigma factors are initiation factors that promote the attachment of RNA polymerase to specific initiation sites and are then released	MHS423	bacteria_OG
COG0572|Bacteria	25	45.78754578754578	F	uridine kinase	MHS423	bacteria_OG
COG0576|Bacteria	17	43.154314833277944	O	Participates actively in the response to hyperosmotic and heat shock by preventing the aggregation of stress-denatured proteins, in association with DnaK and GrpE. It is the nucleotide exchange factor for DnaK and may function as a thermosensor. Unfolded proteins bind initially to DnaJ	MHS423	bacteria_OG
COG0577|Bacteria	7	14.02027027027027	V	efflux transmembrane transporter activity	MHS423	bacteria_OG
COG0579|Bacteria	16	49.42279942279942	P	oxidoreductase	MHS423	bacteria_OG
COG0580|Bacteria	1	3.7878787878787876	G	Belongs to the MIP aquaporin (TC 1.A.8) family	MHS423	bacteria_OG
COG0583|Bacteria	56	190.4203560459182	K	DNA-binding transcription factor activity	MHS423	bacteria_OG
COG0586|Bacteria	3	6.289308176100629	V	Pfam SNARE associated Golgi protein	MHS423	bacteria_OG
COG0589|Bacteria	73	45.99873976055451	T	response to stress	MHS423	bacteria_OG
COG0590|Bacteria	9	28.698664027709057	FJ	tRNA wobble adenosine to inosine editing	MHS423	bacteria_OG
COG0595|Bacteria	94	171.68505759341588	H	An RNase that has 5'-3' exonuclease and possibly endonuclease activity. Involved in maturation of rRNA and in some organisms also mRNA maturation and or decay	MHS423	bacteria_OG
COG0596|Bacteria	118	213.08383703165754	J	Alpha beta hydrolase	MHS423	bacteria_OG
COG0597|Bacteria	10	21.09704641350211	MU	This protein specifically catalyzes the removal of signal peptides from prolipoproteins	MHS423	bacteria_OG
COG0601|Bacteria	2	9.25925925925926	P	transmembrane transport	MHS423	bacteria_OG
COG0602|Bacteria	1	3.875968992248062	H	queuosine metabolic process	MHS423	bacteria_OG
COG0604|Bacteria	33	80.3628304138909	C	alcohol dehydrogenase	MHS423	bacteria_OG
COG0605|Bacteria	22	76.3506890875955	C	Destroys radicals which are normally produced within the cells and which are toxic to biological systems	MHS423	bacteria_OG
COG0607|Bacteria	10	29.08762420957543	P	Catalyzes the ATP-dependent transfer of a sulfur to tRNA to produce 4-thiouridine in position 8 of tRNAs, which functions as a near-UV photosensor. Also catalyzes the transfer of sulfur to the sulfur carrier protein ThiS, forming ThiS-thiocarboxylate. This is a step in the synthesis of thiazole, in the thiamine biosynthesis pathway. The sulfur is donated as persulfide by IscS	MHS423	bacteria_OG
COG0609|Bacteria	4	5.9790732436472345	P	Belongs to the binding-protein-dependent transport system permease family. FecCD subfamily	MHS423	bacteria_OG
COG0612|Bacteria	13	37.719298245614034	L	Peptidase, M16	MHS423	bacteria_OG
COG0613|Bacteria	2	11.49425287356322	Q	PHP domain protein	MHS423	bacteria_OG
COG0614|Bacteria	8	39.73034997131383	P	abc-type fe3 -hydroxamate transport system, periplasmic component	MHS423	bacteria_OG
COG0617|Bacteria	109	240.02685078634445	J	tRNA 3'-terminal CCA addition	MHS423	bacteria_OG
COG0619|Bacteria	59	138.49765258215962	P	Transmembrane (T) component of an energy-coupling factor (ECF) ABC-transporter complex. Unlike classic ABC transporters this ECF transporter provides the energy necessary to transport a number of different substrates	MHS423	bacteria_OG
COG0621|Bacteria	4	7.797270955165692	J	Catalyzes the methylthiolation of N6- (dimethylallyl)adenosine (i(6)A), leading to the formation of 2- methylthio-N6-(dimethylallyl)adenosine (ms(2)i(6)A) at position 37 in tRNAs that read codons beginning with uridine	MHS423	bacteria_OG
COG0622|Bacteria	2	4.7281323877068555	T	Phosphoesterase	MHS423	bacteria_OG
COG0623|Bacteria	1	5.128205128205128	I	enoyl-[acyl-carrier-protein] reductase (NADH) activity	MHS423	bacteria_OG
COG0628|Bacteria	6	23.944543756240538	D	permease	MHS423	bacteria_OG
COG0629|Bacteria	10	30.920177271671864	L	single-stranded DNA binding	MHS423	bacteria_OG
COG0642|Bacteria	4	17.77777777777778	T	Histidine kinase	MHS423	bacteria_OG
COG0647|Bacteria	1	6.666666666666667	G	UMP catabolic process	MHS423	bacteria_OG
COG0652|Bacteria	818	2573.748599982769	O	PPIases accelerate the folding of proteins. It catalyzes the cis-trans isomerization of proline imidic peptide bonds in oligopeptides	MHS423	bacteria_OG
COG0653|Bacteria	2	7.880870561282933	U	protein targeting	MHS423	bacteria_OG
COG0656|Bacteria	12	17.964154159107153	AT	L-ascorbic acid biosynthetic process	MHS423	bacteria_OG
COG0662|Bacteria	10	21.645021645021643	G	Cupin 2, conserved barrel domain protein	MHS423	bacteria_OG
COG0665|Bacteria	2	3.875968992248062	E	tRNA (5-methylaminomethyl-2-thiouridylate)-methyltransferase activity	MHS423	bacteria_OG
COG0667|Bacteria	10	20.48555732766259	C	Aldo Keto reductase	MHS423	bacteria_OG
COG0668|Bacteria	16	40	M	transmembrane transport	MHS423	bacteria_OG
COG0673|Bacteria	490	1130.5006784416494	KT	inositol 2-dehydrogenase activity	MHS423	bacteria_OG
COG0674|Bacteria	36	62.827225130890056	C	pyruvate-flavodoxin oxidoreductase activity	MHS423	bacteria_OG
COG0683|Bacteria	4	7.326007326007326	E	leucine binding	MHS423	bacteria_OG
COG0691|Bacteria	4	20.51282051282051	O	Required for rescue of stalled ribosomes mediated by trans-translation. Binds to transfer-messenger RNA (tmRNA), required for stable association of tmRNA with ribosomes. tmRNA and SmpB together mimic tRNA shape, replacing the anticodon stem-loop with SmpB. tmRNA is encoded by the ssrA gene	MHS423	bacteria_OG
COG0693|Bacteria	22	39.33813962743568	Q	protein deglycase activity	MHS423	bacteria_OG
COG0701|Bacteria	11	41.83501683501684	L	Predicted permease	MHS423	bacteria_OG
COG0702|Bacteria	1	3.745318352059925	GM	epimerase	MHS423	bacteria_OG
COG0703|Bacteria	5	17.791732077446362	F	Catalyzes the specific phosphorylation of the 3-hydroxyl group of shikimic acid using ATP as a cosubstrate	MHS423	bacteria_OG
COG0708|Bacteria	8	34.63203463203463	L	Exodeoxyribonuclease III	MHS423	bacteria_OG
COG0711|Bacteria	18	30.612244897959187	C	Component of the F(0) channel, it forms part of the peripheral stalk, linking F(1) to F(0)	MHS423	bacteria_OG
COG0712|Bacteria	7	27.972552564606165	C	F(1)F(0) ATP synthase produces ATP from ADP in the presence of a proton or sodium gradient. F-type ATPases consist of two structural domains, F(1) containing the extramembraneous catalytic core and F(0) containing the membrane proton channel, linked together by a central stalk and a peripheral stalk. During catalysis, ATP synthesis in the catalytic domain of F(1) is coupled via a rotary mechanism of the central stalk subunits to proton translocation	MHS423	bacteria_OG
COG0718|Bacteria	10	31.746031746031747	K	Binds to DNA and alters its conformation. May be involved in regulation of gene expression, nucleoid organization and DNA protection	MHS423	bacteria_OG
COG0723|Bacteria	113	607.5268817204301	C	plastoquinol--plastocyanin reductase activity	MHS423	bacteria_OG
COG0727|Bacteria	1	3.546099290780142	T	PFAM Uncharacterised protein family (UPF0153)	MHS423	bacteria_OG
COG0728|Bacteria	14	31.746031746031747	M	peptidoglycan biosynthetic process	MHS423	bacteria_OG
COG0740|Bacteria	12	38.46509477577439	OU	serine-type endopeptidase activity	MHS423	bacteria_OG
COG0743|Bacteria	5	15.290519877675841	I	1-deoxy-D-xylulose-5-phosphate reductoisomerase activity	MHS423	bacteria_OG
COG0745|Bacteria	20	49.648119026109455	T	RESPONSE REGULATOR receiver	MHS423	bacteria_OG
COG0753|Bacteria	10588	6671.674951283595	P	catalase activity	MHS423	bacteria_OG
COG0759|Bacteria	17	72.44110902647488	M	Could be involved in insertion of integral membrane proteins into the membrane	MHS423	bacteria_OG
COG0764|Bacteria	6	25.64102564102564	I	3-hydroxyoctanoyl-[acyl-carrier-protein] dehydratase activity	MHS423	bacteria_OG
COG0765|Bacteria	5	21.367521367521366	P	amino acid transport	MHS423	bacteria_OG
COG0768|Bacteria	5	9.057971014492752	M	penicillin binding	MHS423	bacteria_OG
COG0769|Bacteria	9	38.430904022301874	M	Catalyzes the addition of meso-diaminopimelic acid to the nucleotide precursor UDP-N-acetylmuramoyl-L-alanyl-D-glutamate (UMAG) in the biosynthesis of bacterial cell-wall peptidoglycan	MHS423	bacteria_OG
COG0772|Bacteria	3	10.345074455899198	D	Belongs to the SEDS family	MHS423	bacteria_OG
COG0773|Bacteria	11	27.56892230576441	M	UDP-N-acetylmuramate-L-alanine ligase activity	MHS423	bacteria_OG
COG0776|Bacteria	14	52.84493284493284	L	regulation of translation	MHS423	bacteria_OG
COG0779|Bacteria	15	33.11258278145695	S	Required for maturation of 30S ribosomal subunits	MHS423	bacteria_OG
COG0782|Bacteria	7	25.362318840579707	K	Necessary for efficient RNA polymerase transcription elongation past template-encoded arresting sites. The arresting sites in DNA have the property of trapping a certain fraction of elongating RNA polymerases that pass through, resulting in locked ternary complexes. Cleavage of the nascent transcript by cleavage factors such as GreA or GreB allows the resumption of elongation from the new 3'terminus	MHS423	bacteria_OG
COG0783|Bacteria	31	70.06893186783331	P	Belongs to the Dps family	MHS423	bacteria_OG
COG0789|Bacteria	8	18.4072385688631	K	Transcriptional regulator	MHS423	bacteria_OG
COG0794|Bacteria	1	4.016064257028113	M	Belongs to the SIS family. GutQ KpsF subfamily	MHS423	bacteria_OG
COG0799|Bacteria	1	3.4013605442176873	H	negative regulation of ribosome biogenesis	MHS423	bacteria_OG
COG0801|Bacteria	1	4.219409282700422	H	2-amino-4-hydroxy-6-hydroxymethyldihydropteridine pyrophosphokinase	MHS423	bacteria_OG
COG0802|Bacteria	22	47.008547008547005	M	atpase or kinase	MHS423	bacteria_OG
COG0803|Bacteria	5	21.645021645021643	P	Belongs to the bacterial solute-binding protein 9 family	MHS423	bacteria_OG
COG0804|Bacteria	118	167.3758865248227	E	urea catabolic process	MHS423	bacteria_OG
COG0806|Bacteria	3	13.698630136986301	J	An accessory protein needed during the final step in the assembly of 30S ribosomal subunit, possibly for assembly of the head region. Probably interacts with S19. Essential for efficient processing of 16S rRNA. May be needed both before and after RbfA during the maturation of 16S rRNA. It has affinity for free ribosomal 30S subunits but not for 70S ribosomes	MHS423	bacteria_OG
COG0816|Bacteria	2	9.132420091324201	L	Could be a nuclease involved in processing of the 5'-end of pre-16S rRNA	MHS423	bacteria_OG
COG0817|Bacteria	1	4.016064257028113	L	Nuclease that resolves Holliday junction intermediates in genetic recombination. Cleaves the cruciform structure in supercoiled DNA by nicking to strands with the same polarity at sites symmetrically opposed at the junction in the homologous arms and leaves a 5'-terminal phosphate and a 3'-terminal hydroxyl group	MHS423	bacteria_OG
COG0820|Bacteria	9	32.60869565217391	J	rRNA (adenine-C2-)-methyltransferase activity	MHS423	bacteria_OG
COG0821|Bacteria	1	4.694835680751174	I	Converts 2C-methyl-D-erythritol 2,4-cyclodiphosphate (ME-2,4cPP) into 1-hydroxy-2-methyl-2-(E)-butenyl 4-diphosphate	MHS423	bacteria_OG
COG0822|Bacteria	16	47.667583513904646	C	iron-sulfur transferase activity	MHS423	bacteria_OG
COG0826|Bacteria	1	3.9682539682539684	O	peptidase U32	MHS423	bacteria_OG
COG0828|Bacteria	8	45.19774011299435	J	Belongs to the bacterial ribosomal protein bS21 family	MHS423	bacteria_OG
COG0829|Bacteria	1	3.546099290780142	O	nickel cation binding	MHS423	bacteria_OG
COG0840|Bacteria	24	108.76572122473762	NT	transmembrane signaling receptor activity	MHS423	bacteria_OG
COG0843|Bacteria	121	440.1311249137336	C	Cytochrome c oxidase is the component of the respiratory chain that catalyzes the reduction of oxygen to water. Subunits 1- 3 form the functional core of the enzyme complex. CO I is the catalytic subunit of the enzyme. Electrons originating in cytochrome c are transferred via the copper A center of subunit 2 and heme A of subunit 1 to the bimetallic center formed by heme A3 and copper B	MHS423	bacteria_OG
COG0846|Bacteria	11	18.109946681375256	K	NAD-dependent lysine deacetylase and desuccinylase that specifically removes acetyl and succinyl groups on target proteins. Modulates the activities of several proteins which are inactive in their acylated form	MHS423	bacteria_OG
COG0852|Bacteria	2	8.23045267489712	C	NDH-1 shuttles electrons from NADH, via FMN and iron- sulfur (Fe-S) centers, to quinones in the respiratory chain. The immediate electron acceptor for the enzyme in this species is believed to be ubiquinone. Couples the redox reaction to proton translocation (for every two electrons transferred, four hydrogen ions are translocated across the cytoplasmic membrane), and thus conserves the redox energy in a proton gradient	MHS423	bacteria_OG
COG1004|Bacteria	70	228.02419937046986	M	Belongs to the UDP-glucose GDP-mannose dehydrogenase family	MHS423	bacteria_OG
COG1005|Bacteria	2	3.992015968063872	C	NDH-1 shuttles electrons from NADH, via FMN and iron- sulfur (Fe-S) centers, to quinones in the respiratory chain. The immediate electron acceptor for the enzyme in this species is believed to be ubiquinone. Couples the redox reaction to proton translocation (for every two electrons transferred, four hydrogen ions are translocated across the cytoplasmic membrane), and thus conserves the redox energy in a proton gradient. This subunit may bind ubiquinone	MHS423	bacteria_OG
COG1006|Bacteria	2	7.168458781362006	P	Multisubunit Na H antiporter MnhC subunit	MHS423	bacteria_OG
COG1009|Bacteria	4	12.121212121212121	CP	NADH ubiquinone oxidoreductase subunit 5 chain L Multisubunit Na H antiporter, MnhA subunit	MHS423	bacteria_OG
COG1012|Bacteria	50	161.8363632368452	C	belongs to the aldehyde dehydrogenase family	MHS423	bacteria_OG
COG1013|Bacteria	2	8.771929824561402	C	pyruvate-flavodoxin oxidoreductase activity	MHS423	bacteria_OG
COG1018|Bacteria	2429	3072.5164578335616	C	Is involved in NO detoxification in an aerobic process, termed nitric oxide dioxygenase (NOD) reaction that utilizes O(2) and NAD(P)H to convert NO to nitrate, which protects the bacterium from various noxious nitrogen compounds. Therefore, plays a central role in the inducible response to nitrosative stress	MHS423	bacteria_OG
COG1020|Bacteria	699	1362.5730994152048	Q	D-alanine [D-alanyl carrier protein] ligase activity	MHS423	bacteria_OG
COG1022|Bacteria	11	51.64319248826291	I	Amp-dependent synthetase and ligase	MHS423	bacteria_OG
COG1028|Bacteria	36	95.07561525295861	IQ	Short-chain dehydrogenase reductase Sdr	MHS423	bacteria_OG
COG1038|Bacteria	27	86.53846153846153	C	Catalyzes a 2-step reaction, involving the ATP-dependent carboxylation of the covalently attached biotin in the first step and the transfer of the carboxyl group to pyruvate in the second	MHS423	bacteria_OG
COG1045|Bacteria	2	9.529521524723444	E	serine acetyltransferase	MHS423	bacteria_OG
COG1051|Bacteria	12	40.40404040404041	F	belongs to the nudix hydrolase family	MHS423	bacteria_OG
COG1053|Bacteria	37	129.8481912144703	C	succinate dehydrogenase	MHS423	bacteria_OG
COG1055|Bacteria	34	98.35271317829456	P	Involved in arsenical resistance. Thought to form the channel of an arsenite pump	MHS423	bacteria_OG
COG1061|Bacteria	62	127.66526019690576	L	Type III restriction enzyme res subunit	MHS423	bacteria_OG
COG1063|Bacteria	2294	4214.0279327868475	E	alcohol dehydrogenase	MHS423	bacteria_OG
COG1064|Bacteria	6	21.05263157894737	P	alcohol dehydrogenase	MHS423	bacteria_OG
COG1066|Bacteria	3	17.857142857142858	O	DNA-dependent ATPase involved in processing of recombination intermediates, plays a role in repairing DNA breaks. Stimulates the branch migration of RecA-mediated strand transfer reactions, allowing the 3' invading strand to extend heteroduplex DNA faster. Binds ssDNA in the presence of ADP but not other nucleotides, has ATPase activity that is stimulated by ssDNA and various branched DNA structures, but inhibited by SSB. Does not have RecA's homology-searching function	MHS423	bacteria_OG
COG1070|Bacteria	1	3.3333333333333335	G	Carbohydrate kinase	MHS423	bacteria_OG
COG1075|Bacteria	2	4.246284501061571	KLT	acetyltransferases and hydrolases with the alpha beta hydrolase fold	MHS423	bacteria_OG
COG1079|Bacteria	12	30.26150508164897	S	Belongs to the binding-protein-dependent transport system permease family	MHS423	bacteria_OG
COG1080|Bacteria	4	15.503875968992247	G	General (non sugar-specific) component of the phosphoenolpyruvate-dependent sugar phosphotransferase system (sugar PTS). This major carbohydrate active-transport system catalyzes the phosphorylation of incoming sugar substrates concomitantly with their translocation across the cell membrane. Enzyme I transfers the phosphoryl group from phosphoenolpyruvate (PEP) to the phosphoryl carrier protein (HPr)	MHS423	bacteria_OG
COG1082|Bacteria	58	45.59748427672956	G	Xylose isomerase domain protein TIM barrel	MHS423	bacteria_OG
COG1090|Bacteria	4	8.94854586129754	GM	epimerase	MHS423	bacteria_OG
COG1091|Bacteria	41	46.32768361581921	M	dTDP-4-dehydrorhamnose reductase activity	MHS423	bacteria_OG
COG1113|Bacteria	4	13.883464753423517	E	amino acid transport	MHS423	bacteria_OG
COG1131|Bacteria	19	70.35074849458972	V	(ABC) transporter	MHS423	bacteria_OG
COG1132|Bacteria	18	44.11764705882353	V	(ABC) transporter	MHS423	bacteria_OG
COG1134|Bacteria	13	35.230352303523034	GM	teichoic acid transport	MHS423	bacteria_OG
COG1136|Bacteria	15	62.81704830986583	V	(ABC) transporter	MHS423	bacteria_OG
COG1140|Bacteria	1	3.436426116838488	C	nitrate reductase beta subunit	MHS423	bacteria_OG
COG1143|Bacteria	1	3.546099290780142	C	NDH-1 shuttles electrons from NADH, via FMN and iron- sulfur (Fe-S) centers, to quinones in the respiratory chain. The immediate electron acceptor for the enzyme in this species is believed to be ubiquinone. Couples the redox reaction to proton translocation (for every two electrons transferred, four hydrogen ions are translocated across the cytoplasmic membrane), and thus conserves the redox energy in a proton gradient	MHS423	bacteria_OG
COG1158|Bacteria	13	16.049382716049383	K	Facilitates transcription termination by a mechanism that involves Rho binding to the nascent RNA, activation of Rho's RNA-dependent ATPase activity, and release of the mRNA from the DNA template	MHS423	bacteria_OG
COG1164|Bacteria	13	25.341130604288498	E	Oligoendopeptidase f	MHS423	bacteria_OG
COG1175|Bacteria	10	31.666077530340516	P	transmembrane transport	MHS423	bacteria_OG
COG1180|Bacteria	11	51.64319248826291	C	Activation of pyruvate formate-lyase under anaerobic conditions by generation of an organic free radical, using S- adenosylmethionine and reduced flavodoxin as cosubstrates to produce 5'-deoxy-adenosine	MHS423	bacteria_OG
COG1185|Bacteria	1	4.566210045662101	J	polyribonucleotide nucleotidyltransferase activity	MHS423	bacteria_OG
COG1188|Bacteria	2	7.4074074074074066	J	Ribosome-associated heat shock protein implicated in the recycling of the 50S subunit, (S4 paralog))	MHS423	bacteria_OG
COG1192|Bacteria	3	7.299270072992702	D	Involved in chromosome partitioning	MHS423	bacteria_OG
COG1194|Bacteria	10	20.080321285140563	L	a g-specific adenine glycosylase	MHS423	bacteria_OG
COG1195|Bacteria	1	3.584229390681003	L	it is required for DNA replication and normal SOS inducibility. RecF binds preferentially to single-stranded, linear DNA. It also seems to bind ATP	MHS423	bacteria_OG
COG1205|Bacteria	10	18.416206261510126	L	dead DEAH box helicase	MHS423	bacteria_OG
COG1207|Bacteria	7	17.953929539295395	M	Catalyzes the last two sequential reactions in the de novo biosynthetic pathway for UDP-N-acetylglucosamine (UDP- GlcNAc). The C-terminal domain catalyzes the transfer of acetyl group from acetyl coenzyme A to glucosamine-1-phosphate (GlcN-1-P) to produce N-acetylglucosamine-1-phosphate (GlcNAc-1-P), which is converted into UDP-GlcNAc by the transfer of uridine 5- monophosphate (from uridine 5-triphosphate), a reaction catalyzed by the N-terminal domain	MHS423	bacteria_OG
COG1209|Bacteria	2	12.413793103448278	M	Catalyzes the formation of dTDP-glucose, from dTTP and glucose 1-phosphate, as well as its pyrophosphorolysis	MHS423	bacteria_OG
COG1219|Bacteria	2	7.024548950014788	O	ATP-dependent specificity component of the Clp protease. It directs the protease to specific substrates. Can perform chaperone functions in the absence of ClpP	MHS423	bacteria_OG
COG1225|Bacteria	23	35.74203574203574	O	Alkyl hydroperoxide reductase Thiol specific antioxidant Mal allergen	MHS423	bacteria_OG
COG1231|Bacteria	137	219.55128205128204	E	oxidoreductase activity	MHS423	bacteria_OG
COG1232|Bacteria	18	39.03827002418552	H	Catalyzes the 6-electron oxidation of protoporphyrinogen-IX to form protoporphyrin-IX	MHS423	bacteria_OG
COG1235|Bacteria	4	21.50537634408602	P	May be involved in the transport of PQQ or its precursor to the periplasm	MHS423	bacteria_OG
COG1240|Bacteria	1	5.291005291005291	H	Involved in chlorophyll biosynthesis. Catalyzes the insertion of magnesium ion into protoporphyrin IX to yield Mg- protoporphyrin IX	MHS423	bacteria_OG
COG1247|Bacteria	1	4.504504504504505	M	-acetyltransferase	MHS423	bacteria_OG
COG1249|Bacteria	8	34.64435624129362	C	Belongs to the class-I pyridine nucleotide-disulfide oxidoreductase family	MHS423	bacteria_OG
COG1251|Bacteria	9	29.12621359223301	C	Belongs to the nitrite and sulfite reductase 4Fe-4S domain family	MHS423	bacteria_OG
COG1254|Bacteria	328	1516.6259263570403	C	Belongs to the acylphosphatase family	MHS423	bacteria_OG
COG1266|Bacteria	3	11.720191952750092	V	CAAX protease self-immunity	MHS423	bacteria_OG
COG1271|Bacteria	4	17.094017094017094	C	oxidase subunit	MHS423	bacteria_OG
COG1278|Bacteria	36	119.57496893558275	K	Cold shock	MHS423	bacteria_OG
COG1294|Bacteria	1	3.7878787878787876	C	oxidase, subunit	MHS423	bacteria_OG
COG1301|Bacteria	2	6.872852233676976	C	dicarboxylic acid transport	MHS423	bacteria_OG
COG1302|Bacteria	15	38.42020595630284	M	Protein conserved in bacteria	MHS423	bacteria_OG
COG1309|Bacteria	13	44.32311486569429	K	transcriptional regulator	MHS423	bacteria_OG
COG1314|Bacteria	1	3.4722222222222223	U	P-P-bond-hydrolysis-driven protein transmembrane transporter activity	MHS423	bacteria_OG
COG1329|Bacteria	3	6.0606060606060606	K	Transcriptional regulator	MHS423	bacteria_OG
COG1335|Bacteria	3	14.285714285714286	Q	isochorismatase	MHS423	bacteria_OG
COG1343|Bacteria	18	61.855670103092784	L	CRISPR (clustered regularly interspaced short palindromic repeat), is an adaptive immune system that provides protection against mobile genetic elements (viruses, transposable elements and conjugative plasmids). CRISPR clusters contain sequences complementary to antecedent mobile elements and target invading nucleic acids. CRISPR clusters are transcribed and processed into CRISPR RNA (crRNA). Functions as a ssRNA-specific endoribonuclease. Involved in the integration of spacer DNA into the CRISPR cassette	MHS423	bacteria_OG
COG1346|Bacteria	3	13.205577053006571	M	cytolysis	MHS423	bacteria_OG
COG1349|Bacteria	39	82.6828598379903	K	DNA-binding transcription factor activity	MHS423	bacteria_OG
COG1351|Bacteria	3	15.625	F	Catalyzes the reductive methylation of 2'-deoxyuridine- 5'-monophosphate (dUMP) to 2'-deoxythymidine-5'-monophosphate (dTMP) while utilizing 5,10-methylenetetrahydrofolate (mTHF) as the methyl donor, and NAD(P)H and FADH(2) as the reductant	MHS423	bacteria_OG
COG1352|Bacteria	1	3.7878787878787876	NT	Methylation of the membrane-bound methyl-accepting chemotaxis proteins (MCP) to form gamma-glutamyl methyl ester residues in MCP	MHS423	bacteria_OG
COG1358|Bacteria	21	78.57239345205969	J	cellular component organization or biogenesis	MHS423	bacteria_OG
COG1359|Bacteria	845	4974.636560470151	E	(4S)-4-hydroxy-5-phosphonooxypentane-2,3-dione isomerase activity	MHS423	bacteria_OG
COG1366|Bacteria	10	30.3030303030303	T	Belongs to the anti-sigma-factor antagonist family	MHS423	bacteria_OG
COG1385|Bacteria	7	26.48092369477912	J	rRNA (uridine-N3-)-methyltransferase activity	MHS423	bacteria_OG
COG1388|Bacteria	3	8.19672131147541	M	LysM domain	MHS423	bacteria_OG
COG1393|Bacteria	1	3.7878787878787876	P	Belongs to the ArsC family	MHS423	bacteria_OG
COG1396|Bacteria	92	308.61692503088193	K	sequence-specific DNA binding	MHS423	bacteria_OG
COG1399|Bacteria	2	8.438818565400844	K	metal-binding, possibly nucleic acid-binding protein	MHS423	bacteria_OG
COG1403|Bacteria	3	11.363636363636363	V	HNH endonuclease	MHS423	bacteria_OG
COG1404|Bacteria	17	40.78367821823319	O	Belongs to the peptidase S8 family	MHS423	bacteria_OG
COG1409|Bacteria	365	316.7528630798871	DZ	Hydrolyzes cAMP to 5'-AMP. Plays an important regulatory role in modulating the intracellular concentration of cAMP, thereby influencing cAMP-dependent processes	MHS423	bacteria_OG
COG1418|Bacteria	11	43.13725490196079	FJ	mRNA catabolic process	MHS423	bacteria_OG
COG1420|Bacteria	17	43.30413016270338	K	regulation of RNA biosynthetic process	MHS423	bacteria_OG
COG1435|Bacteria	3	17.543859649122805	F	thymidine kinase activity	MHS423	bacteria_OG
COG1438|Bacteria	22	42.032951039180304	K	arginine binding	MHS423	bacteria_OG
COG1445|Bacteria	1	4.065040650406504	G	protein-N(PI)-phosphohistidine-fructose phosphotransferase system transporter activity	MHS423	bacteria_OG
COG1451|Bacteria	5	20.5761316872428	V	nucleotide metabolic process	MHS423	bacteria_OG
COG1454|Bacteria	1	6.172839506172839	C	alcohol dehydrogenase	MHS423	bacteria_OG
COG1464|Bacteria	1	3.367003367003367	P	Belongs to the NlpA lipoprotein family	MHS423	bacteria_OG
COG1469|Bacteria	1	4.694835680751174	H	GTP cyclohydrolase I activity	MHS423	bacteria_OG
COG1472|Bacteria	26	121.21212121212122	G	Belongs to the glycosyl hydrolase 3 family	MHS423	bacteria_OG
COG1475|Bacteria	1	4.62962962962963	K	DNA binding	MHS423	bacteria_OG
COG1488|Bacteria	4	19.047619047619047	H	Catalyzes the synthesis of beta-nicotinate D- ribonucleotide from nicotinate and 5-phospho-D-ribose 1-phosphate at the expense of ATP	MHS423	bacteria_OG
COG1496|Bacteria	2	4.444444444444445	D	oxidoreductase activity	MHS423	bacteria_OG
COG1506|Bacteria	42	90.32258064516128	E	peptidase	MHS423	bacteria_OG
COG1507|Bacteria	1	5.291005291005291	FP	Septum formation initiator family protein	MHS423	bacteria_OG
COG1515|Bacteria	2	9.803921568627452	L	deoxyribonuclease V activity	MHS423	bacteria_OG
COG1522|Bacteria	1	3.7878787878787876	K	sequence-specific DNA binding	MHS423	bacteria_OG
COG1528|Bacteria	21	46.666666666666664	P	Iron-storage protein	MHS423	bacteria_OG
COG1530|Bacteria	2	3.5087719298245617	J	ribonuclease E activity	MHS423	bacteria_OG
COG1538|Bacteria	45	84.7457627118644	MU	Outer membrane efflux protein	MHS423	bacteria_OG
COG1544|Bacteria	2	4.11522633744856	J	Required for dimerization of active 70S ribosomes into 100S ribosomes in stationary phase	MHS423	bacteria_OG
COG1551|Bacteria	3	16.129032258064516	T	Could accelerate the degradation of some genes transcripts potentially through selective RNA binding	MHS423	bacteria_OG
COG1554|Bacteria	1	3.367003367003367	G	hydrolase, family 65, central catalytic	MHS423	bacteria_OG
COG1574|Bacteria	5	19.607843137254903	G	metal-dependent hydrolase with the TIM-barrel fold	MHS423	bacteria_OG
COG1575|Bacteria	4	9.244534910841125	H	Belongs to the MenA family. Type 1 subfamily	MHS423	bacteria_OG
COG1579|Bacteria	1	4.385964912280701	N	Zn-ribbon protein possibly nucleic acid-binding	MHS423	bacteria_OG
COG1589|Bacteria	1	4.830917874396135	D	Essential cell division protein. May link together the upstream cell division proteins, which are predominantly cytoplasmic, with the downstream cell division proteins, which are predominantly periplasmic. May control correct divisome assembly	MHS423	bacteria_OG
COG1595|Bacteria	19	34.165953598154786	K	DNA-templated transcription, initiation	MHS423	bacteria_OG
COG1605|Bacteria	124	194.0532081377152	E	Chorismate mutase	MHS423	bacteria_OG
COG1610|Bacteria	2	10.1010101010101	D	YqeY-like protein	MHS423	bacteria_OG
COG1615|Bacteria	2	7.8431372549019605	M	UPF0182 protein	MHS423	bacteria_OG
COG1622|Bacteria	1	4.016064257028113	C	oxidoreductase activity, acting on a heme group of donors, oxygen as acceptor	MHS423	bacteria_OG
COG1637|Bacteria	4	14.712340799297321	L	Cleaves both 3' and 5' ssDNA extremities of branched DNA structures	MHS423	bacteria_OG
COG1660|Bacteria	1	3.584229390681003	T	Displays ATPase and GTPase activities	MHS423	bacteria_OG
COG1672|Bacteria	5	21.367521367521366	C	PFAM Archaeal ATPase	MHS423	bacteria_OG
COG1674|Bacteria	12	27.210884353741495	D	ftsk spoiiie	MHS423	bacteria_OG
COG1695|Bacteria	20	76.34957634957635	K	Transcriptional regulator	MHS423	bacteria_OG
COG1696|Bacteria	2	9.523809523809524	M	Membrane protein involved in D-alanine export	MHS423	bacteria_OG
COG1714|Bacteria	1	4.830917874396135	M	RDD family	MHS423	bacteria_OG
COG1716|Bacteria	11	40.46450670247206	T	ATPase activity	MHS423	bacteria_OG
COG1721|Bacteria	3	12.5	E	protein (some members contain a von Willebrand factor type A (vWA) domain	MHS423	bacteria_OG
COG1734|Bacteria	4	17.094017094017094	T	Transcription factor that acts by binding directly to the RNA polymerase (RNAP). Required for negative regulation of rRNA expression and positive regulation of several amino acid biosynthesis promoters	MHS423	bacteria_OG
COG1758|Bacteria	15	67.80262329993708	K	RNA polymerase activity	MHS423	bacteria_OG
COG1762|Bacteria	14	42.01918679908132	G	phosphoenolpyruvate-dependent sugar phosphotransferase system	MHS423	bacteria_OG
COG1764|Bacteria	266	1032.2520814706188	O	response to oxidative stress	MHS423	bacteria_OG
COG1773|Bacteria	2	11.904761904761903	C	rubredoxin	MHS423	bacteria_OG
COG1780|Bacteria	5	26.455026455026456	F	Probably involved in ribonucleotide reductase function	MHS423	bacteria_OG
COG1788|Bacteria	471	796.9543147208122	I	Acyl CoA acetate 3-ketoacid CoA transferase, alpha subunit	MHS423	bacteria_OG
COG1799|Bacteria	3	8.620689655172415	D	cell septum assembly	MHS423	bacteria_OG
COG1814|Bacteria	7	15.15151515151515	P	membrane	MHS423	bacteria_OG
COG1820|Bacteria	3	11.11111111111111	G	Belongs to the metallo-dependent hydrolases superfamily. NagA family	MHS423	bacteria_OG
COG1835|Bacteria	55	78.01418439716312	I	transferase activity, transferring acyl groups other than amino-acyl groups	MHS423	bacteria_OG
COG1841|Bacteria	11	49.4215493050609	J	ribosomal large subunit assembly	MHS423	bacteria_OG
COG1842|Bacteria	39	64.35643564356435	KT	Phage shock protein A	MHS423	bacteria_OG
COG1845|Bacteria	2	10.226385636221702	C	cytochrome c oxidase, subunit III	MHS423	bacteria_OG
COG1862|Bacteria	11	42.63565891472868	U	Preprotein translocase	MHS423	bacteria_OG
COG1866|Bacteria	2	4.597701149425287	H	Involved in the gluconeogenesis. Catalyzes the conversion of oxaloacetate (OAA) to phosphoenolpyruvate (PEP) through direct phosphoryl transfer between the nucleoside triphosphate and OAA	MHS423	bacteria_OG
COG1874|Bacteria	183	187.11656441717793	G	Beta-galactosidase	MHS423	bacteria_OG
COG1881|Bacteria	92	82.21626452189454	EGP	PFAM PEBP family protein	MHS423	bacteria_OG
COG1882|Bacteria	7	24.822695035460995	C	Formate acetyltransferase	MHS423	bacteria_OG
COG1902|Bacteria	84	251.40977443609023	C	pentaerythritol trinitrate reductase activity	MHS423	bacteria_OG
COG1905|Bacteria	8	25.641025641025642	C	PFAM NADH dehydrogenase (ubiquinone) 24 kDa subunit	MHS423	bacteria_OG
COG1914|Bacteria	2	5.74712643678161	P	H( )-stimulated, divalent metal cation uptake system	MHS423	bacteria_OG
COG1923|Bacteria	1	4.219409282700422	S	regulation of RNA biosynthetic process	MHS423	bacteria_OG
COG1925|Bacteria	1	3.745318352059925	G	phosphoenolpyruvate-dependent sugar phosphotransferase system	MHS423	bacteria_OG
COG1930|Bacteria	6	13.793103448275863	P	Part of the energy-coupling factor (ECF) transporter complex CbiMNOQ involved in cobalt import	MHS423	bacteria_OG
COG1937|Bacteria	60	223.99862699511928	Q	Protein conserved in bacteria	MHS423	bacteria_OG
COG1938|Bacteria	11	30.97623999495809	T	PAC2 family	MHS423	bacteria_OG
COG1940|Bacteria	2	8.048968575284364	GK	carbohydrate kinase activity	MHS423	bacteria_OG
COG1946|Bacteria	3	8.449277680046912	I	Acyl-CoA thioesterase	MHS423	bacteria_OG
COG1951|Bacteria	1	5.952380952380952	C	Catalyzes the reversible hydration of fumarate to (S)- malate	MHS423	bacteria_OG
COG1959|Bacteria	3	10.101010101010102	K	2 iron, 2 sulfur cluster binding	MHS423	bacteria_OG
COG1960|Bacteria	3	13.095238095238095	I	acyl-CoA dehydrogenase activity	MHS423	bacteria_OG
COG1961|Bacteria	6	19.41747572815534	L	COG1961 Site-specific recombinases, DNA invertase Pin homologs	MHS423	bacteria_OG
COG1974|Bacteria	37	97.11286089238845	K	Represses a number of genes involved in the response to DNA damage (SOS response), including recA and lexA. In the presence of single-stranded DNA, RecA interacts with LexA causing an autocatalytic cleavage which disrupts the DNA-binding part of LexA, leading to derepression of the SOS regulon and eventually DNA repair	MHS423	bacteria_OG
COG1977|Bacteria	1	4.166666666666667	H	Involved in sulfur transfer in the conversion of molybdopterin precursor Z to molybdopterin	MHS423	bacteria_OG
COG1985|Bacteria	1	3.663003663003663	H	Converts 2,5-diamino-6-(ribosylamino)-4(3h)-pyrimidinone 5'-phosphate into 5-amino-6-(ribosylamino)-2,4(1h,3h)- pyrimidinedione 5'-phosphate	MHS423	bacteria_OG
COG1988|Bacteria	5	21.929824561403507	NT	membrane-bound metal-dependent	MHS423	bacteria_OG
COG2001|Bacteria	28	81.4674256799494	K	Belongs to the MraZ family	MHS423	bacteria_OG
COG2002|Bacteria	6	20.900057485423343	K	toxin-antitoxin pair type II binding	MHS423	bacteria_OG
COG2019|Bacteria	3	11.11111111111111	F	rRNA binding	MHS423	bacteria_OG
COG2040|Bacteria	14	62.266500622665006	E	homocysteine	MHS423	bacteria_OG
COG2060|Bacteria	4	7.326007326007326	P	Part of the high-affinity ATP-driven potassium transport (or Kdp) system, which catalyzes the hydrolysis of ATP coupled with the electrogenic transport of potassium into the cytoplasm. This subunit binds and transports the potassium across the cytoplasmic membrane	MHS423	bacteria_OG
COG2062|Bacteria	12	24.096385542168676	T	phosphohistidine phosphatase, SixA	MHS423	bacteria_OG
COG2070|Bacteria	14	63.06306306306306	T	2-Nitropropane dioxygenase	MHS423	bacteria_OG
COG2077|Bacteria	2	4.301075268817204	O	Thiol-specific peroxidase that catalyzes the reduction of hydrogen peroxide and organic hydroperoxides to water and alcohols, respectively. Plays a role in cell protection against oxidative stress by detoxifying peroxides	MHS423	bacteria_OG
COG2080|Bacteria	1	3.4013605442176873	C	2 iron, 2 sulfur cluster binding	MHS423	bacteria_OG
COG2086|Bacteria	82	293.9068100358423	C	electron transfer activity	MHS423	bacteria_OG
COG2113|Bacteria	21	63.06306306306306	E	Glycine betaine	MHS423	bacteria_OG
COG2115|Bacteria	5	16.181229773462782	G	Belongs to the xylose isomerase family	MHS423	bacteria_OG
COG2128|Bacteria	1	3.5087719298245617	T	Antioxidant protein with alkyl hydroperoxidase activity. Required for the reduction of the AhpC active site cysteine residues and for the regeneration of the AhpC enzyme activity	MHS423	bacteria_OG
COG2130|Bacteria	4	18.821374703727646	K	NADP-dependent	MHS423	bacteria_OG
COG2138|Bacteria	1	3.4722222222222223	NU	Cobalamin (vitamin B12) biosynthesis CbiX protein	MHS423	bacteria_OG
COG2141|Bacteria	5	14.204545454545453	C	COG2141 Coenzyme F420-dependent N5,N10-methylene tetrahydromethanopterin reductase and related flavin-dependent oxidoreductases	MHS423	bacteria_OG
COG2144|Bacteria	2	6.666666666666667	QT	transferase activity, transferring acyl groups	MHS423	bacteria_OG
COG2146|Bacteria	6	21.05263157894737	P	nitrite reductase [NAD(P)H] activity	MHS423	bacteria_OG
COG2148|Bacteria	14	45.307443365695796	M	undecaprenyl-phosphate glucose phosphotransferase activity	MHS423	bacteria_OG
COG2153|Bacteria	62	173.21077291960174	K	protein acetylation	MHS423	bacteria_OG
COG2159|Bacteria	84	92.71523178807946	E	amidohydrolase	MHS423	bacteria_OG
COG2162|Bacteria	130	155.87529976019187	Q	N-hydroxyarylamine O-acetyltransferase activity	MHS423	bacteria_OG
COG2171|Bacteria	3	6.172839506172839	E	N-acyltransferase activity	MHS423	bacteria_OG
COG2177|Bacteria	1	4.566210045662101	D	Part of the ABC transporter FtsEX involved in	MHS423	bacteria_OG
COG2186|Bacteria	1	3.546099290780142	K	Transcriptional regulator	MHS423	bacteria_OG
COG2193|Bacteria	4	8.281573498964804	P	ferroxidase activity	MHS423	bacteria_OG
COG2197|Bacteria	1	3.546099290780142	K	response regulator	MHS423	bacteria_OG
COG2217|Bacteria	19	57.15565522598676	P	Heavy metal translocating P-type atpase	MHS423	bacteria_OG
COG2221|Bacteria	2	8.130081300813009	C	Nitrite and sulphite reductase 4Fe-4S	MHS423	bacteria_OG
COG2226|Bacteria	42	63.83012705333684	Q	methyltransferase	MHS423	bacteria_OG
COG2239|Bacteria	10	32.844089502841925	P	Acts as a magnesium transporter	MHS423	bacteria_OG
COG2259|Bacteria	1	3.4722222222222223	O	Doxx family	MHS423	bacteria_OG
COG2261|Bacteria	13	45.70434054899743	D	transglycosylase associated protein	MHS423	bacteria_OG
COG2265|Bacteria	2	8.23045267489712	J	Belongs to the class I-like SAM-binding methyltransferase superfamily. RNA M5U methyltransferase family	MHS423	bacteria_OG
COG2267|Bacteria	199	414.6315240575329	I	carboxylic ester hydrolase activity	MHS423	bacteria_OG
COG2272|Bacteria	106	204.2230143205897	I	Belongs to the type-B carboxylesterase lipase family	MHS423	bacteria_OG
COG2304|Bacteria	4	16.049382716049383	IU	oxidoreductase activity	MHS423	bacteria_OG
COG2310|Bacteria	15	52.94004241372663	T	stress, protein	MHS423	bacteria_OG
COG2313|Bacteria	1	4.504504504504505	Q	pseudouridylate synthase activity	MHS423	bacteria_OG
COG2315|Bacteria	14	40.93567251461988	V	Protein conserved in bacteria	MHS423	bacteria_OG
COG2326|Bacteria	8	21.333333333333332	G	polyphosphate kinase activity	MHS423	bacteria_OG
COG2329|Bacteria	6	14.388489208633095	E	Antibiotic biosynthesis monooxygenase	MHS423	bacteria_OG
COG2331|Bacteria	1	4.273504273504273	P	Regulatory protein, FmdB family	MHS423	bacteria_OG
COG2337|Bacteria	14	40.29225056893041	T	Toxic component of a toxin-antitoxin (TA) module	MHS423	bacteria_OG
COG2351|Bacteria	4	16.260162601626018	MU	hydroxyisourate hydrolase activity	MHS423	bacteria_OG
COG2360|Bacteria	12	19.624678032626026	O	Functions in the N-end rule pathway of protein degradation where it conjugates Leu, Phe and, less efficiently, Met from aminoacyl-tRNAs to the N-termini of proteins containing an N-terminal arginine or lysine	MHS423	bacteria_OG
COG2364|Bacteria	9	18.9873417721519	F	Membrane	MHS423	bacteria_OG
COG2365|Bacteria	7	17.15686274509804	T	Tyrosine phosphatase family	MHS423	bacteria_OG
COG2375|Bacteria	1	4.016064257028113	P	cellular response to nickel ion	MHS423	bacteria_OG
COG2376|Bacteria	1	4.219409282700422	G	Dihydroxyacetone kinase	MHS423	bacteria_OG
COG2378|Bacteria	14	24.69135802469136	K	regulation of single-species biofilm formation	MHS423	bacteria_OG
COG2388|Bacteria	29	100.69444444444446	G	GCN5-related N-acetyl-transferase	MHS423	bacteria_OG
COG2390|Bacteria	10	19.723865877712033	K	Transcriptional regulator	MHS423	bacteria_OG
COG2508|Bacteria	9	35.714285714285715	QT	Transcriptional regulator	MHS423	bacteria_OG
COG2606|Bacteria	1	3.623188405797101	J	Belongs to the prolyl-tRNA editing family. YbaK EbsC subfamily	MHS423	bacteria_OG
COG2608|Bacteria	21	57.03200562736305	P	mercury ion transmembrane transporter activity	MHS423	bacteria_OG
COG2730|Bacteria	6	11.1731843575419	G	Belongs to the glycosyl hydrolase 5 (cellulase A) family	MHS423	bacteria_OG
COG2801|Bacteria	6	22.752914297031943	L	Transposase and inactivated derivatives	MHS423	bacteria_OG
COG2813|Bacteria	6	19.23076923076923	J	Specifically methylates the guanine in position	MHS423	bacteria_OG
COG2814|Bacteria	25	52.751750338811576	EGP	Major facilitator Superfamily	MHS423	bacteria_OG
COG2855|Bacteria	1	3.9215686274509802	P	membrane	MHS423	bacteria_OG
COG2864|Bacteria	1	5.05050505050505	C	formate dehydrogenase	MHS423	bacteria_OG
COG2868|Bacteria	18	54.27857764306362	J	ribosomal protein	MHS423	bacteria_OG
COG2887|Bacteria	2	9.00900900900901	L	Belongs to the helicase family. UvrD subfamily	MHS423	bacteria_OG
COG2890|Bacteria	95	219.2318474908887	J	protein-(glutamine-N5) methyltransferase activity	MHS423	bacteria_OG
COG2898|Bacteria	5	9.363295880149812	K	Catalyzes the transfer of a lysyl group from L-lysyl- tRNA(Lys) to membrane-bound phosphatidylglycerol (PG), which produces lysylphosphatidylglycerol (LPG), a major component of the bacterial membrane with a positive net charge. LPG synthesis contributes to bacterial virulence as it is involved in the resistance mechanism against cationic antimicrobial peptides (CAMP) produces by the host's immune system (defensins, cathelicidins) and by the competing microorganisms	MHS423	bacteria_OG
COG2909|Bacteria	5	9.578544061302681	K	trisaccharide binding	MHS423	bacteria_OG
COG2921|Bacteria	3	13.88888888888889	S	Belongs to the UPF0250 family	MHS423	bacteria_OG
COG2927|Bacteria	2	7.4074074074074066	L	DNA polymerase III (CHI subunit)	MHS423	bacteria_OG
COG2946|Bacteria	1	3.7037037037037033	L	Replication initiation factor	MHS423	bacteria_OG
COG2951|Bacteria	7	18.666666666666668	M	lytic endotransglycosylase activity	MHS423	bacteria_OG
COG2959|Bacteria	4	15.32567049808429	H	enzyme of heme biosynthesis	MHS423	bacteria_OG
COG2963|Bacteria	14	55.89860218397955	L	transposase activity	MHS423	bacteria_OG
COG2982|Bacteria	51	124.08759124087592	M	Protein involved in outer membrane biogenesis	MHS423	bacteria_OG
COG2985|Bacteria	4	8.333333333333334	P	domain, Protein	MHS423	bacteria_OG
COG2986|Bacteria	6	23.303010612952132	E	histidine ammonia-lyase	MHS423	bacteria_OG
COG3010|Bacteria	11	30.303030303030305	G	Converts N-acetylmannosamine-6-phosphate (ManNAc-6-P) to N-acetylglucosamine-6-phosphate (GlcNAc-6-P)	MHS423	bacteria_OG
COG3039|Bacteria	2	11.299435028248588	L	Transposase	MHS423	bacteria_OG
COG3041|Bacteria	8	30.511060259344006	C	Addiction module toxin RelE StbE family	MHS423	bacteria_OG
COG3044|Bacteria	363	351.7565541955786	H	ATPase of the ABC class	MHS423	bacteria_OG
COG3077|Bacteria	24	92.99123904881101	L	Addiction module antitoxin, RelB DinJ family	MHS423	bacteria_OG
COG3079|Bacteria	8	24.922118380062305	S	Belongs to the UPF0149 family	MHS423	bacteria_OG
COG3103|Bacteria	29	49.47687034146754	T	Sh3 type 3 domain protein	MHS423	bacteria_OG
COG3118|Bacteria	2	7.246376811594202	O	belongs to the thioredoxin family	MHS423	bacteria_OG
COG3125|Bacteria	4	13.60685896768371	C	oxidoreductase activity, acting on diphenols and related substances as donors, oxygen as acceptor	MHS423	bacteria_OG
COG3170|Bacteria	2	6.734006734006734	NU	Tfp pilus assembly protein FimV	MHS423	bacteria_OG
COG3185|Bacteria	4	19.607843137254903	E	4-Hydroxyphenylpyruvate dioxygenase	MHS423	bacteria_OG
COG3194|Bacteria	11	20.484171322160147	F	Catalyzes the catabolism of the allantoin degradation intermediate (S)-ureidoglycolate, generating urea and glyoxylate. Involved in the utilization of allantoin as nitrogen source	MHS423	bacteria_OG
COG3200|Bacteria	5	20.833333333333336	E	phospho-2-dehydro-3-deoxyheptonate aldolase	MHS423	bacteria_OG
COG3215|Bacteria	61	133.7211780249755	NU	Pilus assembly protein PilZ	MHS423	bacteria_OG
COG3237|Bacteria	29	120.05100893258788	K	CsbD-like	MHS423	bacteria_OG
COG3247|Bacteria	1	5.05050505050505	U	response to pH	MHS423	bacteria_OG
COG3250|Bacteria	1	3.367003367003367	G	beta-galactosidase activity	MHS423	bacteria_OG
COG3253|Bacteria	8	14.814814814814813	H	May function as heme-dependent peroxidase	MHS423	bacteria_OG
COG3265|Bacteria	7	27.131782945736433	G	gluconokinase activity	MHS423	bacteria_OG
COG3266|Bacteria	15	22.18255408113899	GM	domain, Protein	MHS423	bacteria_OG
COG3268|Bacteria	8	26.402640264026402	S	Saccharopine dehydrogenase	MHS423	bacteria_OG
COG3284|Bacteria	311	426.6117969821674	KQ	Transcriptional regulator	MHS423	bacteria_OG
COG3293|Bacteria	18	82.3268921095008	L	Transposase	MHS423	bacteria_OG
COG3311|Bacteria	3	10.309278350515465	K	Transcriptional regulator	MHS423	bacteria_OG
COG3316|Bacteria	1	4.329004329004329	L	Transposase and inactivated derivatives	MHS423	bacteria_OG
COG3321|Bacteria	798	1510.8810981573129	Q	synthase	MHS423	bacteria_OG
COG3323|Bacteria	14	59.223560910307896	L	Protein of unknown function (DUF1653)	MHS423	bacteria_OG
COG3327|Bacteria	176	451.28205128205127	K	negative regulation of DNA-templated transcription, initiation	MHS423	bacteria_OG
COG3328|Bacteria	7	28.26585179526356	L	transposase activity	MHS423	bacteria_OG
COG3335|Bacteria	47	102.1160945725741	L	DDE superfamily endonuclease	MHS423	bacteria_OG
COG3344|Bacteria	2	7.488286479250335	L	reverse transcriptase	MHS423	bacteria_OG
COG3384|Bacteria	7	29.535864978902953	I	dioxygenase	MHS423	bacteria_OG
COG3391|Bacteria	2	9.523809523809524	CO	amine dehydrogenase activity	MHS423	bacteria_OG
COG3402|Bacteria	2	4.040404040404041	E	PFAM membrane-flanked domain	MHS423	bacteria_OG
COG3407|Bacteria	1	3.5087719298245617	I	isopentenyl-diphosphate delta-isomerase activity	MHS423	bacteria_OG
COG3409|Bacteria	20	50.125313283208015	M	Peptidoglycan-binding domain 1 protein	MHS423	bacteria_OG
COG3429|Bacteria	15	32.89473684210526	G	Glucose-6-phosphate dehydrogenase subunit	MHS423	bacteria_OG
COG3464|Bacteria	1	4.065040650406504	L	Transposase	MHS423	bacteria_OG
COG3527|Bacteria	4	5.673758865248227	Q	Alpha-acetolactate decarboxylase	MHS423	bacteria_OG
COG3536|Bacteria	16	37.825059101654844	D	Protein conserved in bacteria	MHS423	bacteria_OG
COG3553|Bacteria	18	63.15789473684211	G	Protein conserved in bacteria	MHS423	bacteria_OG
COG3557|Bacteria	3	14.565801430208209	J	Belongs to the UPF0374 family	MHS423	bacteria_OG
COG3560|Bacteria	777	1786.2995855984166	S	Nitroreductase	MHS423	bacteria_OG
COG3579|Bacteria	37	67.02898550724638	E	cysteine-type endopeptidase activity	MHS423	bacteria_OG
COG3588|Bacteria	1	4.385964912280701	G	fructose-bisphosphate aldolase	MHS423	bacteria_OG
COG3599|Bacteria	3	7.352941176470589	D	regulation of cell shape	MHS423	bacteria_OG
COG3629|Bacteria	75	390.625	K	intracellular signal transduction	MHS423	bacteria_OG
COG3634|Bacteria	5	9.545356604180133	C	alkyl hydroperoxide reductase activity	MHS423	bacteria_OG
COG3637|Bacteria	16	34.63203463203463	M	Has lipid A 3-O-deacylase activity. Hydrolyzes the ester bond at the 3 position of lipid A, a bioactive component of lipopolysaccharide (LPS), thereby releasing the primary fatty acyl moiety	MHS423	bacteria_OG
COG3639|Bacteria	2	4.535147392290249	P	organic phosphonate transmembrane transporter activity	MHS423	bacteria_OG
COG3689|Bacteria	1	4.504504504504505	S	TIGRFAM TIGR03943 family protein	MHS423	bacteria_OG
COG3714|Bacteria	3	11.363636363636363	I	YhhN family	MHS423	bacteria_OG
COG3791|Bacteria	24	57.142857142857146	E	Glutathione-dependent formaldehyde-activating	MHS423	bacteria_OG
COG3800|Bacteria	4	9.732360097323602	K	Transcriptional regulator	MHS423	bacteria_OG
COG3820|Bacteria	7	31.963470319634702	S	Protein conserved in bacteria	MHS423	bacteria_OG
COG3828|Bacteria	3	11.583355609017197	N	Trehalose utilisation	MHS423	bacteria_OG
COG3832|Bacteria	1	6.410256410256411	J	glyoxalase III activity	MHS423	bacteria_OG
COG3833|Bacteria	1	3.4013605442176873	P	ABC-type maltose transport systems, permease component	MHS423	bacteria_OG
COG3842|Bacteria	12	27.97990704661753	P	ATPase activity	MHS423	bacteria_OG
COG3845|Bacteria	11	27.56892230576441	P	ABC transporter	MHS423	bacteria_OG
COG3853|Bacteria	16	34.85838779956427	P	Toxic anion resistance protein (TelA)	MHS423	bacteria_OG
COG3861|Bacteria	21	41.77448577901066	P	electron transporter, transferring electrons within the cyclic electron transport pathway of photosynthesis activity	MHS423	bacteria_OG
COG3879|Bacteria	3	3.875968992248062	E	Bacterial protein of unknown function (DUF881)	MHS423	bacteria_OG
COG3886|Bacteria	22	50.925925925925924	L	PLD-like domain	MHS423	bacteria_OG
COG3942|Bacteria	19	91.66666666666667	U	CHAP domain	MHS423	bacteria_OG
COG3953|Bacteria	14	28.282828282828284	NT	SLT domain	MHS423	bacteria_OG
COG3961|Bacteria	2	8.032128514056225	GH	Belongs to the TPP enzyme family	MHS423	bacteria_OG
COG4175|Bacteria	2	3.7878787878787876	E	Glycine betaine	MHS423	bacteria_OG
COG4215|Bacteria	19	71.6540404040404	P	(ABC) transporter	MHS423	bacteria_OG
COG4221|Bacteria	3	12.195121951219512	IQ	oxidoreductase activity	MHS423	bacteria_OG
COG4270|Bacteria	1	4.504504504504505	O	Membrane	MHS423	bacteria_OG
COG4282|Bacteria	16	26.80067001675042	G	regulation of fungal-type cell wall biogenesis	MHS423	bacteria_OG
COG4290|Bacteria	8	35.55555555555556	F	ribonuclease	MHS423	bacteria_OG
COG4300|Bacteria	39	66.66666666666667	P	Cadmium resistance transporter	MHS423	bacteria_OG
COG4338|Bacteria	2	13.88888888888889	U	Protein conserved in bacteria	MHS423	bacteria_OG
COG4425|Bacteria	3	11.11111111111111	S	Alpha/beta-hydrolase family	MHS423	bacteria_OG
COG4466|Bacteria	2	6.410256410256411	S	Protein conserved in bacteria	MHS423	bacteria_OG
COG4472|Bacteria	2	6.734006734006734	S	Bacterial protein of unknown function (DUF965)	MHS423	bacteria_OG
COG4479|Bacteria	1	4.504504504504505	S	Belongs to the UPF0346 family	MHS423	bacteria_OG
COG4481|Bacteria	2	8.438818565400844	K	Protein conserved in bacteria	MHS423	bacteria_OG
COG4485|Bacteria	2	8.333333333333334	M	Bacterial membrane protein, YfhO	MHS423	bacteria_OG
COG4496|Bacteria	12	36.03603603603604	S	protein, YerC YecD	MHS423	bacteria_OG
COG4567|Bacteria	14	36.458333333333336	T	Response regulator consisting of a CheY-like receiver domain and a Fis-type HTH domain	MHS423	bacteria_OG
COG4577|Bacteria	7	19.607843137254903	CQ	Carbon dioxide concentrating mechanism carboxysome shell protein	MHS423	bacteria_OG
COG4581|Bacteria	6	26.25152625152625	L	dead DEAH box helicase	MHS423	bacteria_OG
COG4589|Bacteria	1	4.273504273504273	I	Belongs to the CDS family	MHS423	bacteria_OG
COG4607|Bacteria	24	34.33476394849786	P	ABC-type enterochelin transport system periplasmic component	MHS423	bacteria_OG
COG4608|Bacteria	5	10.615711252653929	P	Belongs to the ABC transporter superfamily	MHS423	bacteria_OG
COG4625|Bacteria	11	66.66666666666666	T	pathogenesis	MHS423	bacteria_OG
COG4638|Bacteria	8	18.01801801801802	P	Rieske (2fe-2S)	MHS423	bacteria_OG
COG4695|Bacteria	6	12.987012987012987	N	Portal protein	MHS423	bacteria_OG
COG4760|Bacteria	29	43.93746682043211	D	membrane	MHS423	bacteria_OG
COG4767|Bacteria	3	11.84640522875817	V	VanZ like family	MHS423	bacteria_OG
COG4771|Bacteria	2	10.416666666666666	P	TonB-dependent receptor	MHS423	bacteria_OG
COG4796|Bacteria	4	14.035087719298247	U	Type ii and iii secretion system protein	MHS423	bacteria_OG
COG4799|Bacteria	1	3.9682539682539684	I	Acetyl-CoA carboxylase, carboxyltransferase component subunits alpha and beta	MHS423	bacteria_OG
COG4840|Bacteria	1	3.4722222222222223	L	Belongs to the UPF0435 family	MHS423	bacteria_OG
COG4843|Bacteria	5	17.653890824622533	S	Uncharacterized protein conserved in bacteria (DUF2179)	MHS423	bacteria_OG
COG4844|Bacteria	2	6.802721088435375	S	belongs to the	MHS423	bacteria_OG
COG4846|Bacteria	11	23.504273504273502	O	Membrane protein involved in cytochrome C biogenesis	MHS423	bacteria_OG
COG4862|Bacteria	13	36.63028192593585	NOT	establishment of competence for transformation	MHS423	bacteria_OG
COG4873|Bacteria	2	11.299435028248588	S	Protein conserved in bacteria	MHS423	bacteria_OG
COG4888|Bacteria	13	29.082774049217	G	ASPIC UnbV domain protein	MHS423	bacteria_OG
COG4932|Bacteria	55	104.48734800986188	M	domain protein	MHS423	bacteria_OG
COG4935|Bacteria	10	20.964360587002098	O	Belongs to the peptidase S8 family	MHS423	bacteria_OG
COG4946|Bacteria	1	6.172839506172839	M	Tricorn protease homolog	MHS423	bacteria_OG
COG4969|Bacteria	1	5.208333333333333	NU	Belongs to the N-Me-Phe pilin family	MHS423	bacteria_OG
COG4970|Bacteria	10	17.73049645390071	NU	Tfp pilus assembly protein FimT	MHS423	bacteria_OG
COG4974|Bacteria	2	3.603603603603603	L	Belongs to the 'phage' integrase family	MHS423	bacteria_OG
COG4978|Bacteria	5	9.803921568627452	KT	Transcriptional regulator	MHS423	bacteria_OG
COG4991|Bacteria	12	30.534351145038165	T	sh3 domain protein	MHS423	bacteria_OG
COG4992|Bacteria	59	134.90069779924852	E	N2-acetyl-L-ornithine:2-oxoglutarate 5-aminotransferase activity	MHS423	bacteria_OG
COG4993|Bacteria	2	8.547008547008547	G	Dehydrogenase	MHS423	bacteria_OG
COG5004|Bacteria	11	47.649744829438625	U	Tail protein	MHS423	bacteria_OG
COG5164|Bacteria	8	4.077471967380224	K	cell wall organization	MHS423	bacteria_OG
COG5263|Bacteria	12	54.794520547945204	U	repeat protein	MHS423	bacteria_OG
COG5297|Bacteria	4	12.820512820512821	G	Belongs to the glycosyl hydrolase family 6	MHS423	bacteria_OG
COG5336|Bacteria	20	77.42902757545943	C	function for this protein is to guide the assembly of the membrane sector of the ATPase enzyme complex	MHS423	bacteria_OG
COG5361|Bacteria	1326	1842.8221246244836	P	Conserved Protein	MHS423	bacteria_OG
COG5401|Bacteria	1	3.663003663003663	T	PFAM Sporulation and spore germination	MHS423	bacteria_OG
COG5405|Bacteria	23	43.071161048689135	O	Protease subunit of a proteasome-like degradation complex believed to be a general protein degrading machinery	MHS423	bacteria_OG
COG5479|Bacteria	23	38.09933039710674	M	isomerase activity	MHS423	bacteria_OG
COG5547|Bacteria	1	4.166666666666667	S	Small integral membrane protein	MHS423	bacteria_OG
COG5571|Bacteria	8	13.468013468013469	N	outer membrane autotransporter	MHS423	bacteria_OG
COG5597|Bacteria	42	152.17391304347825	M	Glycosyl transferase family 8	MHS423	bacteria_OG
COG5646|Bacteria	1	4.761904761904762	J	InterPro IPR014922	MHS423	bacteria_OG
COG5658|Bacteria	8	16.359918200409	S	integral membrane protein	MHS423	bacteria_OG
COG5662|Bacteria	4	16.885672570304067	K	AntiSigma factor	MHS423	bacteria_OG
