1.72	98001	unclassified
51.40	2936940	 Malassezia furfur
2.85	163025	 Malassezia globosa
0.18	10243	 Malassezia obtusa
0.06	3427	 Malassezia restricta
0.05	3041	 Malassezia nana
0.01	505	 Malassezia japonica
0.01	427	 Malassezia slooffiae
0.01	342	 Malassezia yamatoensis
0.01	341	 Malassezia pachydermatis
0.01	308	 Malassezia arunalokei
0.00	175	 Malassezia cuniculi
0.00	157	 Malassezia vespertilionis
0.00	148	 Malassezia sympodialis
0.00	138	 Malassezia dermatis
0.00	138	 Malassezia caprae
0.00	48	 Malassezia equina
0.00	25	 Sporisorium graminicola
0.00	2	 Ustilago maydis
0.00	41	 Marasmius oreades
0.00	21	 Rhizoctonia solani
0.00	52	 Cryptococcus neoformans
0.00	167	 Aspergillus chevalieri
0.00	46	 Aspergillus oryzae
0.00	56	 Aspergillus luchuensis
0.00	29	 Aspergillus puulaauensis
0.00	15	 Aspergillus fumigatus
0.00	18	 Talaromyces rugulosus
0.00	37	 Fusarium pseudograminearum
0.00	2	 Fusarium graminearum
0.00	1	 Fusarium venenatum
0.00	11	 Fusarium verticillioides
0.00	4	 Fusarium fujikuroi
0.00	13	 Fusarium oxysporum
0.00	15	 Pochonia chlamydosporia
0.00	7	 Ustilaginoidea virens
0.00	9	 Drechmeria coniospora
0.00	42	 Colletotrichum higginsianum
0.00	52	 Pyricularia oryzae
0.00	7	 Pyricularia pennisetigena
0.00	4	 Pyricularia grisea
0.00	15	 Thermothelomyces thermophilus
0.00	7	 Thermothielavioides terrestris
0.00	16	 Neurospora crassa
0.00	5	 Botrytis cinerea
0.00	17	 Zymoseptoria tritici
0.00	5	 Cercospora beticola
0.00	115	 [Candida] auris
0.00	49	 Saccharomyces cerevisiae
0.00	5	 Saccharomyces eubayanus
0.00	5	 Eremothecium gossypii
0.00	1	 Eremothecium sinecaudum
0.00	5	 Lachancea thermotolerans
0.00	2	 Tetrapisispora blattae
0.00	1	 Tetrapisispora phaffii
0.00	2	 Kluyveromyces lactis
0.00	1	 Zygosaccharomyces rouxii
0.00	34	 Candida dubliniensis
0.00	9	 Candida orthopsilosis
0.00	4	 Candida albicans
0.00	3	 Yarrowia lipolytica
0.00	2	 Sugiyamaella lignohabitans
0.00	1	 Brettanomyces bruxellensis
0.00	1	 Ogataea parapolymorpha
0.05	3021	 Homo sapiens
13.98	798534	 Staphylococcus epidermidis
10.94	624798	 Staphylococcus capitis
8.48	484424	 Staphylococcus hominis
1.82	103979	 Staphylococcus haemolyticus
0.27	15222	 Staphylococcus cohnii
0.25	14477	 Staphylococcus warneri
0.13	7452	 Staphylococcus aureus
0.08	4443	 Staphylococcus caprae
0.07	4136	 Staphylococcus simulans
0.05	2768	 Staphylococcus saccharolyticus
0.03	1928	 Staphylococcus lugdunensis
0.02	1240	 Staphylococcus saprophyticus
0.02	1162	 Staphylococcus simiae
0.02	965	 Staphylococcus pasteuri
0.00	272	 Staphylococcus sp. AntiMn-1
0.00	162	 Staphylococcus sp. SB1-57
0.00	99	 Staphylococcus sp. M0911
0.00	93	 Staphylococcus sp. 17KM0847
0.00	39	 Staphylococcus sp. MI 10-1553
0.00	21	 Staphylococcus sp. 11-B-312
0.01	697	 Staphylococcus pettenkoferi
0.01	678	 Staphylococcus auricularis
0.01	537	 Staphylococcus kloosii
0.01	310	 Staphylococcus pseudintermedius
0.00	172	 Staphylococcus delphini
0.01	444	 Staphylococcus schleiferi
0.01	434	 Staphylococcus arlettae
0.01	432	 Staphylococcus muscae
0.01	343	 Staphylococcus pseudoxylosus
0.00	270	 Staphylococcus lloydii
0.00	220	 Staphylococcus lutrae
0.00	212	 Staphylococcus nepalensis
0.00	167	 Staphylococcus xylosus
0.00	147	 Staphylococcus succinus
0.00	146	 Staphylococcus chromogenes
0.00	122	 Staphylococcus equorum
0.00	118	 Staphylococcus felis
0.00	100	 Staphylococcus carnosus
0.00	79	 Staphylococcus hyicus
0.00	70	 Staphylococcus debuckii
0.00	52	 Staphylococcus agnetis
0.00	37	 Staphylococcus condimenti
0.00	19	 Staphylococcus schweitzeri
0.00	12	 Staphylococcus argenteus
0.00	58	 Mammaliicoccus sciuri
0.00	31	 Mammaliicoccus vitulinus
0.00	18	 Mammaliicoccus lentus
0.00	1	 Mammaliicoccus fleurettii
0.00	1	 Mammaliicoccus stepanovicii
0.00	10	 Macrococcus bohemicus
0.00	6	 Macrococcus sp. IME1552
0.00	2	 Macrococcus canis
0.00	1	 Macrococcus caseolyticus
0.00	12	 Jeotgalicoccus sp. ATCC 8456
0.00	2	 Jeotgalicoccus sp. WY2
0.00	3	 Nosocomiicoccus ampullae
0.00	2	 Abyssicoccus albus
0.00	106	 Bacillus mycoides
0.00	17	 Bacillus cereus
0.00	6	 Bacillus wiedmannii
0.00	5	 Bacillus pseudomycoides
0.00	2	 Bacillus anthracis
0.00	2	 Bacillus thuringiensis
0.00	7	 Bacillus amyloliquefaciens
0.00	4	 Bacillus velezensis
0.00	7	 Bacillus vallismortis
0.00	1	 Bacillus subtilis
0.00	1	 Bacillus spizizenii
0.00	6	 Bacillus sp. THAF10
0.00	3	 Bacillus sp. KH172YL63
0.00	2	 Bacillus sp. DSL-17
0.00	1	 Bacillus sp. S3
0.00	1	 Bacillus sp. FJAT-42376
0.00	1	 Bacillus sp. COPE52
0.00	1	 Bacillus sp. M4U3P1
0.00	1	 Bacillus sp. NSP9.1
0.00	7	 Bacillus infantis
0.00	6	 Bacillus methanolicus
0.00	3	 Bacillus gobiensis
0.00	2	 Bacillus altitudinis
0.00	2	 Bacillus aquiflavi
0.00	1	 Bacillus pumilus
0.00	1	 Bacillus safensis
0.00	1	 Bacillus smithii
0.00	36	 Priestia megaterium
0.00	2	 Priestia filamentosa
0.00	1	 Priestia flexa
0.00	23	 Lysinibacillus sp. SGAir0095
0.00	5	 Lysinibacillus fusiformis
0.00	5	 Lysinibacillus agricola
0.00	1	 Lysinibacillus sphaericus
0.00	1	 Lysinibacillus timonensis
0.00	12	 Virgibacillus halodenitrificans
0.00	6	 Virgibacillus necropolis
0.00	6	 Virgibacillus dokdonensis
0.00	3	 Virgibacillus phasianinus
0.00	25	 Caldibacillus thermoamylovorans
0.00	25	 Amphibacillus xylanus
0.00	3	 Salicibibacter cibi
0.00	2	 Salicibibacter cibarius
0.00	13	 Cytobacillus gottheilii
0.00	6	 Cytobacillus oceanisediminis
0.00	8	 Oceanobacillus kimchii
0.00	6	 Oceanobacillus iheyensis
0.00	5	 Oceanobacillus zhaokaii
0.00	19	 Paraliobacillus zengyii
0.00	8	 Peribacillus simplex
0.00	6	 Peribacillus asahii
0.00	1	 Peribacillus butanolivorans
0.00	12	 Rossellomorea marisflavi
0.00	8	 Metabacillus sp. cB07
0.00	1	 Metabacillus sp. KUDC1714
0.00	2	 Metabacillus litoralis
0.00	10	 Weizmannia coagulans
0.00	7	 Sutcliffiella cohnii
0.00	2	 Sutcliffiella horikoshii
0.00	7	 Psychrobacillus sp. INOP01
0.00	6	 Evansella cellulosilytica
0.00	3	 Heyndrickxia oleronia
0.00	3	 Heyndrickxia vini
0.00	2	 Alkalihalobacillus krulwichiae
0.00	1	 Alkalihalobacillus clausii
0.00	1	 Alkalihalobacillus pseudofirmus
0.00	1	 Alkalihalobacillus halodurans
0.00	1	 Alkalihalobacillus lehensis
0.00	4	 Terribacillus aidingensis
0.00	4	 Niallia circulans
0.00	2	 Parageobacillus thermoglucosidasius
0.00	2	 Parageobacillus genomosp. 1
0.00	3	 Lentibacillus amyloliquefaciens
0.00	1	 Lentibacillus sp. CBA3610
0.00	3	 Lederbergia lentus
0.00	2	 Anaerobacillus isosaccharinicus
0.00	1	 Neobacillus mesonae
0.00	1	 Geobacillus stearothermophilus
0.00	1	 Pradoshia sp. D12
0.00	1	 Aeribacillus pallidus
0.00	1	 Pontibacillus sp. HMF3514
0.00	1	 Anoxybacillus caldiproteolyticus
0.00	1	 Gracilibacillus sp. SCU50
0.00	44	 Paenibacillus durus
0.00	36	 Paenibacillus rhizovicinus
0.00	9	 Paenibacillus sp. FSL H7-0357
0.00	7	 Paenibacillus sp. FSL R5-0912
0.00	4	 Paenibacillus sp. URB8-2
0.00	2	 Paenibacillus sp. RUD330
0.00	1	 Paenibacillus sp. Y412MC10
0.00	1	 Paenibacillus sp. TB2019
0.00	1	 Paenibacillus sp. UniB2
0.00	1	 Paenibacillus sp. IHB B 3084
0.00	1	 Paenibacillus sp. FSL R5-0345
0.00	24	 Paenibacillus polymyxa
0.00	23	 Paenibacillus physcomitrellae
0.00	12	 Paenibacillus lutimineralis
0.00	8	 Paenibacillus naphthalenovorans
0.00	7	 Paenibacillus antarcticus
0.00	6	 Paenibacillus yonginensis
0.00	5	 Paenibacillus lycopersici
0.00	4	 Paenibacillus graminis
0.00	2	 Paenibacillus thiaminolyticus
0.00	1	 Paenibacillus barcinonensis
0.00	1	 Paenibacillus sophorae
0.00	1	 Paenibacillus baekrokdamisoli
0.00	1	 Paenibacillus cellulositrophicus
0.00	1	 Paenibacillus psychroresistens
0.00	1	 Paenibacillus donghaensis
0.00	1	 Paenibacillus cellulosilyticus
0.00	1	 Paenibacillus sabinae
0.00	1	 Paenibacillus odorifer
0.00	1	 Paenibacillus sonchi
0.00	1	 Paenibacillus stellifer
0.00	1	 Paenibacillus borealis
0.00	1	 Paenibacillus terrae
0.00	3	 Brevibacillus brevis
0.00	3	 Brevibacillus formosus
0.00	1	 Brevibacillus choshinensis
0.00	5	 Saccharibacillus brassicae
0.00	3	 Cohnella abietis
0.00	1	 Cohnella candidum
0.00	75	 Gemella haemolysans
0.00	13	 Gemella sanguinis
0.00	3	 Gemella morbillorum
0.00	5	 Exiguobacterium acetylicum
0.00	3	 Exiguobacterium alkaliphilum
0.00	43	 Listeria monocytogenes
0.00	1	 Listeria ivanovii
0.00	1	 Listeria innocua
0.00	1	 Listeria sp. PSOL-1
0.00	9	 Kurthia sp. 11kri321
0.00	4	 Kurthia zopfii
0.00	1	 Planococcus glaciei
0.00	1	 Planococcus massiliensis
0.00	3	 Sporosarcina ureae
0.00	2	 Paenisporosarcina antarctica
0.00	2	 Paenisporosarcina sp. K2R23-3
0.00	3	 Solibacillus sp. R5-41
0.00	3	 Rummeliibacillus stabekisii
0.00	1	 Viridibacillus sp. JNUCC-6
0.00	4	 Staphylospora marina
0.00	1	 Kroppenstedtia pulmonis
0.00	1	 Alicyclobacillus acidocaldarius
0.00	1	 Tumebacillus avium
0.02	1115	 Enterococcus faecium
0.00	115	 Enterococcus faecalis
0.00	1	 Enterococcus rotai
0.00	1	 Vagococcus carniphilus
0.00	1	 Vagococcus penaei
0.00	219	 Streptococcus mitis
0.00	159	 Streptococcus sanguinis
0.00	27	 Streptococcus sp. 116-D4
0.00	6	 Streptococcus sp. oral taxon 061
0.00	4	 Streptococcus sp. oral taxon 431
0.00	1	 Streptococcus sp. NSJ-72
0.00	1	 Streptococcus sp. A12
0.00	40	 Streptococcus oralis
0.00	28	 Streptococcus anginosus
0.00	1	 Streptococcus intermedius
0.00	24	 Streptococcus pyogenes
0.00	18	 Streptococcus pneumoniae
0.00	11	 Streptococcus dysgalactiae
0.00	3	 Streptococcus equi
0.00	11	 Streptococcus thermophilus
0.00	9	 Streptococcus cristatus
0.00	8	 Streptococcus gordonii
0.00	6	 Streptococcus gwangjuense
0.00	6	 Streptococcus troglodytae
0.00	6	 Streptococcus salivarius
0.00	5	 Streptococcus agalactiae
0.00	5	 Streptococcus pseudopneumoniae
0.00	4	 Streptococcus infantarius
0.00	4	 Streptococcus lactarius
0.00	3	 Streptococcus vestibularis
0.00	3	 Streptococcus gallolyticus
0.00	2	 Streptococcus suis
0.00	2	 Streptococcus merionis
0.00	2	 Streptococcus parasanguinis
0.00	1	 Streptococcus pseudoporcinus
0.00	1	 Streptococcus marmotae
0.00	1	 Streptococcus australis
0.00	1	 Streptococcus sobrinus
0.00	1	 Streptococcus canis
0.00	1	 Streptococcus uberis
0.00	15	 Lactococcus cremoris
0.00	11	 Lactococcus lactis
0.00	2	 Lactococcus taiwanensis
0.00	1	 Lactococcus garvieae
0.00	1	 Lactococcus raffinolactis
0.00	68	 Loigolactobacillus backii
0.00	4	 Loigolactobacillus coryniformis
0.00	51	 Limosilactobacillus fermentum
0.00	2	 Limosilactobacillus reuteri
0.00	19	 Latilactobacillus curvatus
0.00	1	 Latilactobacillus sakei
0.00	8	 Lacticaseibacillus zeae
0.00	4	 Lacticaseibacillus paracasei
0.00	1	 Lacticaseibacillus manihotivorans
0.00	1	 Leuconostoc gelidum
0.00	3	 Pediococcus pentosaceus
0.00	1	 Pediococcus damnosus
0.00	2	 Ligilactobacillus murinus
0.00	1	 Ligilactobacillus ruminis
0.00	1	 Ligilactobacillus acidipiscis
0.00	2	 Lactobacillus crispatus
0.00	1	 Lactobacillus iners
0.00	3	 Lactiplantibacillus plantarum
0.00	2	 Lentilactobacillus hilgardii
0.00	2	 Weissella ceti
0.00	1	 Companilactobacillus ginsenosidimutans
0.00	1	 Secundilactobacillus paracollinoides
0.00	64	 Aerococcus urinaeequi
0.00	8	 Aerococcus viridans
0.00	3	 Abiotrophia defectiva
0.00	11	 Dolosigranulum pigrum
0.00	4	 Jeotgalibaca porci
0.00	1	 Jeotgalibaca ciconiae
0.00	2	 Carnobacterium divergens
0.00	2	 Granulicatella adiacens
0.00	1	 Marinilactibacillus sp. 15R
0.00	180	 Finegoldia magna
0.00	83	 Peptoniphilus harei
0.00	4	 Peptoniphilus ivorii
0.00	15	 Anaerococcus obesiensis
0.00	12	 Anaerococcus mediterraneensis
0.00	11	 Anaerococcus vaginalis
0.00	7	 Anaerococcus prevotii
0.00	2	 Murdochiella vaginalis
0.00	1	 Parvimonas micra
0.00	1	 Keratinibaculum paraultunense
0.00	21	 Clostridium botulinum
0.00	2	 Clostridium sp. JN-1
0.00	1	 Clostridium sp. DL-VIII
0.00	1	 Clostridium sp. C5S11
0.00	3	 Clostridium bornimense
0.00	3	 Clostridium isatidis
0.00	2	 Clostridium perfringens
0.00	2	 Clostridium novyi
0.00	2	 Clostridium beijerinckii
0.00	1	 Clostridium diolis
0.00	1	 Clostridium autoethanogenum
0.00	1	 Clostridium aceticum
0.00	1	 Clostridium chauvoei
0.00	1	 Clostridium intestinale
0.00	1	 Clostridium argentinense
0.00	1	 Clostridium carboxidivorans
0.00	1	 Clostridium drakei
0.00	1	 Clostridium cochlearium
0.00	6	 Alkaliphilus metalliredigens
0.00	1	 Alkaliphilus sp. B6464
0.00	2	 Caloramator sp. E03
0.00	1	 Hathewaya histolytica
0.00	48	 Syntrophomonas wolfei
0.00	5	 Ruminococcus albus
0.00	3	 Faecalibacterium prausnitzii
0.00	2	 Caproiciproducens sp. 7D4C2
0.00	1	 Oscillibacter valericigenes
0.00	3	 [Clostridium] scindens
0.00	2	 Blautia sp. SC05B48
0.00	1	 Blautia sp. LZLJ-3
0.00	1	 Roseburia hominis
0.00	1	 Lacrimispora sphenoides
0.00	1	 [Ruminococcus] torques
0.00	1	 Anaerotignum propionicum
0.00	1	 Anaerostipes hadrus
0.00	1	 Butyrivibrio fibrisolvens
0.00	4	 Romboutsia ilealis
0.00	3	 Romboutsia hominis
0.00	5	 Clostridioides difficile
0.00	1	 Peptacetobacter hiranonis
0.00	3	 Eubacterium limosum
0.00	1	 Alkalibacter sp. ES005
0.00	3	 Desulfosporosinus youngiae
0.00	1	 Desulfosporosinus meridiei
0.00	1	 Thermaerobacter marianensis
0.00	1	 Thermoanaerobacterium thermosaccharolyticum
0.00	1	 Caldicellulosiruptor kristjanssonii
0.00	1	 Thermoanaerobacter wiegelii
0.00	1	 Caldanaerobacter subterraneus
0.00	4	 Halanaerobium praevalens
0.00	1	 Acetohalobium arabaticum
0.00	5	 Megamonas funiformis
0.00	3	 Selenomonas sputigena
0.00	1	 Veillonella atypica
0.86	48944	 Corynebacterium tuberculostearicum
0.29	16848	 Corynebacterium kefirresidentii
0.03	1539	 Corynebacterium ureicelerivorans
0.02	1111	 Corynebacterium simulans
0.01	314	 Corynebacterium sp. FDAARGOS 1242
0.00	255	 Corynebacterium sp. zg-917
0.00	43	 Corynebacterium sp. NML98-0116
0.00	33	 Corynebacterium sp. 4H37-19
0.00	12	 Corynebacterium sp. 2039
0.00	8	 Corynebacterium sp. 2019
0.00	8	 Corynebacterium sp. zg-320
0.00	7	 Corynebacterium sp. 1864
0.01	673	 Corynebacterium minutissimum
0.01	407	 Corynebacterium singulare
0.01	375	 Corynebacterium segmentosum
0.01	358	 Corynebacterium macginleyi
0.01	339	 Corynebacterium aurimucosum
0.00	259	 Corynebacterium riegelii
0.00	233	 Corynebacterium striatum
0.00	230	 Corynebacterium coyleae
0.00	215	 Corynebacterium imitans
0.00	172	 Corynebacterium propinquum
0.00	99	 Corynebacterium glucuronolyticum
0.00	89	 Corynebacterium camporealensis
0.00	74	 Corynebacterium flavescens
0.00	71	 Corynebacterium mycetoides
0.00	68	 Corynebacterium glaucum
0.00	50	 Corynebacterium genitalium
0.00	44	 Corynebacterium falsenii
0.00	42	 Corynebacterium phocae
0.00	36	 Corynebacterium lizhenjunii
0.00	33	 Corynebacterium casei
0.00	33	 Corynebacterium liangguodongii
0.00	33	 Corynebacterium endometrii
0.00	32	 Corynebacterium amycolatum
0.00	30	 Corynebacterium xerosis
0.00	30	 Corynebacterium doosanense
0.00	29	 Corynebacterium incognita
0.00	28	 Corynebacterium timonense
0.00	26	 Corynebacterium sanguinis
0.00	22	 Corynebacterium lactis
0.00	22	 Corynebacterium kroppenstedtii
0.00	21	 Corynebacterium frankenforstense
0.00	20	 Corynebacterium qintianiae
0.00	20	 Corynebacterium bovis
0.00	19	 Corynebacterium gerontici
0.00	19	 Corynebacterium mustelae
0.00	19	 Corynebacterium diphtheriae
0.00	18	 Corynebacterium yudongzhengii
0.00	18	 Corynebacterium vitaeruminis
0.00	18	 Corynebacterium renale
0.00	18	 Corynebacterium ammoniagenes
0.00	17	 Corynebacterium halotolerans
0.00	16	 Corynebacterium cystitidis
0.00	16	 Corynebacterium maris
0.00	15	 Corynebacterium testudinoris
0.00	15	 Corynebacterium stationis
0.00	14	 Corynebacterium urogenitale
0.00	14	 Corynebacterium nuruki
0.00	13	 Corynebacterium uterequi
0.00	13	 Corynebacterium pelargi
0.00	12	 Corynebacterium epidermidicanis
0.00	12	 Corynebacterium deserti
0.00	11	 Corynebacterium marinum
0.00	11	 Corynebacterium jeikeium
0.00	11	 Corynebacterium glutamicum
0.00	10	 Corynebacterium sphenisci
0.00	8	 Corynebacterium efficiens
0.00	8	 Corynebacterium atypicum
0.00	8	 Corynebacterium kutscheri
0.00	7	 Corynebacterium resistens
0.00	7	 Corynebacterium urealyticum
0.00	5	 Corynebacterium pseudotuberculosis
0.00	5	 Corynebacterium suranareeae
0.00	4	 Corynebacterium matruchotii
0.00	4	 Corynebacterium choanae
0.00	3	 Corynebacterium silvaticum
0.00	3	 Corynebacterium freneyi
0.00	3	 Corynebacterium callunae
0.00	3	 Corynebacterium variabile
0.00	2	 Corynebacterium aquilae
0.00	2	 Corynebacterium anserum
0.00	1	 Corynebacterium argentoratense
0.00	1	 Corynebacterium glyciniphilum
0.00	1	 Corynebacterium rouxii
0.02	1243	 Lawsonella clevelandensis
0.00	94	 Mycolicibacterium psychrotolerans
0.00	37	 Mycolicibacterium rutilum
0.00	26	 Mycolicibacterium chubuense
0.00	18	 Mycolicibacterium parafortuitum
0.00	2	 Mycolicibacterium sp. LJ126
0.00	15	 Mycolicibacterium phocaicum
0.00	9	 Mycolicibacterium litorale
0.00	8	 Mycolicibacterium aubagnense
0.00	8	 Mycolicibacterium poriferae
0.00	7	 Mycolicibacterium mucogenicum
0.00	6	 Mycolicibacterium anyangense
0.00	6	 Mycolicibacterium sediminis
0.00	6	 Mycolicibacterium vaccae
0.00	6	 Mycolicibacterium confluentis
0.00	6	 Mycolicibacterium boenickei
0.00	5	 Mycolicibacterium aurum
0.00	5	 Mycolicibacterium chitae
0.00	5	 Mycolicibacterium rhodesiae
0.00	4	 Mycolicibacterium mageritense
0.00	4	 Mycolicibacterium fluoranthenivorans
0.00	4	 Mycolicibacterium sarraceniae
0.00	4	 Mycolicibacterium duvalii
0.00	4	 Mycolicibacterium aichiense
0.00	4	 Mycolicibacterium gilvum
0.00	3	 Mycolicibacterium smegmatis
0.00	3	 Mycolicibacterium austroafricanum
0.00	2	 Mycolicibacterium neoaurum
0.00	2	 Mycolicibacterium thermoresistibile
0.00	1	 Mycolicibacterium moriokaense
0.00	1	 Mycolicibacterium fallax
0.00	1	 Mycolicibacterium farcinogenes
0.00	1	 Mycolicibacterium pulveris
0.00	1	 Mycolicibacterium madagascariense
0.00	1	 Mycobacterium doricum
0.00	1	 Mycolicibacterium septicum
0.00	1	 Mycolicibacterium helvum
0.00	1	 Mycolicibacterium fortuitum
0.00	1	 Mycolicibacterium hassiacum
0.00	53	 Mycobacterium grossiae
0.00	49	 Mycobacterium kansasii
0.00	8	 Mycobacterium sp. YC-RL4
0.00	4	 Mycobacterium sp. DL440
0.00	1	 Mycobacterium sp. JS623
0.00	1	 Mycobacterium sp. EPa45
0.00	1	 Mycobacterium sp. THAF192
0.00	5	 Mycobacterium simiae
0.00	2	 Mycobacterium parmense
0.00	2	 Mycobacterium stomatepiae
0.00	1	 Mycobacterium kubicae
0.00	1	 Mycobacterium florentinum
0.00	12	 Mycobacterium paragordonae
0.00	12	 Mycobacterium paraseoulense
0.00	5	 Mycobacterium tuberculosis
0.00	1	 Mycobacterium canettii
0.00	3	 Mycobacterium intracellulare
0.00	1	 Mycobacterium avium
0.00	3	 Mycobacterium riyadhense
0.00	3	 Mycobacterium goodii
0.00	2	 Mycobacterium holsaticum
0.00	2	 Mycobacterium koreense
0.00	2	 Mycobacterium heraklionense
0.00	2	 Mycobacterium seoulense
0.00	2	 Mycobacterium gallinarum
0.00	2	 Mycobacterium haemophilum
0.00	1	 Mycobacterium senegalense
0.00	1	 Mycobacterium heckeshornense
0.00	1	 Mycobacterium xenopi
0.00	1	 Mycobacterium dioxanotrophicus
0.00	1	 Mycobacterium conspicuum
0.00	1	 Mycobacterium vicinigordonae
0.00	1	 Mycobacterium spongiae
0.00	1	 Mycobacterium pseudoshottsii
0.00	11	 Mycolicibacter sinensis
0.00	4	 Mycobacteroides saopaulense
0.00	1	 Mycobacteroides chelonae
0.00	1	 Mycobacteroides abscessus
0.00	1	 Mycobacteroides immunogenum
0.00	6	 Rhodococcus sp. B7740
0.00	5	 Rhodococcus sp. SGAir0479
0.00	5	 Rhodococcus sp. PBTS 1
0.00	5	 Rhodococcus sp. PBTS 2
0.00	4	 Rhodococcus sp. USK10
0.00	3	 Rhodococcus sp. W8901
0.00	2	 Rhodococcus sp. WMMA185
0.00	2	 Rhodococcus sp. MTM3W5.2
0.00	1	 Rhodococcus sp. ABRD24
0.00	1	 Rhodococcus sp. P1Y
0.00	1	 Rhodococcus sp. M8
0.00	31	 Rhodococcus opacus
0.00	3	 Rhodococcus erythropolis
0.00	3	 Rhodococcus jostii
0.00	2	 Rhodococcus fascians
0.00	2	 Rhodococcus hoagii
0.00	1	 Rhodococcus ruber
0.00	1	 Rhodococcus pyridinivorans
0.00	1	 Rhodococcus triatomae
0.00	13	 Nocardia iowensis
0.00	9	 Nocardia cyriacigeorgica
0.00	6	 Nocardia asteroides
0.00	4	 Nocardia terpenica
0.00	4	 Nocardia tengchongensis
0.00	4	 Nocardia sp. WCH-YHL-001
0.00	3	 Nocardia brasiliensis
0.00	3	 Nocardia arthritidis
0.00	3	 Nocardia yunnanensis
0.00	2	 Nocardia seriolae
0.00	1	 Nocardia farcinica
0.00	1	 Nocardia wallacei
0.00	1	 Nocardia mangyaensis
0.00	19	 Gordonia sp. KTR9
0.00	11	 Gordonia sp. JH63
0.00	3	 Gordonia sp. YC-JH1
0.00	1	 Gordonia sp. PDNC005
0.00	22	 Gordonia polyisoprenivorans
0.00	17	 Gordonia bronchialis
0.00	8	 Gordonia jinghuaiqii
0.00	7	 Gordonia iterans
0.00	5	 Gordonia terrae
0.00	3	 Gordonia rubripertincta
0.00	3	 Gordonia phthalatica
0.00	2	 Gordonia pseudoamarae
0.00	1	 Gordonia alkanivorans
0.00	1	 Gordonia ajococcus
0.00	3	 Skermania piniformis
0.00	15	 Dietzia timorensis
0.00	8	 Dietzia psychralcaliphila
0.00	5	 Dietzia sp. oral taxon 368
0.00	2	 Dietzia lutea
0.00	9	 Tsukamurella paurometabola
0.00	2	 Tomitella sp. HY188
0.00	2	 Tomitella sp. HY172
0.03	1972	 Kocuria palustris
0.00	100	 Kocuria rhizophila
0.00	41	 Kocuria rosea
0.00	20	 Kocuria indica
0.00	8	 Kocuria sp. BT304
0.00	2	 Kocuria sp. KD4
0.00	11	 Kocuria turfanensis
0.00	11	 Kocuria flava
0.00	3	 Kocuria varians
0.00	213	 Micrococcus luteus
0.00	6	 Micrococcus sp. KBS0714
0.00	1	 Micrococcus sp. KD337-16
0.00	88	 Arthrobacter sp. zg-ZUI227
0.00	8	 Arthrobacter sp. NEB 688
0.00	5	 Arthrobacter sp. U41
0.00	3	 Arthrobacter sp. NtRootA1
0.00	2	 Arthrobacter sp. PAMC25564
0.00	1	 Arthrobacter sp. QXT-31
0.00	1	 Arthrobacter sp. ERGS1:01
0.00	1	 Arthrobacter sp. D5-1
0.00	1	 Arthrobacter sp. NicSoilB8
0.00	14	 Arthrobacter agilis
0.00	1	 Arthrobacter crystallopoietes
0.00	1	 Arthrobacter alpinus
0.00	103	 Citricoccus sp. SGAir0253
0.00	39	 Rothia amarae
0.00	36	 Rothia mucilaginosa
0.00	10	 Rothia dentocariosa
0.00	8	 Rothia aeria
0.00	6	 Rothia terrae
0.00	1	 Rothia kristinae
0.00	1	 Rothia nasimurium
0.00	48	 Nesterenkonia sp. NBAIMH1
0.00	6	 Glutamicibacter creatinolyticus
0.00	5	 Glutamicibacter nicotianae
0.00	2	 Glutamicibacter mishrai
0.00	1	 Glutamicibacter halophytocola
0.00	4	 Pseudarthrobacter equi
0.00	1	 Pseudarthrobacter chlorophenolicus
0.00	1	 Pseudarthrobacter phenanthrenivorans
0.00	2	 Zhihengliuella sp. ISTPL4
0.00	2	 Paeniglutamicibacter sp. Y32M11
0.00	1	 Auritidibacter sp. NML130574
0.00	1	 Paenarthrobacter aurescens
0.01	739	 Dermacoccus sp. PAMC28757
0.01	681	 Dermacoccus nishinomiyaensis
0.00	109	 Yimella sp. cx-51
0.01	549	 Brachybacterium ginsengisoli
0.00	175	 Brachybacterium saurashtrense
0.00	44	 Brachybacterium sp. P6-10-X1
0.00	27	 Brachybacterium sp. SGAir0954
0.00	22	 Brachybacterium faecium
0.00	10	 Brachybacterium avium
0.00	5	 Brachybacterium vulturis
0.00	10	 Dermabacter vaginalis
0.00	5	 Dermabacter jinjuensis
0.00	18	 Devriesea agamarum
0.00	19	 Microbacterium sp. JZ31
0.00	17	 Microbacterium sp. Nx66
0.00	14	 Microbacterium sp. PM5
0.00	12	 Microbacterium sp. No. 7
0.00	8	 Microbacterium sp. XT11
0.00	4	 Microbacterium sp. NIBRBAC000506063
0.00	4	 Microbacterium sp. 4R-513
0.00	2	 Microbacterium sp. A18JL200
0.00	2	 Microbacterium sp. A18JL241
0.00	2	 Microbacterium sp. ABRD_28
0.00	2	 Microbacterium sp. 10M-3C3
0.00	2	 Microbacterium sp. CGR1
0.00	1	 Microbacterium sp. NY27
0.00	1	 Microbacterium sp. WY121
0.00	1	 Microbacterium sp. RG1
0.00	1	 Microbacterium sp. CBA3102
0.00	1	 Microbacterium sp. YJN-G
0.00	14	 Microbacterium aurum
0.00	8	 Microbacterium foliorum
0.00	7	 Microbacterium schleiferi
0.00	6	 Microbacterium hominis
0.00	5	 Microbacterium testaceum
0.00	5	 Microbacterium amylolyticum
0.00	5	 Microbacterium oryzae
0.00	4	 Microbacterium lemovicicum
0.00	3	 Microbacterium wangchenii
0.00	3	 Microbacterium sediminis
0.00	2	 Microbacterium caowuchunii
0.00	2	 Microbacterium hydrocarbonoxydans
0.00	2	 Microbacterium oleivorans
0.00	1	 Microbacterium paraoxydans
0.00	1	 Microbacterium endophyticum
0.00	55	 Curtobacterium flaccumfaciens
0.00	3	 Curtobacterium sp. BH-2-1-1
0.00	3	 Curtobacterium sp. Csp2
0.00	2	 Curtobacterium sp. MR_MD2014
0.00	1	 Curtobacterium sp. YC1
0.00	8	 Rathayibacter sp. VKM Ac-2804
0.00	5	 Rathayibacter sp. VKM Ac-2759
0.00	1	 Rathayibacter sp. VKM Ac-2760
0.00	21	 Rathayibacter festucae
0.00	1	 Rathayibacter iranicus
0.00	1	 Rathayibacter tanaceti
0.00	29	 Clavibacter michiganensis
0.00	5	 Clavibacter zhangzhiyongii
0.00	7	 Leucobacter triazinivorans
0.00	5	 Leucobacter luti
0.00	4	 Leucobacter sp. NB 10
0.00	1	 Leucobacter sp. CX169
0.00	1	 Leucobacter muris
0.00	1	 Leucobacter viscericola
0.00	8	 Agromyces flavus
0.00	2	 Agromyces sp. LHK192
0.00	2	 Agromyces sp. G127AT
0.00	2	 Agromyces intestinalis
0.00	1	 Agromyces aureus
0.00	1	 Agromyces badenianii
0.00	9	 Leifsonia shinshuensis
0.00	2	 Leifsonia sp. ZF2019
0.00	1	 Leifsonia sp. PS1209
0.00	1	 Leifsonia xyli
0.00	8	 Cryobacterium arcticum
0.00	3	 Cryobacterium sp. LW097
0.00	2	 Cryobacterium sp. PAMC25264
0.00	12	 Frigoribacterium sp. NBH87
0.00	8	 Microterricola viridarii
0.00	3	 Salinibacterium sp. M195
0.00	3	 Salinibacterium sp. dk2585
0.00	2	 Salinibacterium sp. UTAS2018
0.00	3	 Protaetiibacter intestinalis
0.00	2	 Protaetiibacter larvae
0.00	4	 Plantibacter sp. PA-3-X8
0.00	1	 Plantibacter sp. M259
0.00	1	 Agrococcus sp. SGAir0287
0.00	1	 Agrococcus sp. Marseille-Q4369
0.00	1	 Agrococcus jejuensis
0.00	1	 Agrococcus carbonis
0.00	3	 Frondihabitans sp. 762G35
0.00	1	 Frondihabitans sp. PAMC 28766
0.00	2	 Aurantimicrobium sp. MWH-Mo1
0.00	2	 Rhodoluna limnophila
0.00	1	 Cnuibacter physcomitrellae
0.00	1	 Humibacter sp. BT305
0.00	1	 Herbiconiux sp. SALV-R1
0.00	83	 Brevibacterium casei
0.00	7	 Brevibacterium sp. CS2
0.00	3	 Brevibacterium sp. SMBL_HHYL_HB1
0.00	1	 Brevibacterium sp. YB235
0.00	1	 Brevibacterium sp. WO024
0.00	1	 Brevibacterium sp. o2
0.00	12	 Brevibacterium luteolum
0.00	4	 Brevibacterium sandarakinum
0.00	1	 Brevibacterium linens
0.00	1	 Brevibacterium aurantiacum
0.00	179	 Janibacter indicus
0.00	50	 Janibacter limosus
0.00	7	 Janibacter melonis
0.00	13	 Phycicoccus sp. HDW14
0.00	3	 Phycicoccus endophyticus
0.00	3	 Intrasporangium calvum
0.00	3	 Pedococcus dokdonensis
0.00	1	 Tetrasphaera sp. HKS02
0.00	1	 Arsenicicoccus sp. oral taxon 190
0.00	180	 Kytococcus sedentarius
0.00	15	 Cellulomonas sp. PSBB021
0.00	12	 Cellulomonas sp. JZ18
0.00	10	 Cellulomonas sp. Y8
0.00	8	 Cellulomonas sp. zg-ZUI157
0.00	5	 Cellulomonas sp. zg-ZUI222
0.00	3	 Cellulomonas sp. C5510
0.00	1	 Cellulomonas sp. H30R-01
0.00	1	 Cellulomonas sp. zg-ZUI188
0.00	9	 Cellulomonas flavigena
0.00	3	 Cellulomonas gilvus
0.00	2	 Cellulomonas shaoxiangyii
0.00	1	 Cellulomonas taurus
0.00	10	 Oerskovia sp. KBS0722
0.00	3	 Paraoerskovia marina
0.00	2	 Pseudactinotalea sp. HY158
0.00	1	 Actinotalea sp. JY-7876
0.00	7	 Cellulosimicrobium sp. BI34T
0.00	1	 Cellulosimicrobium sp. TH-20
0.00	2	 Cellulosimicrobium cellulans
0.00	3	 Xylanimicrobium sp. FW10M-9
0.00	2	 Xylanimonas cellulosilytica
0.00	2	 Isoptericola variabilis
0.00	7	 Ornithinimicrobium sp. AMA3305
0.00	1	 Ornithinimicrobium sp. HY006
0.00	1	 Ornithinimicrobium sp. H23M54
0.00	3	 Ornithinimicrobium flavum
0.00	2	 Serinicoccus hydrothermalis
0.00	1	 Serinicoccus marinus
0.00	1	 Serinicoccus chungangensis
0.00	7	 Ruania sp. HY168
0.00	2	 Ruania sp. HY164
0.00	1	 Ruania alkalisoli
0.00	8	 Sanguibacter keddieii
0.00	1	 Sanguibacter sp. HDW7
0.00	6	 Georgenia sp. Z294
0.00	1	 Georgenia sp. Z443
0.00	1	 Georgenia faecalis
0.00	6	 Miniimonas sp. S16
0.00	2	 Mobilicoccus sp. NJES-13
0.00	1	 Austwickia chelonae
0.00	1	 Luteimicrobium xylanilyticum
0.07	3738	 Cutibacterium acnes
0.00	143	 Cutibacterium modestum
0.00	75	 Cutibacterium granulosum
0.00	18	 Cutibacterium avidum
0.00	15	 Microlunatus sp. KUDC0627
0.00	4	 Microlunatus sp. Gsoil 973
0.00	14	 Microlunatus phosphovorus
0.00	23	 Acidipropionibacterium jensenii
0.00	7	 Tessaracoccus flavescens
0.00	3	 Tessaracoccus sp. MC1865
0.00	1	 Tessaracoccus sp. J1M15
0.00	3	 Tessaracoccus flavus
0.00	1	 Tessaracoccus timonensis
0.00	5	 Brevilactibacter sp. MC1595
0.00	4	 Arachnia propionica
0.00	2	 Arachnia rubra
0.00	3	 Auraticoccus monumenti
0.00	2	 Propionibacterium australiense
0.00	1	 Raineyella sp. CBA3103
0.00	13	 Nocardioides sp. WS12
0.00	10	 Nocardioides sp. LMS-CY
0.00	10	 Nocardioides sp. HDW12B
0.00	8	 Nocardioides sp. MC1495
0.00	6	 Nocardioides sp. S5
0.00	5	 Nocardioides sp. S-1144
0.00	5	 Nocardioides sp. zg-1228
0.00	2	 Nocardioides sp. JS614
0.00	2	 Nocardioides sp. G188
0.00	2	 Nocardioides sp. HY056
0.00	1	 Nocardioides sp. dk884
0.00	1	 Nocardioides sp. zg-579
0.00	1	 Nocardioides sp. CF8
0.00	1	 Nocardioides sp. dk3136
0.00	1	 Nocardioides sp. 603
0.00	17	 Nocardioides houyundeii
0.00	12	 Nocardioides humi
0.00	8	 Nocardioides cynanchi
0.00	7	 Nocardioides ungokensis
0.00	3	 Nocardioides aromaticivorans
0.00	3	 Nocardioides dongkuii
0.00	3	 Nocardioides aquaticus
0.00	2	 Nocardioides dokdonensis
0.00	2	 Nocardioides rotundus
0.00	2	 Nocardioides daphniae
0.00	1	 Nocardioides seonyuensis
0.00	1	 Nocardioides marinisabuli
0.00	1	 Nocardioides anomalus
0.00	1	 Nocardioides piscis
0.00	6	 Aeromicrobium choanae
0.00	4	 Aeromicrobium chenweiae
0.00	2	 Aeromicrobium marinum
0.00	1	 Aeromicrobium erythreum
0.00	1	 Aeromicrobium yanjiei
0.00	11	 Marmoricola scoriae
0.00	7	 Micropruina glycogenica
0.00	6	 Pimelobacter simplex
0.00	5	 Friedmanniella luteola
0.00	2	 Kribbella qitaiheensis
0.05	2597	 Streptomyces lividans
0.00	22	 Streptomyces sp. SUK 48
0.00	15	 Streptomyces sp. P3
0.00	11	 Streptomyces sp. Tue 6075
0.00	11	 Streptomyces sp. ZYC-3
0.00	10	 Streptomyces sp. Sge12
0.00	8	 Streptomyces sp. jing01
0.00	7	 Streptomyces sp. GMY02
0.00	7	 Streptomyces sp. NHF165
0.00	7	 Streptomyces sp. CdTB01
0.00	7	 Streptomyces sp. DSM 40868
0.00	6	 Streptomyces sp. PVA_94-07
0.00	6	 Streptomyces sp. 3214.6
0.00	6	 Streptomyces sp. Tu 2975
0.00	5	 Streptomyces sp. HSG2
0.00	5	 Streptomyces sp. 2323.1
0.00	5	 Streptomyces sp. CCM_MD2014
0.00	5	 Streptomyces sp. QHH-9511
0.00	4	 Streptomyces sp. TLI_053
0.00	3	 Streptomyces sp. So13.3
0.00	3	 Streptomyces sp. S4.7
0.00	3	 Streptomyces sp. S063
0.00	3	 Streptomyces sp. ICC1
0.00	3	 Streptomyces sp. Z022
0.00	3	 Streptomyces sp. C8S0
0.00	3	 Streptomyces sp. CRXT-Y-14
0.00	3	 Streptomyces sp. CRPJ-33
0.00	3	 Streptomyces sp. CRXT-G-22
0.00	2	 Streptomyces sp. S1A1-7
0.00	2	 Streptomyces sp. SN-593
0.00	2	 Streptomyces sp. JB150
0.00	2	 Streptomyces sp. W1SF4
0.00	2	 Streptomyces sp. NA02536
0.00	2	 Streptomyces sp. Go-475
0.00	2	 Streptomyces sp. TN58
0.00	2	 Streptomyces sp. WAC 06738
0.00	2	 Streptomyces sp. SYP-A7193
0.00	2	 Streptomyces sp. CB00271
0.00	1	 Streptomyces sp. BHT-5-2
0.00	1	 Streptomyces sp. SCUT-3
0.00	1	 Streptomyces sp. Rer75
0.00	1	 Streptomyces sp. CB01881
0.00	1	 Streptomyces sp. HF10
0.00	1	 Streptomyces sp. YPW6
0.00	1	 Streptomyces sp. XC 2026
0.00	1	 Streptomyces sp. ST1015
0.00	1	 Streptomyces sp. S8
0.00	1	 Streptomyces sp. SM18
0.00	1	 Streptomyces sp. NEAU-sy36
0.00	1	 Streptomyces sp. ID38640
0.00	1	 Streptomyces sp. NA04227
0.00	1	 Streptomyces sp. WAC 01438
0.00	1	 Streptomyces sp. ADI95-16
0.00	1	 Streptomyces sp. YIM 121038
0.00	1	 Streptomyces sp. KPB2
0.00	1	 Streptomyces sp. EAS-AB2608
0.00	1	 Streptomyces sp. fd1-xmd
0.00	52	 Streptomyces alboflavus
0.00	50	 Streptomyces alfalfae
0.00	47	 Streptomyces clavuligerus
0.00	27	 Streptomyces ficellus
0.00	8	 Streptomyces violaceusniger
0.00	7	 Streptomyces hygroscopicus
0.00	4	 Streptomyces yatensis
0.00	1	 Streptomyces rapamycinicus
0.00	1	 Streptomyces solisilvae
0.00	15	 Streptomyces harbinensis
0.00	12	 Streptomyces venezuelae
0.00	11	 Streptomyces buecherae
0.00	10	 Streptomyces chartreusis
0.00	9	 Streptomyces cacaoi
0.00	8	 Streptomyces antibioticus
0.00	8	 Streptomyces leeuwenhoekii
0.00	7	 Streptomyces vinaceus
0.00	7	 Streptomyces griseoviridis
0.00	7	 Streptomyces galilaeus
0.00	7	 Streptomyces atratus
0.00	7	 Streptomyces actuosus
0.00	6	 Streptomyces mobaraensis
0.00	6	 Streptomyces lydicus
0.00	6	 Streptomyces albireticuli
0.00	6	 Streptomyces lavendulae
0.00	6	 Streptomyces gilvosporeus
0.00	5	 Streptomyces nigra
0.00	5	 Streptomyces dengpaensis
0.00	4	 Streptomyces globisporus
0.00	1	 Streptomyces griseus
0.00	5	 Streptomyces griseocarneus
0.00	5	 Streptomyces luteoverticillatus
0.00	4	 Streptomyces nodosus
0.00	4	 Streptomyces viridifaciens
0.00	4	 Streptomyces cyaneochromogenes
0.00	4	 Streptomyces qinzhouensis
0.00	4	 Streptomyces fagopyri
0.00	4	 Streptomyces albidoflavus
0.00	4	 Streptomyces ferrugineus
0.00	3	 Streptomyces aureoverticillatus
0.00	3	 Streptomyces bingchenggensis
0.00	3	 Streptomyces seoulensis
0.00	3	 Streptomyces parvulus
0.00	3	 Streptomyces collinus
0.00	3	 Streptomyces exfoliatus
0.00	2	 Streptomyces glomeroaurantiacus
0.00	1	 Streptomyces cadmiisoli
0.00	3	 Streptomyces cattleya
0.00	3	 Streptomyces bathyalis
0.00	2	 Streptomyces tirandamycinicus
0.00	2	 Streptomyces spectabilis
0.00	2	 Streptomyces rutgersensis
0.00	2	 Streptomyces olivoreticuli
0.00	2	 Streptomyces katrae
0.00	2	 Streptomyces albus
0.00	2	 Streptomyces angustmyceticus
0.00	2	 Streptomyces lincolnensis
0.00	2	 Streptomyces cyaneogriseus
0.00	2	 Streptomyces rimosus
0.00	2	 Streptomyces lunaelactis
0.00	2	 Streptomyces formicae
0.00	2	 Streptomyces peucetius
0.00	2	 Streptomyces finlayi
0.00	2	 Streptomyces kanamyceticus
0.00	2	 Streptomyces broussonetiae
0.00	2	 Streptomyces capitiformicae
0.00	2	 Streptomyces subrutilus
0.00	2	 Streptomyces pristinaespiralis
0.00	2	 Streptomyces nojiriensis
0.00	1	 Streptomyces decoyicus
0.00	1	 Streptomyces roseochromogenus
0.00	1	 Streptomyces niveus
0.00	1	 Streptomyces calvus
0.00	1	 Streptomyces davaonensis
0.00	1	 Streptomyces vietnamensis
0.00	1	 Streptomyces xinghaiensis
0.00	1	 Streptomyces hundungensis
0.00	1	 Streptomyces pluripotens
0.00	1	 Streptomyces liangshanensis
0.00	1	 Streptomyces spongiicola
0.00	1	 Streptomyces paludis
0.00	1	 Streptomyces californicus
0.00	1	 Streptomyces ambofaciens
0.00	1	 Streptomyces glaucescens
0.00	1	 Streptomyces scabiei
0.00	1	 Streptomyces nitrosporeus
0.00	1	 Streptomyces avermitilis
0.00	1	 Streptomyces gardneri
0.00	1	 Streptomyces griseorubiginosus
0.00	1	 Streptomyces prasinus
0.00	1	 Streptomyces coeruleorubidus
0.00	1	 Streptomyces antimycoticus
0.00	1	 Streptomyces fulvissimus
0.00	1	 Streptomyces globosus
0.00	1	 Streptomyces griseochromogenes
0.00	1	 Streptomyces cyanogenus
0.00	1	 Streptomyces tsukubensis
0.00	5	 Streptacidiphilus sp. PB12-B1b
0.00	1	 Streptacidiphilus sp. P02-A3a
0.00	5	 Streptacidiphilus bronchialis
0.00	5	 Kitasatospora setae
0.00	4	 Kitasatospora sp. MMS16-BH015
0.00	1	 Kitasatospora sp. NA04385
0.00	81	 Saccharomonospora marina
0.00	27	 Saccharomonospora azurea
0.00	25	 Pseudonocardia sp. CGMCC 4.1532
0.00	22	 Pseudonocardia sp. DSM 110487
0.00	8	 Pseudonocardia sp. AL041005-10
0.00	3	 Pseudonocardia sp. HH130629-09
0.00	2	 Pseudonocardia sp. HH130630-07
0.00	16	 Pseudonocardia dioxanivorans
0.00	10	 Pseudonocardia autotrophica
0.00	1	 Pseudonocardia broussonetiae
0.00	12	 Amycolatopsis sp. FDAARGOS 1241
0.00	5	 Amycolatopsis sp. CA-230715
0.00	4	 Amycolatopsis sp. Hca4
0.00	3	 Amycolatopsis sp. DSM 110486
0.00	2	 Amycolatopsis sp. TNS106
0.00	1	 Amycolatopsis sp. YIM 10
0.00	1	 Amycolatopsis sp. YIM 96748
0.00	6	 Amycolatopsis japonica
0.00	5	 Amycolatopsis orientalis
0.00	4	 Amycolatopsis mediterranei
0.00	3	 Amycolatopsis keratiniphila
0.00	3	 Saccharopolyspora erythraea
0.00	5	 Saccharothrix sp. 6-C
0.00	4	 Saccharothrix syringae
0.00	3	 Saccharothrix espanaensis
0.00	8	 Alloactinosynnema sp. L-07
0.00	3	 Actinoalloteichus hoggarensis
0.00	1	 Actinoalloteichus hymeniacidonis
0.00	1	 Actinosynnema pretiosum
0.00	5	 Allokutzneria albata
0.00	4	 Lentzea guizhouensis
0.00	2	 Kibdelosporangium phytohabitans
0.00	2	 Kutzneria albida
0.00	26	 Actinomyces sp. oral taxon 169
0.00	17	 Actinomyces sp. oral taxon 414
0.00	13	 Actinomyces sp. oral taxon 171
0.00	11	 Actinomyces sp. HMT 175
0.00	6	 Actinomyces sp. HMT897
0.00	2	 Actinomyces sp. MAS-1
0.00	1	 Actinomyces sp. 432
0.00	30	 Actinomyces oris
0.00	15	 Actinomyces naeslundii
0.00	7	 Actinomyces faecalis
0.00	5	 Actinomyces slackii
0.00	4	 Actinomyces howellii
0.00	3	 Actinomyces gaoshouyii
0.00	3	 Actinomyces trachealis
0.00	2	 Actinomyces radicidentis
0.00	2	 Actinomyces israelii
0.00	2	 Actinomyces respiraculi
0.00	1	 Actinomyces pacaensis
0.00	1	 Actinomyces weissii
0.00	1	 Actinomyces qiguomingii
0.00	1	 Actinomyces lilanjuaniae
0.00	1	 Actinomyces procaprae
0.00	1	 Actinomyces viscosus
0.00	7	 Trueperella bialowiezensis
0.00	2	 Trueperella pecoris
0.00	9	 Flaviflexus sp. H23T48
0.00	5	 Schaalia turicensis
0.00	2	 Schaalia odontolytica
0.00	2	 Schaalia cardiffensis
0.00	8	 Pauljensenia hongkongensis
0.00	1	 Arcanobacterium phocisimile
0.00	1	 Boudabousia tangfeifanii
0.00	89	 Bifidobacterium longum
0.00	34	 Bifidobacterium breve
0.00	7	 Bifidobacterium subtile
0.00	4	 Bifidobacterium pseudocatenulatum
0.00	3	 Bifidobacterium asteroides
0.00	3	 Bifidobacterium scardovii
0.00	1	 Bifidobacterium bifidum
0.00	1	 Bifidobacterium adolescentis
0.00	1	 Bifidobacterium actinocoloniiforme
0.00	32	 Gardnerella vaginalis
0.00	10	 Micromonospora sagamiensis
0.00	8	 Micromonospora carbonacea
0.00	8	 Micromonospora echinospora
0.00	7	 Micromonospora chokoriensis
0.00	2	 Micromonospora sp. WMMA2032
0.00	2	 Micromonospora sp. HM134
0.00	1	 Micromonospora sp. B006
0.00	4	 Micromonospora rifamycinica
0.00	4	 Micromonospora terminaliae
0.00	4	 Micromonospora auratinigra
0.00	2	 Micromonospora echinofusca
0.00	2	 Micromonospora tulbaghiae
0.00	1	 Micromonospora viridifaciens
0.00	1	 Micromonospora siamensis
0.00	1	 Micromonospora endophytica (Xie et al. 2001) Li et al. 2019
0.00	29	 Actinoplanes sp. L3-i22
0.00	14	 Actinoplanes sp. N902-109
0.00	6	 Actinoplanes friuliensis
0.00	3	 Actinoplanes ianthinogenes
0.00	1	 Actinoplanes missouriensis
0.00	1	 Actinoplanes derwentensis
0.00	11	 Phytohabitans suffuscus
0.00	2	 Phytohabitans flavus
0.00	10	 Actinocatenispora thailandica
0.00	6	 Plantactinospora sp. KBS50
0.00	2	 Plantactinospora sp. BC1
0.00	2	 Dactylosporangium vinaceum
0.00	2	 Salinispora tropica
0.00	2	 Polymorphospora rubra
0.00	1	 Catellatospora sp. IY07-71
0.00	1	 Verrucosispora sp. NA02020
0.00	15	 Nonomuraea gerenzanensis
0.00	6	 Nonomuraea sp. ATCC 55076
0.00	5	 Nonomuraea coxensis
0.00	3	 Nonomuraea nitratireducens
0.00	2	 Streptosporangium sp. 'caverna'
0.00	2	 Thermobispora bispora
0.00	5	 Nocardiopsis sp. MT53
0.00	4	 Nocardiopsis alba
0.00	1	 Nocardiopsis dassonvillei
0.00	12	 Thermobifida fusca
0.00	3	 Streptomonospora sp. M2
0.00	12	 Actinomadura sp. NAK00032
0.00	1	 Actinomadura sp. WMMA1423
0.00	5	 Thermomonospora amylolytica
0.00	33	 Epidermidibacterium keratini
0.00	16	 Geodermatophilus obscurus
0.00	9	 Modestobacter marinus
0.00	7	 Blastococcus saxobsidens
0.00	13	 Nakamurella multipartita
0.00	8	 Nakamurella sp. PAMC28650
0.00	2	 Nakamurella panacisegetis
0.00	13	 Kineococcus radiotolerans
0.00	2	 Frankia sp. ArI3
0.00	2	 Frankia sp. QA3
0.00	3	 Frankia casuarinae
0.00	3	 Frankia inefficax
0.00	1	 Frankia alni
0.00	5	 Jiangella alkaliphila
0.00	3	 Jiangella sp. DSM 45060
0.00	4	 Stackebrandtia nassauensis
0.00	3	 Acidothermus cellulolyticus
0.00	1	 Candidatus Planktophila versatilis
0.00	1	 Candidatus Planktophila dulcis
0.00	84	 Arabia massiliensis
0.00	1	 Gordonibacter pamelaeae
0.00	2	 Phoenicibacter congonensis
0.00	1	 Parolsenella massiliensis
0.00	12	 Conexibacter sp. SYSU D00693
0.00	11	 Conexibacter woesei
0.00	5	 Miltoncostaea marina
0.00	1	 Miltoncostaea oceani
0.00	13	 Egicoccus halophilus
0.00	1	 Egibacter rhizosphaerae
0.00	7	 Rubrobacter sp. SCSIO 52909
0.00	1	 Rubrobacter radiotolerans
0.00	1	 Rubrobacter xylanophilus
0.00	1	 Rubrobacter indicoceani
0.00	2	 Actinomarinicola tropica
0.00	1	 Aquihabitans sp. G128
0.00	1	 Acidimicrobium ferrooxidans
0.00	1	 Ilumatobacter coccineus
0.00	6	 Nostoc sp. NIES-2111
0.00	4	 Nostoc sp. 'Lobaria pulmonaria (5183) cyanobiont'
0.00	1	 Nostoc sp. NIES-4103
0.00	1	 Nostoc sp. TCL26-01
0.00	1	 Nostoc sp. UHCC 0702
0.00	4	 Nostoc piscinale
0.00	4	 Nostoc flagelliforme
0.00	1	 Nostoc linckia
0.00	1	 Anabaena cylindrica
0.00	19	 Calothrix sp. PCC 7716
0.00	4	 Calothrix sp. NIES-2098
0.00	3	 Calothrix sp. NIES-3974
0.00	2	 Calothrix sp. NIES-2100
0.00	8	 Anabaenopsis circularis
0.00	1	 Sphaerospermopsis kisseleviana
0.00	1	 Brasilonema sennae
0.00	1	 Fischerella sp. NIES-3754
0.00	15	 Leptolyngbya sp. NIES-3755
0.00	5	 Leptolyngbya sp. 7M
0.00	7	 Leptolyngbya boryana
0.00	3	 Kovacikia sp. CCNU0001
0.00	8	 Pseudanabaena sp. PCC 7367
0.00	35	 Chroococcidiopsis thermalis
0.00	1	 Synechococcus sp. HK01-R
0.00	1	 Synechococcus sp. LTW-R
0.00	1	 Synechococcus sp. NOUM97013
0.00	1	 Synechococcus sp. CBW1002
0.00	1	 Synechococcus sp. A15-28
0.00	1	 Synechococcus sp. KORDI-52
0.00	3	 Prochlorococcus marinus
0.00	1	 Acaryochloris marina
0.00	4	 Euhalothece natronophila
0.00	1	 Cyanobacterium aponinum
0.00	2	 Crinalium epipsammum
0.00	1	 Oscillatoria nigro-viridis
0.00	4	 Pleurocapsa sp. PCC 7327
0.00	4	 cyanobacterium endosymbiont of Rhopalodia gibberula
0.00	48	 Deinococcus wulumuqiensis
0.00	20	 Deinococcus gobiensis
0.00	12	 Deinococcus sp. TS-293
0.00	8	 Deinococcus sp. NW-56
0.00	10	 Deinococcus maricopensis
0.00	4	 Deinococcus actinosclerus
0.00	2	 Deinococcus geothermalis
0.00	2	 Deinococcus ficus
0.00	2	 Deinococcus radiodurans
0.00	2	 Deinococcus soli (ex Cha et al. 2016)
0.00	2	 Deinococcus proteolyticus
0.00	1	 Deinococcus puniceus
0.00	1	 Deinococcus metallilatus
0.00	1	 Deinococcus psychrotolerans
0.00	1	 Thermus thermophilus
0.00	1	 Thermus brockianus
0.00	1	 Marinithermus hydrothermalis
0.00	1	 Oceanithermus profundus
0.00	1	 Truepera radiovictrix
0.00	2	 Mycoplasma capricolum
0.00	2	 Mycoplasma mycoides
0.00	3	 Mycoplasma iowae
0.00	1	 Mycoplasma sp. NEAQ87857
0.00	1	 Mycoplasma gallisepticum
0.00	1	 Mycoplasma neurolyticum
0.00	1	 Mycoplasma orale
0.00	1	 Mycoplasma salivarium
0.00	2	 Spiroplasma gladiatoris
0.00	1	 Spiroplasma melliferum
0.00	1	 Spiroplasma monobiae
0.00	1	 Spiroplasma eriocheiris
0.00	1	 Mesoplasma florum
0.00	1	 Acholeplasma laidlawii
0.00	1	 Roseiflexus sp. RS-1
0.00	1	 Thermobaculum terrenum
0.17	9955	 Klebsiella pneumoniae
0.01	803	 Klebsiella grimontii
0.00	36	 Klebsiella aerogenes
0.00	2	 Klebsiella oxytoca
0.00	1	 Klebsiella quasipneumoniae
0.00	198	 Salmonella enterica
0.00	2	 Salmonella sp.
0.00	61	 Escherichia coli
0.00	2	 Escherichia albertii
0.00	3	 Enterobacter kobei
0.00	1	 Enterobacter cloacae
0.00	1	 Enterobacter asburiae
0.00	1	 Enterobacter hormaechei
0.00	9	 Cedecea neteri
0.00	4	 Cedecea sp. FDAARGOS_727
0.00	7	 Leclercia sp. 29361
0.00	4	 Leclercia sp. 4-9-1-25
0.00	2	 Citrobacter freundii
0.00	1	 Citrobacter freundii complex sp. CFNIH3
0.00	1	 Citrobacter sp. CFNIH10
0.00	4	 Kosakonia sacchari
0.00	3	 Pluralibacter gergoviae
0.00	1	 [Enterobacter] lignolyticus
0.00	3	 Kluyvera ascorbata
0.00	1	 Cronobacter sakazakii
0.00	1	 Cronobacter universalis
0.00	1	 Enterobacteriaceae endosymbiont of Donacia piscatrix
0.00	1	 Pseudescherichia vulneris
0.00	1	 Blochmannia endosymbiont of Polyrhachis (Hedomyrma) turneri
0.00	1	 Candidatus Riesia pediculicola
0.00	19	 Serratia marcescens
0.00	4	 Serratia rubidaea
0.00	4	 Serratia quinivorans
0.00	1	 Serratia sp. JUb9
0.00	1	 Serratia sp. ATCC 39006
0.00	1	 Serratia symbiotica
0.00	9	 Yersinia ruckeri
0.00	1	 Yersinia pseudotuberculosis
0.00	1	 Yersinia frederiksenii
0.00	6	 Rahnella sp. ERMR1:05
0.00	2	 Rahnella aquatilis
0.00	1	 Rahnella inusitata
0.00	9	 Ewingella americana
0.00	16	 Pantoea agglomerans
0.00	1	 Pantoea cypripedii
0.00	1	 Pantoea dispersa
0.00	11	 Buchnera aphidicola
0.00	1	 Mixta calida
0.00	18	 Proteus mirabilis
0.00	2	 Morganella morganii
0.00	1	 Arsenophonus endosymbiont of Apis mellifera
0.00	4	 Pectobacterium brasiliense
0.00	2	 Pectobacterium polaris
0.00	1	 Pectobacterium odoriferum
0.00	3	 Dickeya sp. NCPPB 3274
0.00	1	 Dickeya solani
0.00	13	 Plesiomonas shigelloides
0.00	3	 Hafnia paralvei
0.00	2	 Hafnia alvei
0.00	1	 Sodalis praecaptivus
0.06	3517	 Moraxella osloensis
0.00	24	 Moraxella catarrhalis
0.00	123	 Acinetobacter johnsonii
0.00	109	 Acinetobacter junii
0.00	27	 Acinetobacter towneri
0.00	14	 Acinetobacter sp. MYb10
0.00	4	 Acinetobacter sp. WCHA45
0.00	2	 Acinetobacter sp. NEB 394
0.00	2	 Acinetobacter sp. Marseille-Q1620
0.00	1	 Acinetobacter sp. 10FS3-1
0.00	1	 Acinetobacter sp. NCu2D-2
0.00	1	 Acinetobacter sp. WCHAc010034
0.00	1	 Acinetobacter sp. LoGeW2-3
0.00	20	 Acinetobacter guillouiae
0.00	11	 Acinetobacter baumannii
0.00	5	 Acinetobacter pittii
0.00	1	 Acinetobacter nosocomialis
0.00	9	 Acinetobacter lwoffii
0.00	9	 Acinetobacter ursingii
0.00	8	 Acinetobacter haemolyticus
0.00	6	 Acinetobacter bereziniae
0.00	6	 Acinetobacter larvae
0.00	3	 Acinetobacter schindleri
0.00	2	 Acinetobacter wuhouensis
0.00	2	 Acinetobacter defluvii
0.00	2	 Acinetobacter radioresistens
0.00	1	 Acinetobacter shaoyimingii
0.00	1	 Acinetobacter piscicola
0.00	1	 Acinetobacter gyllenbergii
0.00	1	 Acinetobacter bouvetii
0.00	6	 Psychrobacter sp. AntiMn-1
0.00	2	 Psychrobacter sp. P2G3
0.01	429	 Pseudomonas tolaasii
0.00	40	 Pseudomonas fluorescens
0.00	9	 Pseudomonas orientalis
0.00	7	 Pseudomonas azotoformans
0.00	5	 Pseudomonas synxantha
0.00	3	 Pseudomonas cedrina
0.00	3	 Pseudomonas protegens
0.00	3	 Pseudomonas trivialis
0.00	2	 Pseudomonas rhodesiae
0.00	2	 Pseudomonas migulae
0.00	2	 Pseudomonas brenneri
0.00	1	 Pseudomonas mucidolens
0.00	1	 Pseudomonas corrugata
0.00	73	 Pseudomonas aeruginosa
0.00	20	 Pseudomonas mendocina
0.00	12	 Pseudomonas oleovorans
0.00	5	 Pseudomonas resinovorans
0.00	3	 Pseudomonas nitroreducens
0.00	2	 Pseudomonas alcaligenes
0.00	1	 Pseudomonas citronellolis
0.00	21	 Pseudomonas sp. Ost2
0.00	13	 Pseudomonas sp. ADAK13
0.00	7	 Pseudomonas sp. NS1(2017)
0.00	7	 Pseudomonas sp. SCS 2-3
0.00	7	 Pseudomonas sp. AN-B15
0.00	5	 Pseudomonas sp. LTJR-52
0.00	4	 Pseudomonas sp. RU47
0.00	4	 Pseudomonas sp. SK
0.00	4	 Pseudomonas sp. phDV1
0.00	3	 Pseudomonas sp. DY-1
0.00	3	 Pseudomonas sp. St29
0.00	2	 Pseudomonas sp. Os17
0.00	2	 Pseudomonas sp. Cab53
0.00	2	 Pseudomonas sp. MSPm1
0.00	2	 Pseudomonas sp. OE 28.3
0.00	2	 Pseudomonas sp. CC6-YY-74
0.00	1	 Pseudomonas sp. OIL-1
0.00	1	 Pseudomonas sp. ADPe
0.00	1	 Pseudomonas sp. ABC1
0.00	1	 Pseudomonas sp. 15A4
0.00	1	 Pseudomonas sp. SDM007
0.00	1	 Pseudomonas sp. Y39-6
0.00	1	 Pseudomonas sp. NC02
0.00	1	 Pseudomonas sp. B11D7D
0.00	1	 Pseudomonas sp. R76
0.00	1	 Pseudomonas sp. MYb193
0.00	1	 Pseudomonas sp. R84
0.00	1	 Pseudomonas sp. SK3(2021)
0.00	1	 Pseudomonas sp. MTM4
0.00	55	 Pseudomonas putida
0.00	4	 Pseudomonas oryzihabitans
0.00	54	 Pseudomonas stutzeri
0.00	21	 Pseudomonas qingdaonensis
0.00	13	 Pseudomonas simiae
0.00	12	 Pseudomonas sihuiensis
0.00	4	 Pseudomonas viridiflava
0.00	3	 Pseudomonas avellanae
0.00	1	 Pseudomonas syringae
0.00	6	 Pseudomonas zhaodongensis
0.00	6	 Pseudomonas alcaliphila
0.00	6	 Pseudomonas entomophila
0.00	5	 Pseudomonas toyotomiensis
0.00	2	 Pseudomonas chlororaphis
0.00	1	 Pseudomonas lundensis
0.00	3	 Pseudomonas tritici
0.00	3	 Pseudomonas oryzae
0.00	2	 Pseudomonas otitidis
0.00	2	 Pseudomonas sediminis
0.00	2	 Candidatus Pseudomonas adelgestsugas
0.00	2	 Pseudomonas campi
0.00	2	 Pseudomonas xantholysinigenes
0.00	2	 Pseudomonas vanderleydeniana
0.00	2	 Pseudomonas muyukensis
0.00	1	 Pseudomonas taetrolens
0.00	1	 Pseudomonas guangdongensis
0.00	1	 Pseudomonas asiatica
0.00	1	 Pseudomonas lalkuanensis
0.00	1	 Pseudomonas prosekii
0.00	1	 Pseudomonas litoralis
0.00	1	 Pseudomonas arsenicoxydans
0.00	1	 Pseudomonas xinjiangensis
0.00	1	 Pseudomonas sabulinigri
0.00	1	 Pseudomonas palleroniana
0.00	2	 Azotobacter vinelandii
0.00	1	 Azotobacter chroococcum
0.01	423	 Xanthomonas euvesicatoria
0.00	95	 Xanthomonas campestris
0.00	2	 Xanthomonas translucens
0.00	2	 Xanthomonas theicola
0.00	1	 Xanthomonas vasicola
0.00	1	 Xanthomonas hyacinthi
0.00	1	 Xanthomonas hortorum
0.00	1	 Xanthomonas cassavae
0.00	48	 Stenotrophomonas maltophilia
0.00	14	 Stenotrophomonas sp. ESTM1D_MKCIP4_1
0.00	4	 Stenotrophomonas sp. SAU14A_NAIMI4_8
0.00	7	 Stenotrophomonas sp. NA06056
0.00	5	 Stenotrophomonas rhizophila
0.00	1	 Stenotrophomonas acidaminiphila
0.00	4	 Lysobacter sp. H21R20
0.00	1	 Lysobacter sp. H21R4
0.00	1	 Lysobacter sp. H23M47
0.00	1	 Lysobacter sp. CECT 30171
0.00	7	 Lysobacter oculi
0.00	5	 Lysobacter capsici
0.00	5	 Lysobacter solisilvae (ex Kim et al. 2021)
0.00	4	 Lysobacter enzymogenes
0.00	3	 Lysobacter maris
0.00	2	 Lysobacter soli
0.00	1	 Lysobacter antibioticus
0.00	1	 Lysobacter arenosi
0.00	21	 Pseudoxanthomonas suwonensis
0.00	3	 Pseudoxanthomonas mexicana
0.00	3	 Pseudoxanthomonas sp. X-1
0.00	8	 Thermomonas sp. XSG
0.00	1	 Thermomonas sp. HDW16
0.00	1	 Thermomonas brevis
0.00	3	 Luteimonas sp. JM171
0.00	2	 Luteimonas granuli
0.00	22	 Dyella thiooxydans
0.00	1	 Dyella caseinilytica
0.00	7	 Luteibacter pinisoli
0.00	4	 Rhodanobacter denitrificans
0.00	1	 Aerosticca soli
0.01	440	 [Haemophilus] ducreyi
0.00	3	 Haemophilus influenzae
0.00	1	 Haemophilus parainfluenzae
0.00	31	 Pasteurella multocida
0.00	2	 Histophilus somni
0.00	52	 Vibrio anguillarum
0.00	9	 Vibrio vulnificus
0.00	8	 Vibrio casei
0.00	3	 Vibrio cholerae
0.00	2	 Vibrio ponticus
0.00	1	 Vibrio azureus
0.00	1	 Vibrio nigripulchritudo
0.00	1	 Vibrio sp. HDW18
0.00	1	 Vibrio gazogenes
0.00	1	 Vibrio fluvialis
0.00	1	 Vibrio rumoiensis
0.00	1	 Vibrio kanaloae
0.00	1	 Aliivibrio fischeri
0.00	3	 Aeromonas veronii
0.00	2	 Aeromonas encheleia
0.00	1	 Aeromonas sanarellii
0.00	1	 Aeromonas sp. WP2-W18-CRE-05
0.00	1	 Aeromonas hydrophila
0.00	4	 Zobellella denitrificans
0.00	2	 Oceanisphaera profunda
0.00	1	 Oceanisphaera avium
0.00	26	 Pseudoalteromonas sp. 3J6
0.00	4	 Pseudoalteromonas sp. DL-6
0.00	1	 Pseudoalteromonas sp. THAF3
0.00	1	 Pseudoalteromonas agarivorans
0.00	1	 Pseudoalteromonas piratica
0.00	1	 Pseudoalteromonas marina
0.00	1	 Pseudoalteromonas rubra
0.00	1	 Pseudoalteromonas luteoviolacea
0.00	1	 Psychrosphaera aestuarii
0.00	1	 Psychrosphaera sp. MTZ26
0.00	2	 Shewanella sp. YLB-06
0.00	1	 Shewanella sp. FJAT-51800
0.00	1	 Shewanella sp. WE21
0.00	2	 Shewanella pealeana
0.00	1	 Shewanella carassii
0.00	1	 Parashewanella spongiae
0.00	1	 Alteromonas mediterranea
0.00	1	 Alteromonas sp. BL110
0.00	1	 Paraglaciecola sp. L1A13
0.00	2	 Colwellia sp. PAMC 20917
0.00	1	 Colwellia sp. MT41
0.00	11	 Rheinheimera sp. LHK132
0.00	1	 Candidatus Thiodictyon syntrophicum
0.00	1	 Marichromatium purpuratum
0.00	2	 Thioalkalivibrio sulfidiphilus
0.00	1	 Thioalkalivibrio paradoxus
0.00	1	 Aquisalimonas sp. 2447
0.00	4	 Halothiobacillus sp. LS2
0.00	1	 Wenzhouxiangella marina
0.00	5	 Halomonas piezotolerans
0.00	1	 Halomonas sp. JS92-SW72
0.00	1	 Cobetia sp. 4B
0.00	2	 Alcanivorax sp. N3-2A
0.00	1	 Hahella sp. KA22
0.00	1	 Spartinivicinus ruber
0.00	1	 Microbulbifer thermotolerans
0.00	1	 Microbulbifer agarilyticus
0.00	1	 Microbulbifer sp. YPW1
0.00	1	 Cellvibrio sp. PSBB006
0.00	1	 Teredinibacter turnerae
0.00	2	 Kineobactrum salinum
0.00	1	 Zhongshania aliphaticivorans
0.00	1	 Legionella sp. MW5194
0.00	1	 Legionella sp. TUM19329
0.00	2	 Legionella pneumophila
0.00	1	 Legionella sainthelensi
0.00	1	 Coxiella burnetii
0.00	1	 Francisella philomiragia
0.00	1	 Francisella halioticida
0.00	1	 Allofrancisella guangzhouensis
0.00	1	 Thiothrix sp. Ku-5
0.00	2	 Methylococcus capsulatus
0.00	1	 Methylococcus sp. IM1
0.00	1	 Methylogaea oryzae
0.00	1	 Methylomagnum ishizawai
0.00	4	 Solimonas sp. K1W22B-7
0.00	3	 Immundisolibacter cernigliae
0.00	1	 Pseudohongiella spirulinae
0.04	2095	 Delftia acidovorans
0.00	124	 Delftia tsuruhatensis
0.00	115	 Delftia sp. HK171
0.00	6	 Delftia sp. WY8
0.00	87	 Delftia lacustris
0.00	34	 Acidovorax sp. KKS102
0.00	22	 Acidovorax sp. 1608163
0.00	14	 Acidovorax sp. JMULE5
0.00	7	 Acidovorax sp. T1
0.00	7	 Acidovorax sp. HDW3
0.00	2	 Acidovorax sp. RAC01
0.00	8	 Acidovorax antarcticus
0.00	6	 Acidovorax avenae
0.00	1	 Acidovorax cattleyae
0.00	1	 Acidovorax citrulli
0.00	47	 Alicycliphilus denitrificans
0.00	24	 Comamonas testosteroni
0.00	8	 Comamonas sp. NLF-1-9
0.00	1	 Comamonas sp. NLF-7-7
0.00	1	 Comamonas sp. CJ34
0.00	3	 Comamonas aquatica
0.00	2	 Comamonas serinivorans
0.00	1	 Comamonas piscis
0.00	2	 Variovorax sp. SRS16
0.00	2	 Variovorax sp. HW608
0.00	1	 Variovorax sp. PBL-H6
0.00	7	 Variovorax paradoxus
0.00	4	 Hydrogenophaga sp. NH-16
0.00	4	 Hydrogenophaga sp. BA0156
0.00	2	 Hydrogenophaga sp. PBL-H3
0.00	2	 Hydrogenophaga sp. BPS33
0.00	1	 Hydrogenophaga sp. PBC
0.00	1	 Hydrogenophaga sp. RAC07
0.00	1	 Hydrogenophaga sp. YM1
0.00	3	 Hydrogenophaga crassostreae
0.00	16	 Ottowia sp. oral taxon 894
0.00	8	 Ottowia sp. 27C
0.00	1	 Ottowia oryzae
0.00	5	 Diaphorobacter sp. HDW4B
0.00	5	 Diaphorobacter sp. JS3051
0.00	1	 Diaphorobacter sp. JS3050
0.00	1	 Diaphorobacter aerolatus
0.00	1	 Diaphorobacter polyhydroxybutyrativorans
0.00	1	 Diaphorobacter ruginosibacter
0.00	4	 Polaromonas sp. JS666
0.00	8	 Pulveribacter suum
0.00	3	 Rhodoferax koreense
0.00	3	 Rhodoferax sp. PAMC29310
0.00	1	 Rhodoferax antarcticus
0.00	1	 Rhodoferax sediminis
0.00	5	 Kinneretia sp. DAIF2
0.00	4	 Ramlibacter tataouinensis
0.00	3	 Verminephrobacter eiseniae
0.00	1	 Melaminivora sp. SC2-9
0.01	546	 Cupriavidus taiwanensis
0.00	8	 Cupriavidus oxalaticus
0.00	8	 Cupriavidus metallidurans
0.00	6	 Cupriavidus pinatubonensis
0.00	4	 Cupriavidus pauculus
0.00	2	 Cupriavidus necator
0.00	1	 Cupriavidus sp. EM10
0.00	1	 Cupriavidus basilensis
0.00	1	 Cupriavidus campinensis
0.00	36	 Burkholderia contaminans
0.00	15	 Burkholderia cepacia
0.00	15	 Burkholderia multivorans
0.00	3	 Burkholderia territorii
0.00	3	 Burkholderia ubonensis
0.00	3	 Burkholderia lata
0.00	2	 Burkholderia pyrrocinia
0.00	2	 Burkholderia stagnalis
0.00	2	 Burkholderia diffusa
0.00	2	 Burkholderia dolosa
0.00	2	 Burkholderia cenocepacia
0.00	1	 Burkholderia vietnamiensis
0.00	5	 Burkholderia sp. MS389
0.00	4	 Burkholderia sp. NK8
0.00	2	 Burkholderia sp. Bp7605
0.00	1	 Burkholderia sp. NRF60-BP8
0.00	11	 Burkholderia plantarii
0.00	4	 Burkholderia sp. BDU8
0.00	2	 Burkholderia pseudomallei
0.00	1	 Burkholderia glumae
0.00	1	 Burkholderia gladioli
0.00	155	 Polynucleobacter necessarius
0.00	1	 Polynucleobacter sp. MWH-S4W17
0.00	1	 Polynucleobacter sp. MWH-Braz-FAM2G
0.00	17	 Paraburkholderia fungorum
0.00	9	 Paraburkholderia sp. 7MH5
0.00	8	 Paraburkholderia phymatum
0.00	6	 Paraburkholderia terricola
0.00	4	 Paraburkholderia phenoliruptrix
0.00	3	 Paraburkholderia atlantica
0.00	3	 Paraburkholderia aromaticivorans
0.00	3	 Paraburkholderia phytofirmans
0.00	2	 Paraburkholderia caledonica
0.00	1	 Paraburkholderia terrae
0.00	1	 Paraburkholderia edwinii
0.00	1	 Paraburkholderia acidophila
0.00	1	 Paraburkholderia tropica
0.00	1	 Paraburkholderia caribensis
0.00	18	 Ralstonia insidiosa
0.00	15	 Ralstonia solanacearum
0.00	2	 Ralstonia pickettii
0.00	4	 Pandoraea norimbergensis
0.00	2	 Pandoraea pnomenusa
0.00	2	 Pandoraea pulmonicola
0.00	1	 Pandoraea vervacti
0.00	1	 Pandoraea fibrosis
0.00	8	 Lautropia mirabilis
0.00	1	 Mycoavidus cysteinexigens
0.00	268	 Achromobacter mucicolens
0.00	26	 Achromobacter xylosoxidans
0.00	7	 Achromobacter deleyi
0.00	2	 Achromobacter insolitus
0.00	1	 Achromobacter sp. B7
0.00	1	 Achromobacter denitrificans
0.00	1	 Achromobacter spanius
0.00	7	 Bordetella genomosp. 9
0.00	3	 Bordetella trematum
0.00	3	 Bordetella sp. N
0.00	1	 Bordetella petrii
0.00	1	 Bordetella flabilis
0.00	1	 Bordetella genomosp. 8
0.00	16	 Alcaligenes faecalis
0.00	12	 Orrella dioscoreae
0.00	3	 Pusillimonas sp. DMV24BSW_D
0.00	1	 Pusillimonas thiosulfatoxidans
0.00	3	 Pigmentiphaga sp. H8
0.00	1	 Taylorella equigenitalis
0.00	1	 Pelistega ratti
0.00	1	 Kerstersia gyiorum
0.00	1	 Advenella kashmirensis
0.00	1	 Basilea psittacipulmonis
0.00	9	 Massilia sp. NP310
0.00	1	 Massilia sp. NR 4-1
0.00	1	 Massilia sp. CCM 8941
0.00	1	 Massilia sp. LPB0304
0.00	1	 Massilia sp. PAMC28688
0.00	5	 Massilia flava
0.00	3	 Massilia lutea
0.00	3	 Massilia umbonata
0.00	1	 Massilia oculi
0.00	1	 Massilia putida
0.00	6	 Janthinobacterium sp. 1_2014MBL_MicDiv
0.00	3	 Janthinobacterium sp. PAMC25594
0.00	2	 Janthinobacterium sp. B9-8
0.00	1	 Janthinobacterium sp. LM6
0.00	3	 Janthinobacterium agaricidamnosum
0.00	2	 Janthinobacterium lividum
0.00	1	 Janthinobacterium svalbardensis
0.00	11	 Herbaspirillum seropedicae
0.00	9	 Herbaspirillum huttiense
0.00	1	 Herbaspirillum rubrisubalbicans
0.00	1	 Herbaspirillum hiltneri
0.00	1	 Herbaspirillum robiniae
0.00	8	 Duganella sp. AF9R3
0.00	2	 Duganella sp. GN2-R2
0.00	2	 Oxalobacter formigenes
0.00	2	 Undibacterium sp. YM2
0.00	1	 Collimonas pratensis
0.00	1	 Noviherbaspirillum sp. UKPF54
0.00	22	 Leptothrix cholodnii
0.00	21	 Rubrivivax gelatinosus
0.00	17	 Roseateles depolymerans
0.00	8	 Aquabacterium olei
0.00	5	 Sphaerotilus natans
0.00	3	 Paucibacter sp. KCTC 42545
0.00	1	 Thiomonas sp. X19
0.00	1	 Mitsuaria sp. 7
0.00	1	 Tepidimonas taiwanensis
0.00	1	 Rhizobacter gummiphilus
0.00	1	 Sutterella faecalis
0.00	12	 Neisseria mucosa
0.00	6	 Neisseria chenwenguii
0.00	4	 Neisseria sicca
0.00	1	 Neisseria sp. oral taxon 014
0.00	1	 Neisseria elongata
0.00	1	 Neisseria subflava
0.00	24	 Crenobacter cavernae
0.00	1	 Vitreoscilla filiformis
0.00	1	 Kingella oralis
0.00	37	 Aquitalea sp. USM4
0.00	6	 Chromobacterium sp. ATCC 53434
0.00	1	 Chromobacterium sp. Rain0013
0.00	2	 Paludibacterium yongneupense
0.00	1	 Pseudogulbenkiania sp. NH8B
0.00	13	 Azospira restricta
0.00	1	 Azospira oryzae
0.00	3	 Aromatoleum aromaticum
0.00	2	 Aromatoleum petrolei
0.00	3	 Rugosibacter aromaticivorans
0.00	4	 Azoarcus sp. M9-3-2
0.00	1	 Azoarcus sp. DD4
0.00	2	 Azoarcus olearius
0.00	6	 Thauera sp. MZ1T
0.00	6	 Methyloversatilis sp. RAC08
0.00	1	 Sterolibacterium denitrificans
0.00	3	 Methylophilus medardicus
0.00	1	 Thiobacillus denitrificans
0.00	1	 Sulfuricella denitrificans
0.00	1	 Usitatibacter rugosus
0.00	94	 Methylobacterium radiodurans
0.00	16	 Methylobacterium sp. 17Sr1-1
0.00	14	 Methylobacterium sp. WL1
0.00	11	 Methylobacterium sp. C1
0.00	3	 Methylobacterium sp. XJLW
0.00	3	 Methylobacterium sp. DM1
0.00	1	 Methylobacterium sp. AMS5
0.00	26	 Methylobacterium aquaticum
0.00	24	 Methylobacterium durans
0.00	23	 Methylobacterium brachiatum
0.00	22	 Methylobacterium indicum
0.00	20	 Methylobacterium nodulans
0.00	18	 Methylobacterium radiotolerans
0.00	13	 Methylobacterium currus
0.00	11	 Methylobacterium terrae
0.00	7	 Methylobacterium mesophilicum
0.00	2	 Methylobacterium phyllosphaerae
0.00	24	 Methylorubrum populi
0.00	22	 Methylorubrum extorquens
0.00	2	 Microvirga sp. VF16
0.00	44	 Rhizobium oryzihabitans
0.00	14	 Rhizobium sp. X9
0.00	12	 Rhizobium sp. AB2/73
0.00	3	 Rhizobium sp. ACO-34A
0.00	1	 Rhizobium sp. NXC24
0.00	1	 Rhizobium sp. WL3
0.00	4	 Rhizobium leguminosarum
0.00	3	 Rhizobium jaguaris
0.00	2	 Rhizobium tropici
0.00	1	 Rhizobium indicum
0.00	1	 Rhizobium acidisoli
0.00	59	 Agrobacterium deltaense
0.00	13	 Agrobacterium tumefaciens
0.00	2	 Agrobacterium vitis
0.00	1	 Agrobacterium rhizogenes
0.00	3	 Neorhizobium sp. NCHU2750
0.00	6	 Sinorhizobium sp. M14
0.00	4	 Sinorhizobium sp. BG8
0.00	2	 Sinorhizobium meliloti
0.00	1	 Sinorhizobium medicae
0.00	1	 Sinorhizobium fredii
0.00	2	 Ensifer sp. PDNC004
0.00	1	 Ensifer adhaerens
0.00	1	 Shinella sp. PSBB067
0.00	101	 Mesorhizobium sp. Pch-S
0.00	8	 Mesorhizobium sp. M1B.F.Ca.ET.045.04.1.1
0.00	3	 Mesorhizobium sp. L-2-11
0.00	3	 Mesorhizobium sp. NZP2298
0.00	2	 Mesorhizobium sp. M2A.F.Ca.ET.043.05.1.1
0.00	1	 Mesorhizobium sp. NIBR3
0.00	1	 Mesorhizobium sp. J8
0.00	1	 Mesorhizobium sp. 113-3-9
0.00	1	 Mesorhizobium sp. 113-3-3
0.00	1	 Mesorhizobium sp. INR15
0.00	1	 Mesorhizobium sp. M1D.F.Ca.ET.043.01.1.1
0.00	1	 Mesorhizobium erdmanii
0.00	8	 Aminobacter sp. SR38
0.00	6	 Oricola thermophila
0.00	3	 Nitratireductor kimnyeongensis
0.00	1	 Hoeflea phototrophica
0.00	13	 Bradyrhizobium sp. BTAi1
0.00	6	 Bradyrhizobium sp. PSBB068
0.00	5	 Bradyrhizobium sp. ORS 278
0.00	5	 Bradyrhizobium sp.
0.00	1	 Bradyrhizobium sp. SK17
0.00	1	 Bradyrhizobium sp. 1(2017)
0.00	1	 Bradyrhizobium sp. CCBAU 53338
0.00	1	 Bradyrhizobium sp. CCBAU 51753
0.00	1	 Bradyrhizobium sp. 6(2017)
0.00	1	 Bradyrhizobium sp. CCBAU 051011
0.00	1	 Bradyrhizobium sp. WSM471
0.00	7	 Bradyrhizobium erythrophlei
0.00	4	 Bradyrhizobium genosp. L
0.00	4	 Bradyrhizobium arachidis
0.00	2	 Bradyrhizobium oligotrophicum
0.00	2	 Bradyrhizobium paxllaeri
0.00	2	 Bradyrhizobium betae
0.00	2	 Bradyrhizobium amphicarpaeae
0.00	1	 Bradyrhizobium genosp. B
0.00	1	 Bradyrhizobium guangdongense
0.00	1	 Bradyrhizobium diazoefficiens
0.00	16	 Rhodopseudomonas palustris
0.00	1	 Rhodopseudomonas sp. SK50-23
0.00	3	 Variibacter gotjawalensis
0.00	44	 Aureimonas populi
0.00	11	 Aureimonas sp. OT7
0.00	2	 Aureimonas sp. AU20
0.00	17	 Bosea sp. Tri-49
0.00	11	 Bosea sp. RAC05
0.00	6	 Bosea sp. AS-1
0.00	3	 Bosea sp. F3-2
0.00	2	 Bosea sp. ANAM02
0.00	3	 Bosea vaviloviae
0.00	38	 Methylosinus trichosporium
0.00	2	 Methylocystis rosea
0.00	9	 Devosia sp. LEGU1
0.00	6	 Devosia sp. D6-9
0.00	1	 Devosia sp. A16
0.00	1	 Devosia sp. I507
0.00	1	 Devosia sp. G19
0.00	8	 Paradevosia shaoguanensis
0.00	3	 Youhaiella tibetensis
0.00	14	 Chelatococcus sp. CO-6
0.00	7	 Chelatococcus daeguensis
0.00	6	 Starkeya sp. ORNL1
0.00	5	 Xanthobacter sp. YN2
0.00	1	 Pseudolabrys taiwanensis
0.00	1	 Pseudolabrys sp. FHR47
0.00	1	 Ancylobacter pratisalsi
0.00	4	 [Ochrobactrum] quorumnocens
0.00	1	 Brucella anthropi
0.00	1	 Brucella sp. BTU1
0.00	8	 Stappia indica
0.00	1	 Pannonibacter phragmitetus
0.00	1	 Labrenzia alexandrii
0.00	5	 Hyphomicrobium denitrificans
0.00	2	 Aquabacter sp. L1I39
0.00	1	 Rhodomicrobium vannielii
0.00	6	 Methylocella silvestris
0.00	1	 Methylocella tundrae
0.00	1	 Bartonella birtlesii
0.00	3	 Parvibaculum lavamentivorans
0.00	1	 Phreatobacter cathodiphilus
0.00	1	 Phreatobacter stygius
0.00	2	 Hartmannibacter diazotrophicus
0.00	1	 Blastochloris tepida
0.00	1	 Candidatus Hodgkinia cicadicola
0.00	32	 Sphingomonas sp. NBWT7
0.00	23	 Sphingomonas sp. CL5.1
0.00	21	 Sphingomonas sp. AK-PDB1-5
0.00	21	 Sphingomonas sp. FARSPH
0.00	20	 Sphingomonas sp. PAMC26645
0.00	19	 Sphingomonas sp. HMP6
0.00	17	 Sphingomonas sp. HMP9
0.00	15	 Sphingomonas sp. AAP5
0.00	13	 Sphingomonas sp. LK11
0.00	11	 Sphingomonas sp. LM7
0.00	10	 Sphingomonas sp. NIC1
0.00	10	 Sphingomonas sp. LMO-1
0.00	7	 Sphingomonas sp. YZ-8
0.00	5	 Sphingomonas sp. MM-1
0.00	3	 Sphingomonas sp. MK52
0.00	3	 Sphingomonas sp. AP4-R1
0.00	2	 Sphingomonas sp. KC8
0.00	2	 Sphingomonas sp. IC081
0.00	1	 Sphingomonas sp. Cra20
0.00	1	 Sphingomonas sp. XS-10
0.00	1	 Sphingomonas sp. C33
0.00	36	 Sphingomonas melonis
0.00	26	 Sphingomonas panacisoli
0.00	24	 Sphingomonas panacis
0.00	18	 Sphingomonas aliaeris
0.00	16	 Sphingomonas sanxanigenens
0.00	15	 Sphingomonas ginsengisoli An et al. 2013
0.00	14	 Sphingomonas insulae
0.00	14	 Sphingomonas daechungensis
0.00	12	 Sphingomonas paucimobilis
0.00	11	 Sphingomonas koreensis
0.00	10	 Sphingomonas taxi
0.00	6	 Sphingomonas alpina
0.00	5	 Sphingomonas sanguinis
0.00	5	 Sphingomonas xanthus
0.00	5	 Sphingomonas lutea
0.00	3	 Sphingomonas hengshuiensis
0.00	3	 Sphingomonas sediminicola
0.00	2	 Sphingomonas lacunae
0.00	2	 Sphingomonas piscis
0.00	1	 Sphingomonas rhizophila
0.00	10	 Sphingobium sp. YG1
0.00	10	 Sphingobium sp. PAMC28499
0.00	6	 Sphingobium sp. RAC03
0.00	5	 Sphingobium sp. CAP-1
0.00	2	 Sphingobium sp. EP60837
0.00	2	 Sphingobium sp. SCG-1
0.00	2	 Sphingobium sp. Cam5-1
0.00	1	 Sphingobium sp. MI1205
0.00	43	 Sphingobium yanoikuyae
0.00	10	 Sphingobium xenophagum
0.00	6	 Sphingobium herbicidovorans
0.00	4	 Sphingobium cloacae
0.00	3	 Sphingobium indicum
0.00	2	 Sphingobium amiense
0.00	1	 Sphingobium phenoxybenzoativorans
0.00	8	 Sphingopyxis sp. FD7
0.00	7	 Sphingopyxis sp. OPL5
0.00	4	 Sphingopyxis sp. PAMC25046
0.00	3	 Sphingopyxis sp. QXT-31
0.00	8	 Sphingopyxis lindanitolerans
0.00	6	 Sphingopyxis terrae
0.00	3	 Sphingopyxis macrogoltabida
0.00	1	 Sphingopyxis granuli
0.00	1	 Sphingopyxis fribergensis
0.00	11	 Novosphingobium sp. Gsoil 351
0.00	5	 Novosphingobium sp. EMRT-2
0.00	2	 Novosphingobium sp. P6W
0.00	1	 Novosphingobium sp. PP1Y
0.00	1	 Novosphingobium sp. 502str22
0.00	3	 Novosphingobium resinovorum
0.00	10	 Sphingosinithalassobacter sp. zrk23
0.00	2	 Sphingosinithalassobacter sp. CS137
0.00	6	 Blastomonas fulva
0.00	6	 Rhizorhabdus dicambivorans
0.00	2	 Novosphingopyxis iocasae
0.00	1	 Sphingorhabdus sp. YGSMI21
0.00	1	 Allosphingosinicella indica
0.00	5	 Erythrobacter neustonensis
0.00	2	 Erythrobacter sp. THAF29
0.00	2	 Erythrobacter sp. A30-3
0.00	1	 Erythrobacter sp. 3-20A1M
0.00	2	 Erythrobacter litoralis
0.00	1	 Erythrobacter mangrovi
0.00	7	 Porphyrobacter sp. CACIAM 03H1
0.00	1	 Porphyrobacter sp. LM 6
0.00	4	 Qipengyuania sediminis
0.00	4	 Qipengyuania sp. 1NDW3
0.00	7	 Tsuneonella mangrovi
0.00	3	 Aurantiacibacter atlanticus
0.00	1	 Aurantiacibacter gangjinensis
0.00	3	 Croceicoccus marinus
0.00	1	 Altererythrobacter ishigakiensis
0.00	1	 Paraurantiacibacter namhicola
0.00	9	 Sphingosinicella sp. UDD2
0.00	3	 Sphingosinicella sp. BN140058
0.00	2	 Polymorphobacter sp. PAMC 29362
0.00	1	 Polymorphobacter sp. PAMC 29334
0.00	2	 Sandaracinobacter sp. M6
0.00	95	 Paracoccus sp. MC1862
0.00	8	 Paracoccus sp. Arc7-R13
0.00	6	 Paracoccus sp. AK26
0.00	2	 Paracoccus sp. BM15
0.00	55	 Paracoccus yeei
0.00	22	 Paracoccus zhejiangensis
0.00	17	 Paracoccus sanguinis
0.00	14	 Paracoccus contaminans
0.00	10	 Paracoccus aminovorans
0.00	8	 Paracoccus pantotrophus
0.00	5	 Paracoccus liaowanqingii
0.00	5	 Paracoccus marcusii
0.00	4	 Paracoccus suum
0.00	3	 Paracoccus denitrificans
0.00	1	 Paracoccus kondratievae
0.00	1	 Paracoccus aminophilus
0.00	28	 Cereibacter sphaeroides
0.00	10	 Rhodobacter sp. CZR27
0.00	1	 Rhodobacter sp. LPB0142
0.00	9	 Pelagovum pacificum
0.00	8	 Pontivivens sp. MT2928
0.00	5	 Paraoceanicella profunda
0.00	4	 Qingshengfaniella alkalisoli
0.00	3	 Polymorphum gilvum
0.00	3	 Defluviimonas alba
0.00	2	 Gemmobacter sp. HYN0069
0.00	1	 Thioclava nitratireducens
0.00	2	 Haematobacter massiliensis
0.00	1	 Cognatishimia activa
0.00	1	 Boseongicola sp. CCM32
0.00	1	 Rhodovulum sp. MB263
0.00	36	 Celeribacter indicus
0.00	9	 Phaeobacter gallaeciensis
0.00	2	 Sulfitobacter sp. JL08
0.00	1	 Sulfitobacter sp. BSw21498
0.00	1	 Sulfitobacter sp. SK025
0.00	4	 Sulfitobacter pseudonitzschiae
0.00	6	 Actibacterium sp. EMB200-NS6
0.00	4	 Salipiger sp. CCB-MM3
0.00	4	 Tateyamaria omphalii
0.00	2	 Roseovarius sp. THAF9
0.00	1	 Roseovarius indicus
0.00	3	 Thalassococcus sp. S3
0.00	1	 Mameliella alba
0.00	19	 Brevundimonas sp. SGAir0440
0.00	18	 Brevundimonas sp. M20
0.00	10	 Brevundimonas sp. GRTSA-9
0.00	10	 Brevundimonas sp. CS1
0.00	5	 Brevundimonas sp. PAMC22021
0.00	3	 Brevundimonas sp. GW460-12-10-14-LB2
0.00	3	 Brevundimonas sp. 'scallop'
0.00	1	 Brevundimonas sp. AJA228-03
0.00	52	 Brevundimonas naejangsanensis
0.00	29	 Brevundimonas diminuta
0.00	17	 Brevundimonas mediterranea
0.00	14	 Brevundimonas pondensis
0.00	5	 Brevundimonas nasdae
0.00	4	 Brevundimonas subvibrioides
0.00	3	 Brevundimonas vesicularis
0.00	1	 Brevundimonas vancanneytii
0.00	1	 Brevundimonas goettingensis
0.00	5	 Caulobacter sp. FWC26
0.00	2	 Caulobacter sp. S6
0.00	2	 Caulobacter segnis
0.00	2	 Caulobacter vibrioides
0.00	1	 Caulobacter henricii
0.00	1	 Caulobacter flavus
0.00	1	 Caulobacter rhizosphaerae
0.00	1	 Caulobacter soli
0.00	2	 Phenylobacterium zucineum
0.00	1	 Terricaulis silvestris
0.00	16	 Roseomonas sp. FDAARGOS_362
0.00	4	 Roseomonas sp. 1318
0.00	2	 Roseomonas sp. 546
0.00	11	 Roseomonas mucosa
0.00	7	 Roseomonas gilardii
0.00	26	 Acetobacter aceti
0.00	6	 Gluconobacter thailandicus
0.00	2	 Komagataeibacter saccharivorans
0.00	1	 Komagataeibacter medellinensis
0.00	2	 Entomobacter blattae
0.00	1	 Gluconacetobacter diazotrophicus
0.00	1	 Roseococcus sp. NIBR12
0.00	1	 Acidibrevibacterium fodinaquatile
0.00	5	 Azospirillum brasilense
0.00	2	 Azospirillum lipoferum
0.00	2	 Azospirillum thermophilum
0.00	1	 Azospirillum sp. TSH100
0.00	1	 Azospirillum sp. TSH58
0.00	1	 Azospirillum thiophilum
0.00	6	 Skermanella sp. TT6
0.00	2	 Skermanella pratensis
0.00	7	 Niveispirillum cyanobacteriorum
0.00	5	 Nitrospirillum amazonense
0.00	1	 Indioceanicola profundi
0.00	10	 Hypericibacter adhaerens
0.00	5	 Tistrella mobilis
0.00	3	 Magnetospirillum gryphiswaldense
0.00	2	 Ferrovibrio terrae
0.00	2	 Elioraea sp. MS-P2
0.00	1	 Stella humosa
0.00	6	 Anaplasma platys
0.00	1	 Wolbachia endosymbiont of Dipetalonema caudispina
0.00	1	 Wolbachia endosymbiont of Cruorifilaria tuberocauda
0.00	1	 Wolbachia pipientis
0.00	1	 Rickettsia peacockii
0.00	1	 Candidatus Phycorickettsia trachydisci
0.00	1	 Candidatus Nucleicultrix amoebiphila
0.00	6	 Corallococcus coralloides
0.00	6	 Corallococcus sp. EGB
0.00	13	 Pyxidicoccus sp. SCPEA002
0.00	4	 Myxococcus stipitatus
0.00	2	 Myxococcus xanthus
0.00	1	 Myxococcus hansupus
0.00	1	 Myxococcus sp. SCHIC003
0.00	7	 Archangium gephyra
0.00	3	 Archangium violaceum
0.00	3	 Melittangium boletus
0.00	2	 Cystobacter fuscus
0.00	7	 Anaeromyxobacter sp. K
0.00	4	 Anaeromyxobacter sp. Fw109-5
0.00	2	 Anaeromyxobacter dehalogenans
0.00	5	 Vulgatibacter incomptus
0.00	35	 Sorangium cellulosum
0.00	2	 Chondromyces crocatus
0.00	16	 Sandaracinus amylolyticus
0.00	5	 Minicystis rosea
0.00	4	 Labilithrix luteola
0.00	2	 Haliangium ochraceum
0.00	13	 Desulfovibrio piger
0.00	2	 Desulfovibrio sp. G11
0.00	1	 Desulfovibrio marinus
0.00	1	 Pseudodesulfovibrio profundus
0.00	1	 Pseudodesulfovibrio indicus
0.00	1	 Pseudodesulfovibrio cashew
0.00	1	 Maridesulfovibrio salexigens
0.00	3	 Desulfosarcina widdelii
0.00	2	 Desulfosarcina ovata
0.00	2	 Desulfococcus oleovorans
0.00	1	 Desulfotalea psychrophila
0.00	1	 Geomonas sp. RG10
0.00	1	 Geobacter daltonii
0.00	1	 Desulfuromonas sp. AOP6
0.00	1	 Desulfuromonas versatilis
0.00	2	 Bradymonas sediminis
0.00	2	 Persicimonas caeni
0.00	4	 Aliarcobacter butzleri
0.00	1	 Aliarcobacter cryaerophilus
0.00	1	 Aliarcobacter skirrowii
0.00	1	 Aliarcobacter thereius
0.00	7	 Halarcobacter bivalviorum
0.00	3	 Arcobacter defluvii
0.00	2	 Arcobacter ellisii
0.00	2	 Poseidonibacter lekithochrous
0.00	4	 Campylobacter rectus
0.00	3	 Campylobacter jejuni
0.00	2	 Campylobacter lari
0.00	2	 Campylobacter upsaliensis
0.00	1	 Campylobacter avium
0.00	1	 Campylobacter concisus
0.00	1	 Campylobacter mucosalis
0.00	1	 Campylobacter coli
0.00	17	 Helicobacter pylori
0.00	4	 Helicobacter pullorum
0.00	1	 Helicobacter cinaedi
0.00	1	 Helicobacter suis
0.00	4	 Sulfurimonas sp. H1576
0.00	1	 Sulfurimonas sp. B2
0.00	11	 Fluviispira sanaruensis
0.00	1	 Bdellovibrio sp. KM01
0.00	1	 Halobacteriovorax marinus
0.00	6	 Acidithiobacillus caldus
0.00	1	 Acidithiobacillus ferrivorans
0.00	13	 Flavobacterium sp. KK2020170
0.00	3	 Flavobacterium sp. KBS0721
0.00	3	 Flavobacterium sp. CLA17
0.00	2	 Flavobacterium sp. SLB02
0.00	1	 Flavobacterium sp. CJ74
0.00	1	 Flavobacterium sp. I3-2
0.00	6	 Flavobacterium johnsoniae
0.00	1	 Flavobacterium inviolabile
0.00	1	 Flavobacterium pallidum
0.00	1	 Flavobacterium magnum
0.00	14	 Lacinutrix venerupis
0.00	2	 Capnocytophaga sp. oral taxon 864
0.00	1	 Capnocytophaga sp. oral taxon 323
0.00	1	 Capnocytophaga sp. H2931
0.00	2	 Polaribacter sp. L12M9
0.00	1	 Polaribacter sp. SA4-12
0.00	1	 Polaribacter vadi
0.00	6	 Aequorivita sp. KX20305
0.00	3	 Formosa sp. Hel1_33_131
0.00	1	 Formosa sp. Hel1_31_208
0.00	3	 Zunongwangia profunda
0.00	1	 Cellulophaga sp. L1A9
0.00	1	 Tenacibaculum maritimum
0.00	1	 Tenacibaculum jejuense
0.00	1	 Aquimarina sp. AD10
0.00	1	 Aquimarina sp. TRL1
0.00	2	 Winogradskyella helgolandensis
0.00	1	 Flavivirga eckloniae
0.00	1	 Dokdonia donghaensis
0.00	1	 Wenyingzhuangia fucanilytica
0.00	1	 Algibacter alginicilyticus
0.00	1	 Robiginitalea biformata
0.00	1	 Galbibacter sp. BG1
0.00	1	 Kordia antarctica
0.00	1	 Arenibacter algicola
0.00	11	 Chryseobacterium taklimakanense
0.00	3	 Chryseobacterium sp. ZHDP1
0.00	1	 Chryseobacterium sp. F4
0.00	1	 Chryseobacterium sp. G0162
0.00	3	 Chryseobacterium gallinarum
0.00	2	 Chryseobacterium gleum
0.00	2	 Chryseobacterium piperi
0.00	1	 Chryseobacterium manosquense
0.00	1	 Chryseobacterium indologenes
0.00	5	 Epilithonimonas vandammei
0.00	5	 Kaistella sp. PM-38
0.00	20	 Empedobacter stercoris
0.00	1	 Empedobacter brevis
0.00	1	 Empedobacter falsenii
0.00	19	 Ornithobacterium rhinotracheale
0.00	3	 Elizabethkingia bruuniana
0.00	1	 Apibacter sp. B2966
0.00	1	 Blattabacterium cuenoti
0.00	1	 Fluviicola taffensis
0.00	90	 Sphingobacterium daejeonense
0.00	9	 Sphingobacterium lactis
0.00	5	 Sphingobacterium sp. CZ-2
0.00	1	 Sphingobacterium sp. ML3W
0.00	1	 Sphingobacterium sp. B29
0.00	1	 Sphingobacterium sp. UDSM-2020
0.00	1	 Sphingobacterium multivorum
0.00	1	 Sphingobacterium psychroaquaticum
0.00	9	 Mucilaginibacter celer
0.00	2	 Mucilaginibacter rubeus
0.00	1	 Mucilaginibacter gossypii
0.00	4	 Pedobacter roseus
0.00	3	 Pedobacter ginsengisoli
0.00	1	 Pedobacter sp. G11
0.00	1	 Pedobacter sp. SW-16
0.00	1	 Pedobacter sp. D749
0.00	1	 Pedobacter heparinus
0.00	1	 Pedobacter cryoconitis
0.00	4	 Anseongella ginsenosidimutans
0.00	2	 Pseudopedobacter saltans
0.00	2	 Bacteroides sp. CBA7301
0.00	1	 Bacteroides coprosuis
0.00	1	 Bacteroides cellulosilyticus
0.00	1	 Phocaeicola coprophilus
0.00	2	 Prevotella melaninogenica
0.00	2	 Prevotella copri
0.00	2	 Prevotella jejuni
0.00	1	 Prevotella nigrescens
0.00	1	 Prevotella oris
0.00	2	 Porphyromonas gingivalis
0.00	1	 Porphyromonas sp. oral taxon 275
0.00	2	 Alistipes dispar
0.00	1	 Butyricimonas virosa
0.00	1	 Coprobacter secundus
0.00	1	 Paludibacter propionicigenes
0.00	4	 Labilibaculum antarcticum
0.00	2	 Maribellus comscasis
0.00	4	 Hymenobacter oligotrophus
0.00	2	 Hymenobacter swuensis
0.00	2	 Hymenobacter nivis
0.00	1	 Hymenobacter sedentarius
0.00	5	 Pontibacter pudoricolor
0.00	2	 Pontibacter sp. SGAir0037
0.00	1	 Spirosoma aerolatum
0.00	1	 Spirosoma taeanense
0.00	1	 Fibrella sp. ES10-3-2-2
0.00	1	 Aquirufa sp. 9H-EGSE
0.00	1	 Cyclobacterium amurskyense
0.00	1	 Algoriphagus machipongonensis
0.00	1	 Echinicola strongylocentroti
0.00	3	 Chryseolinea soli
0.00	12	 Lacibacter sp. S13-6-6
0.00	4	 Niastella koreensis
0.00	3	 Niabella ginsenosidivorans
0.00	1	 Chitinophaga pinensis
0.00	1	 Arachidicoccus sp. BS20
0.00	1	 Panacibacter ginsenosidivorans
0.00	1	 Salinibacter ruber
0.00	1	 Prosthecochloris aestuarii
0.00	1	 Pelodictyon luteolum
0.00	1	 Melioribacter roseus
0.00	27	 Gemmatirosa kalamazoonesis
0.00	4	 Gemmatimonas aurantiaca
0.00	1	 Gemmatimonas sp. TET16
0.00	1	 Candidatus Cloacimonas acidaminovorans
0.00	15	 Urbifossiella limnaea
0.00	7	 Gemmata obscuriglobus
0.00	1	 Gemmata massiliana
0.00	6	 Limnoglobus roseus
0.00	4	 Frigoriglobus tundricola
0.00	11	 Aquisphaera giovannonii
0.00	6	 Tautonia plasticadhaerens
0.00	1	 Paludisphaera borealis
0.00	10	 Alienimonas californiensis
0.00	1	 Planctopirus limnophila
0.00	2	 Maioricimonas rarisocia
0.00	1	 Gimesia alba
0.00	1	 Thalassoglobus polymorphus
0.00	5	 Rubripirellula lacrimiformis
0.00	3	 Lignipirellula cremea
0.00	1	 Aureliella helgolandensis
0.00	1	 Rosistilla ulvae
0.00	3	 Pirellulimonas nuda
0.00	1	 Botrimarina mediterranea
0.00	1	 Phycisphaera mikurensis
0.00	1	 Anaerohalosphaera lusitana
0.00	9	 Verrucomicrobium sp. GAS474
0.00	1	 Luteolibacter sp. 32A
0.00	1	 Akkermansia muciniphila
0.00	1	 Opitutus sp. GAS368
0.00	1	 Nibricoccus aquaticus
0.00	1	 Methylacidimicrobium sp. B4
0.00	4	 Treponema phagedenis
0.00	4	 Treponema pedis
0.00	2	 Treponema denticola
0.00	2	 Sediminispirochaeta smaragdinae
0.00	1	 Salinispira pacifica
0.00	1	 Leptospira interrogans
0.00	1	 Leptospira mayottensis
0.00	11	 Paludibaculum fermentans
0.00	1	 Granulicella mallensis
0.00	1	 Granulicella sp. 5B5
0.00	1	 Terriglobus albidus
0.00	1	 Candidatus Koribacter versatilis
0.00	1	 Fusobacterium hwasookii
0.00	1	 Fusobacterium pseudoperiodonticum
0.00	1	 Leptotrichia wadei
0.00	1	 Leptotrichia hongkongensis
0.00	1	 Sebaldella termitidis
0.00	1	 Thermosipho africanus
0.00	1	 Pseudothermotoga elfii
0.00	1	 Kosmotoga olearia
0.00	1	 Kosmotoga pacifica
0.00	3	 Nitrospira sp. KM1
0.00	1	 Nitrospira moscoviensis
0.00	3	 Candidatus Bipolaricaulis anaerobius
0.00	1	 Abyssogena phaseoliformis symbiont
0.00	1	 Isorropodon fossajaponicum symbiont
0.00	1	 Deferribacter desulfuricans
0.00	1	 Desulfurispirillum indicum
0.00	1	 Thermodesulfobacterium geofontis
0.00	1	 Fretibacterium fastidiosum
0.00	22	 Halorubrum sp. BOL3-1
0.00	7	 Halorubrum sp. PV6
0.00	2	 Halorubrum sp. 2020YC2
0.00	1	 Halorubrum lacusprofundi
0.00	2	 Halobaculum roseum
0.00	1	 Halobaculum magnesiiphilum
0.00	1	 Halopenitus persicus
0.00	2	 Haloplanus rubicundus
0.00	1	 Haloplanus rallus
0.00	2	 Haloferax mediterranei
0.00	11	 Natronomonas moolapensis
0.00	1	 Natronomonas pharaonis
0.00	1	 Natronomonas salina
0.00	3	 Halosimplex pelagicum
0.00	3	 Halorientalis sp. IM1011
0.00	1	 Halapricum salinum
0.00	1	 Halosiccatus urmianus
0.00	1	 Halobacterium salinarum
0.00	1	 Halobacterium hubeiense
0.00	4	 Natrinema sp. SYSU A 869
0.00	1	 Natrinema pellirubrum
0.00	3	 Haloterrigena longa
0.00	1	 Haloterrigena salifodinae
0.00	1	 Halovivax sp. KZCA124
0.00	1	 Halopiger xanaduensis
0.00	2	 Methanosarcina horonobensis
0.00	1	 Methanohalophilus portucalensis
0.00	1	 Methanococcus aeolicus
0.00	1	 Methanocaldococcus vulcanius
0.00	1	 Thermococcus gorgonarius
0.00	5	 Candidatus Nitrosocosmicus hydrocola
0.00	3	 Candidatus Nitrososphaera gargensis
0.00	2	 Candidatus Nitrosopumilus koreensis
0.00	1	 Nitrosopumilus ureiphilus
0.00	1	 Pyrobaculum arsenaticum
0.00	1	 Sulfolobus islandicus
0.00	2	 Candidatus Prometheoarchaeum syntrophicum
0.00	38	 Staphylococcus phage StB12
0.00	2	 Staphylococcus phage StB27
0.00	28	 Salmonella phage TS13
0.00	9	 Staphylococcus phage StB20
0.00	8	 Staphylococcus phage IME-SA4
0.00	7	 Staphylococcus virus IPLA7
0.00	1	 Propionibacterium virus Procrass1
0.00	1	 Mycobacterium phage Thonko
0.00	1	 Staphylococcus virus SEP9
0.00	9	 Vibrio phage ValB1MD-2
0.00	6	 Klebsiella virus Marfa
0.00	3	 Escherichia virus G4507
0.00	3	 Escherichia virus KAW1E185
0.00	2	 Prochlorococcus phage P-HM2
0.00	1	 Pseudomonas virus S1
0.00	15	 Staphylococcus virus Andhra
0.00	1	 Escherichia virus 172-1
0.00	105	 Physalis rugose mosaic virus
0.00	9	 Pepino mosaic virus
0.00	7	 Garlic virus A
0.00	3	 Potato virus S
0.00	4	 Phaseolus vulgaris alphaendornavirus 1
0.00	3	 Hot pepper alphaendornavirus
0.00	2	 Tobacco mild green mosaic virus
0.00	2	 Cucumber green mottle mosaic virus
0.00	1	 Pepper mild mottle virus
0.00	8	 Pandoravirus macleodensis
0.00	3	 Pandoravirus dulcis
0.00	1	 Pandoravirus neocaledonia
0.00	2	 Cryptophlebia leucotreta granulovirus
0.00	2	 Ageratum yellow vein Sri Lanka virus
