fungi_OG	read_count_sum	RPK_sum	fungi_eggnog_cat	fungi_eggnog_desc	LIBID	feature_class
3NTVR|Fungi	2	8.663853727144867	F	Golgi to endosome transport protein	MHS549	fungi_OG
3NTW5|Fungi	1	4.830917874396135	B	histone deacetylase	MHS549	fungi_OG
3NTW9|Fungi	2	9.25925925925926	J	Belongs to the universal ribosomal protein uL5 family	MHS549	fungi_OG
3NTX6|Fungi	2	3.3500837520938025	UY	Nuclear pore complex	MHS549	fungi_OG
3NTXE|Fungi	5	9.980039920159681	A	Belongs to the class I-like SAM-binding methyltransferase superfamily. mRNA cap 0 methyltransferase family	MHS549	fungi_OG
3NTXG|Fungi	3	3.546099290780142	K	-phosphatase	MHS549	fungi_OG
3NTXH|Fungi	2	3.8535645472061657	J	Belongs to the class-I aminoacyl-tRNA synthetase family	MHS549	fungi_OG
3NTXY|Fungi	4	3.745318352059925	E	nitrilase	MHS549	fungi_OG
3NTYW|Fungi	1	4.830917874396135	P	transporter	MHS549	fungi_OG
3NTYZ|Fungi	5	9.157509157509157	O	IQ and HECT domain protein	MHS549	fungi_OG
3NTZP|Fungi	2	5.208333333333333	J	Tyrosyl-trna synthetase	MHS549	fungi_OG
3NU02|Fungi	4	10.442651014918074	L	tpr repeat-containing protein	MHS549	fungi_OG
3NU07|Fungi	1	4.62962962962963	J	Belongs to the universal ribosomal protein uS3 family	MHS549	fungi_OG
3NU0B|Fungi	7	10.416666666666666	U	Reduced viability upon starvation protein	MHS549	fungi_OG
3NU0E|Fungi	1	5.376344086021505	O	proteasome subunit alpha	MHS549	fungi_OG
3NU0T|Fungi	3	10.638297872340427	L	Origin recognition complex subunit	MHS549	fungi_OG
3NU0X|Fungi	1	3.7878787878787876	K	Rna polymerase ii transcription elongation factor	MHS549	fungi_OG
3NU18|Fungi	1	4.166666666666667	Z	Belongs to the actin family	MHS549	fungi_OG
3NU1C|Fungi	2	3.8314176245210727	KL	DNA-dependent RNA polymerase catalyzes the transcription of DNA into RNA using the four ribonucleoside triphosphates as substrates	MHS549	fungi_OG
3NU1Q|Fungi	3	5.9880239520958085	F	Catalyzes the ATP-dependent amination of UTP to CTP with either L-glutamine or ammonia as the source of nitrogen	MHS549	fungi_OG
3NU1T|Fungi	2	4.662004662004662	U	Component of the ERMES MDM complex, which serves as a molecular tether to connect the endoplasmic reticulum and mitochondria. Components of this complex are involved in the control of mitochondrial shape and protein biogenesis and may function in phospholipid exchange. The MDM12-MMM1 subcomplex functions in the major beta-barrel assembly pathway that is responsible for biogenesis of all outer membrane beta-barrel proteins, and acts in a late step after the SAM complex. The MDM10-MDM12-MMM1 subcomplex further acts in the TOM40-specific pathway after the action of the MDM12-MMM1 complex. Essential for establishing and maintaining the structure of mitochondria and maintenance of mtDNA nucleoids	MHS549	fungi_OG
3NU1U|Fungi	1	5.05050505050505	J	eukaryotic peptide chain release factor subunit 1	MHS549	fungi_OG
3NU1V|Fungi	1	3.8314176245210727	J	Elongation factor	MHS549	fungi_OG
3NU1W|Fungi	2	4.1928721174004195	J	Belongs to the universal ribosomal protein uS4 family	MHS549	fungi_OG
3NU1X|Fungi	3	5.524861878453038	U	exchange factor	MHS549	fungi_OG
3NU21|Fungi	1	4.016064257028113	DO	Cell cycle regulatory protein	MHS549	fungi_OG
3NU25|Fungi	1	3.367003367003367	U	Belongs to the WD repeat SEC13 family	MHS549	fungi_OG
3NU2A|Fungi	4	11.904761904761903	S	domain-containing protein	MHS549	fungi_OG
3NU2H|Fungi	1	3.745318352059925	S	Stress Response protein	MHS549	fungi_OG
3NU2K|Fungi	5	9.363295880149812	UY	nucleoporin	MHS549	fungi_OG
3NU2R|Fungi	1	3.367003367003367	J	60S ribosomal protein L5	MHS549	fungi_OG
3NU39|Fungi	2	4.796163069544365	L	Component of the post-replicative DNA mismatch repair system (MMR)	MHS549	fungi_OG
3NU3I|Fungi	3	9.615384615384615	P	Belongs to the Ca(2 ) cation antiporter (CaCA) (TC 2.A.19) family	MHS549	fungi_OG
3NU3R|Fungi	4	5.649717514124294	A	factor ATP-dependent RNA helicase PRP16	MHS549	fungi_OG
3NU3X|Fungi	3	5.2631578947368425	O	ubiquitin--protein ligase	MHS549	fungi_OG
3NU42|Fungi	2	3.6429872495446265	C	Belongs to the FAD-dependent glycerol-3-phosphate dehydrogenase family	MHS549	fungi_OG
3NU4F|Fungi	5	10.75268817204301	A	splicing factor	MHS549	fungi_OG
3NU4N|Fungi	1	3.7878787878787876	L	Introduces a single-strand break via transesterification at a target site in duplex DNA. Releases the supercoiling and torsional tension of DNA introduced during the DNA replication and transcription by transiently cleaving and rejoining one strand of the DNA duplex. The scissile phosphodiester is attacked by the catalytic tyrosine of the enzyme, resulting in the formation of a DNA-(5'-phosphotyrosyl)-enzyme intermediate and the expulsion of a 3'-OH DNA strand	MHS549	fungi_OG
3NU51|Fungi	1	3.9682539682539684	P	Belongs to the major facilitator superfamily. Sugar transporter (TC 2.A.1.1) family	MHS549	fungi_OG
3NU54|Fungi	3	3.6101083032490977	K	transcription initiation factor iib	MHS549	fungi_OG
3NU57|Fungi	28	8.469449485783423	BK	RNA polymerase II Elongator	MHS549	fungi_OG
3NU5A|Fungi	1	6.0606060606060606	I	Enoyl-CoA hydratase isomerase	MHS549	fungi_OG
3NU5D|Fungi	4	11.019283746556475	A	Lariat debranching enzyme	MHS549	fungi_OG
3NU5Y|Fungi	2	4.830917874396135	DO	Anaphase-promoting complex subunit	MHS549	fungi_OG
3NU62|Fungi	2	8.275862068965518	S	periodic tryptophan protein	MHS549	fungi_OG
3NU64|Fungi	2	3.992015968063872	L	Dna excision repair protein	MHS549	fungi_OG
3NU66|Fungi	1	4.219409282700422	D	Nuclear pore protein	MHS549	fungi_OG
3NU6A|Fungi	4	7.797270955165692	O	to Saccharomyces cerevisiae LEO1 (YOR123C)	MHS549	fungi_OG
3NU6M|Fungi	2	10.416666666666666	O	26s proteasome non-atpase regulatory subunit 11	MHS549	fungi_OG
3NU6N|Fungi	1	3.367003367003367	T	serine threonine-protein phosphatase	MHS549	fungi_OG
3NU6T|Fungi	1	3.875968992248062	C	The pyruvate dehydrogenase complex catalyzes the overall conversion of pyruvate to acetyl-CoA and CO(2)	MHS549	fungi_OG
3NU6Y|Fungi	2	4.016064257028113	U	exocyst complex component Sec5	MHS549	fungi_OG
3NU71|Fungi	3	7.575757575757575	U	Belongs to the TRAFAC class dynamin-like GTPase superfamily. Dynamin Fzo YdjA family	MHS549	fungi_OG
3NU7T|Fungi	2	8.050603795284648	I	acetoacetate-CoA ligase	MHS549	fungi_OG
3NU7V|Fungi	2	3.766478342749529	MN	Belongs to the TRAFAC class myosin-kinesin ATPase superfamily. Myosin family	MHS549	fungi_OG
3NU7Y|Fungi	4	11.019283746556475	P	Belongs to the major facilitator superfamily. Sugar transporter (TC 2.A.1.1) family	MHS549	fungi_OG
3NU85|Fungi	1	3.9215686274509802	J	synthase	MHS549	fungi_OG
3NU8E|Fungi	2	7.941009642654566	Q	Isopentenyl-diphosphate delta-isomerase	MHS549	fungi_OG
3NU8I|Fungi	1	5.555555555555555	O	farnesyltransferase, beta subunit	MHS549	fungi_OG
3NU8R|Fungi	2	6.944444444444445	O	Belongs to the peptidase M16 family	MHS549	fungi_OG
3NU94|Fungi	1	3.8314176245210727	T	(GTP)-binding protein	MHS549	fungi_OG
3NU99|Fungi	5	4.553734061930783	E	aspartate-semialdehyde dehydrogenase	MHS549	fungi_OG
3NU9A|Fungi	4	17.435897435897438	P	Na H antiporter	MHS549	fungi_OG
3NU9E|Fungi	4	14.035087719298247	J	Belongs to the universal ribosomal protein uL11 family	MHS549	fungi_OG
3NU9F|Fungi	3	16.129032258064516	S	)-reductase	MHS549	fungi_OG
3NU9I|Fungi	4	8.333333333333334	L	Serine threonine-protein kinase TOR	MHS549	fungi_OG
3NU9N|Fungi	1	3.875968992248062	DUZ	Belongs to the TRAFAC class TrmE-Era-EngA-EngB-Septin- like GTPase superfamily. Septin GTPase family	MHS549	fungi_OG
3NU9Y|Fungi	9	27.77777777777778	EF	ribose-phosphate pyrophosphokinase	MHS549	fungi_OG
3NUA7|Fungi	1	3.745318352059925	E	Cysteine desulfurase	MHS549	fungi_OG
3NUA8|Fungi	9	10.563380281690142	C	Belongs to the mitochondrial carrier (TC 2.A.29) family	MHS549	fungi_OG
3NUAE|Fungi	10	12.87001287001287	C	Sad1 UNC	MHS549	fungi_OG
3NUAJ|Fungi	1	3.4013605442176873	O	deubiquitination-protection protein dph1	MHS549	fungi_OG
3NUAR|Fungi	2	3.5273368606701943	I	acyl-CoA synthetase	MHS549	fungi_OG
3NUAT|Fungi	3	5.208333333333334	P	Catalyzes the first intracellular reaction of sulfate assimilation, forming adenosine-5'-phosphosulfate (APS) from inorganic sulfate and ATP. Plays an important role in sulfate activation as a component of the biosynthesis pathway of sulfur- containing amino acids	MHS549	fungi_OG
3NUAZ|Fungi	10	16.501650165016503	G	6-phosphofructo-2-kinase	MHS549	fungi_OG
3NUBB|Fungi	3	11.012183692596064	T	AGC AKT protein kinase	MHS549	fungi_OG
3NUBK|Fungi	1	3.663003663003663	O	Proteasome	MHS549	fungi_OG
3NUBV|Fungi	5	10.1010101010101	J	Elongation factor	MHS549	fungi_OG
3NUBZ|Fungi	4	7.017543859649123	V	HEAT repeat protein	MHS549	fungi_OG
3NUC4|Fungi	3	4.901960784313726	S	(ABC) transporter	MHS549	fungi_OG
3NUCK|Fungi	2	4.273504273504273	Z	Belongs to the TRAFAC class myosin-kinesin ATPase superfamily. Kinesin family	MHS549	fungi_OG
3NUCQ|Fungi	2	3.603603603603603	I	Belongs to the acyl-CoA oxidase family	MHS549	fungi_OG
3NUCX|Fungi	3	7.299270072992702	I	dolichol kinase	MHS549	fungi_OG
3NUD3|Fungi	2	4.597701149425287	U	mrna transport regulator	MHS549	fungi_OG
3NUDF|Fungi	9	18.298202508728824	P	This magnesium-dependent enzyme catalyzes the hydrolysis of ATP coupled with the transport of calcium	MHS549	fungi_OG
3NUDG|Fungi	5	4.694835680751174	P	transporter	MHS549	fungi_OG
3NUDH|Fungi	3	9.345794392523365	J	Required for the first step in the synthesis of diphthamide, a post-translational modification of histidine which occurs in translation elongation factor 2	MHS549	fungi_OG
3NUDK|Fungi	9	43.47826086956522	G	Belongs to the glycosyl hydrolase 18 family	MHS549	fungi_OG
3NUDS|Fungi	1	4.11522633744856	S	Component of the SCF(sconB) E3 ubiquitin ligase complex involved in the regulation of sulfur metabolite repression, probably by mediating the inactivation or degradation of the metR transcription factor	MHS549	fungi_OG
3NUE9|Fungi	1	3.663003663003663	T	Duf300 domain protein	MHS549	fungi_OG
3NUEZ|Fungi	1	3.367003367003367	S	RAS-like protein	MHS549	fungi_OG
3NUF3|Fungi	3	4.504504504504505	BDL	structural maintenance of	MHS549	fungi_OG
3NUF5|Fungi	1	4.065040650406504	J	Belongs to the universal ribosomal protein uL3 family	MHS549	fungi_OG
3NUFH|Fungi	2	8.771929824561402	J	Translation initiation factor eif-2B	MHS549	fungi_OG
3NUFR|Fungi	6	5.3475935828877	D	Checkpoint protein	MHS549	fungi_OG
3NUFS|Fungi	1	4.62962962962963	C	Belongs to the mitochondrial carrier (TC 2.A.29) family	MHS549	fungi_OG
3NUG5|Fungi	2	9.139280125195619	J	Belongs to the class I-like SAM-binding methyltransferase superfamily. Trm1 family	MHS549	fungi_OG
3NUGV|Fungi	1	3.623188405797101	J	ribosome biogenesis protein brx1	MHS549	fungi_OG
3NUGZ|Fungi	2	4.166666666666667	S	Guanine nucleotide-binding protein subunit beta	MHS549	fungi_OG
3NUH2|Fungi	1	4.901960784313726	A	poly-A polymerase	MHS549	fungi_OG
3NUH8|Fungi	2	6.666666666666667	S	transporter	MHS549	fungi_OG
3NUHB|Fungi	1	3.663003663003663	DTZ	Belongs to the TRAFAC class TrmE-Era-EngA-EngB-Septin- like GTPase superfamily. Septin GTPase family	MHS549	fungi_OG
3NUHR|Fungi	7	17.15686274509804	S	peroxisome organization	MHS549	fungi_OG
3NUHX|Fungi	16	5.614035087719298	S	65 protein	MHS549	fungi_OG
3NUI2|Fungi	1	5.05050505050505	A	splicing factor U2AF	MHS549	fungi_OG
3NUI3|Fungi	2	3.6429872495446265	A	mrna export factor mex67	MHS549	fungi_OG
3NUIC|Fungi	4	7.326007326007326	O	CAAX prenyl protease	MHS549	fungi_OG
3NUID|Fungi	5	11.415525114155251	O	assists the folding of proteins upon ATP hydrolysis	MHS549	fungi_OG
3NUIE|Fungi	6	13.088512241054612	H	Arginine methyltransferase involved in the assembly or stability of mitochondrial NADH ubiquinone oxidoreductase complex (complex I)	MHS549	fungi_OG
3NUIH|Fungi	1	3.3333333333333335	G	Belongs to the glycosyl hydrolase 47 family	MHS549	fungi_OG
3NUJB|Fungi	2	7.372108178559791	E	chorismate synthase	MHS549	fungi_OG
3NUJH|Fungi	2	9.00900900900901	P	Belongs to the major facilitator superfamily. Sugar transporter (TC 2.A.1.1) family	MHS549	fungi_OG
3NUJN|Fungi	2	7.575757575757575	O	Retinoblastoma-binding protein	MHS549	fungi_OG
3NUK7|Fungi	1	4.016064257028113	OT	Cop9 signalosome complex subunit 5	MHS549	fungi_OG
3NUK8|Fungi	2	3.745318352059925	P	Calcium channel	MHS549	fungi_OG
3NUKJ|Fungi	6	7.751937984496124	E	Long-chain-alcohol oxidase	MHS549	fungi_OG
3NUKK|Fungi	1	3.7878787878787876	C	Cytochrome c oxidase is the component of the respiratory chain that catalyzes the reduction of oxygen to water. Subunits 1- 3 form the functional core of the enzyme complex. Subunit 2 transfers the electrons from cytochrome c via its binuclear copper A center to the bimetallic center of the catalytic subunit 1	MHS549	fungi_OG
3NUKN|Fungi	1	3.4013605442176873	S	golgi integral membrane protein	MHS549	fungi_OG
3NUKV|Fungi	2	4.535147392290249	Q	ATP-dependent bile acid permease	MHS549	fungi_OG
3NUKZ|Fungi	1	3.7878787878787876	U	F-box protein	MHS549	fungi_OG
3NUM6|Fungi	1	4.016064257028113	H	UDP-galactopyranose mutase	MHS549	fungi_OG
3NUMG|Fungi	4	14.184397163120568	A	Involved in the first step of pre-mRNA splicing. Required for cell growth and cell cycle control. Plays a role in the levels of the U1, U4, U5 and U6 snRNAs and the maintenance of the U4 U6 snRNA complex. May provide the link between the nineteen complex NTC spliceosome protein complex and the spliceosome through the U6 snRNA. Associates predominantly with U6 snRNAs in assembled active spliceosomes. Binds directly to the internal stem-loop (ISL) domain of the U6 snRNA and to the pre- mRNA intron near the 5' splice site during the activation and catalytic phases of the spliceosome cycle (By similarity)	MHS549	fungi_OG
3NUMJ|Fungi	2	4.415011037527593	H	Belongs to the alpha-IPM synthase homocitrate synthase family	MHS549	fungi_OG
3NUMK|Fungi	2	4.1928721174004195	O	26S proteasome, regulatory subunit	MHS549	fungi_OG
3NUMM|Fungi	4	9.876543209876543	J	u3 small nucleolar ribonucleoprotein	MHS549	fungi_OG
3NUMX|Fungi	1	4.329004329004329	C	Belongs to the isocitrate lyase PEP mutase superfamily. Isocitrate lyase family	MHS549	fungi_OG
3NUN3|Fungi	2	5.602240896358544	T	pyruvate dehydrogenase kinase	MHS549	fungi_OG
3NUN4|Fungi	2	3.898635477582846	T	serine threonine protein kinase	MHS549	fungi_OG
3NUP6|Fungi	3	11.904761904761905	J	Aspartyl-tRNA synthetase	MHS549	fungi_OG
3NUPB|Fungi	2	7.017543859649123	C	Belongs to the aldehyde dehydrogenase family	MHS549	fungi_OG
3NUPK|Fungi	6	5.571030640668524	J	Belongs to the class-I aminoacyl-tRNA synthetase family	MHS549	fungi_OG
3NUPQ|Fungi	4	8.1799591002045	DZ	alpha-tubulin suppressor protein Aats1	MHS549	fungi_OG
3NUPV|Fungi	2	7.4074074074074066	C	NADPH adrenodoxin oxidoreductase, mitochondrial	MHS549	fungi_OG
3NUQM|Fungi	4	7.366482504604051	C	Subunits I, II and III form the functional core of the enzyme complex	MHS549	fungi_OG
3NUR2|Fungi	2	4.385964912280701	M	glucosamine--fructose-6-phosphate aminotransferase	MHS549	fungi_OG
3NUR9|Fungi	1	3.546099290780142	O	Belongs to the AAA ATPase family	MHS549	fungi_OG
3NURD|Fungi	3	5.88235294117647	T	ste ste11 protein kinase	MHS549	fungi_OG
3NURN|Fungi	4	7.1301247771836	O	dolichyl-phosphate-mannose-protein mannosyltransferase	MHS549	fungi_OG
3NURT|Fungi	1	4.219409282700422	O	proteasome regulatory	MHS549	fungi_OG
3NUSE|Fungi	1	3.546099290780142	IT	)-reductase	MHS549	fungi_OG
3NUSF|Fungi	4	8.095135754710222	U	Exocyst complex component Sec6	MHS549	fungi_OG
3NUSH|Fungi	1	4.62962962962963	Z	Belongs to the WD repeat coronin family	MHS549	fungi_OG
3NUSN|Fungi	2	4.219409282700422	O	Belongs to the AAA ATPase family	MHS549	fungi_OG
3NUT3|Fungi	1	4.761904761904762	S	The EMC seems to be required for efficient folding of proteins in the endoplasmic reticulum (ER)	MHS549	fungi_OG
3NUT4|Fungi	1	3.4722222222222223	S	rRNA-processing protein FCF1	MHS549	fungi_OG
3NUU0|Fungi	8	14.681970349115257	E	Nuclear chaperone required for maturation and nuclear export of pre-60S ribosome subunits	MHS549	fungi_OG
3NUU2|Fungi	4	3.5273368606701943	O	intermembrane space aaa protease iap-1	MHS549	fungi_OG
3NUU6|Fungi	2	7.662835249042145	I	acetylCoA carboxylase	MHS549	fungi_OG
3NUUC|Fungi	3	7.246376811594203	A	Belongs to the DEAD box helicase family	MHS549	fungi_OG
3NUUI|Fungi	3	4.366812227074235	I	transcriptional repressor	MHS549	fungi_OG
3NUUT|Fungi	3	5.405405405405405	Q	alcohol dehydrogenase	MHS549	fungi_OG
3NUV0|Fungi	1	3.623188405797101	J	Belongs to the class-I aminoacyl-tRNA synthetase family	MHS549	fungi_OG
3NUV2|Fungi	4	3.5650623885918	O	DnaJ domain-containing protein	MHS549	fungi_OG
3NUV8|Fungi	5	11.881680338056176	O	Wd repeat protein	MHS549	fungi_OG
3NUW7|Fungi	1	4.166666666666667	U	mitochondrial outer membrane	MHS549	fungi_OG
3NUWA|Fungi	2	10.215927559786394	J	Belongs to the universal ribosomal protein uL13 family	MHS549	fungi_OG
3NUWF|Fungi	3	4.9504950495049505	G	glycoside hydrolase family 16 protein	MHS549	fungi_OG
3NUWJ|Fungi	5	13.028169014084508	C	Belongs to the mitochondrial carrier (TC 2.A.29) family	MHS549	fungi_OG
3NUWK|Fungi	7	11.49425287356322	G	lysophospholipase	MHS549	fungi_OG
3NUWX|Fungi	2	5.128205128205128	Z	Belongs to the actin family	MHS549	fungi_OG
3NUWZ|Fungi	9	15.789473684210527	M	Phospholipase c	MHS549	fungi_OG
3NUX5|Fungi	1	3.9215686274509802	J	Catalyzes the transfer of a dimethylallyl group onto the adenine at position 37	MHS549	fungi_OG
3NUXV|Fungi	1	4.065040650406504	S	Vacuolar membrane protein	MHS549	fungi_OG
3NUY1|Fungi	4	14.161985018726593	U	Vacuolar protein sorting-associated protein	MHS549	fungi_OG
3NUY9|Fungi	2	4.166666666666667	E	transporter	MHS549	fungi_OG
3NUYI|Fungi	1	3.584229390681003	I	sporulation protein rmd8	MHS549	fungi_OG
3NUYV|Fungi	2	3.9682539682539684	A	Required for proper assembly of pre-ribosomal particles during the biogenesis of the 60S ribosomal subunit	MHS549	fungi_OG
3NUYY|Fungi	2	8.23045267489712	K	Transcription factor	MHS549	fungi_OG
3NUZ1|Fungi	5	9.523809523809524	JUY	tRNA nucleus export receptor which facilitates tRNA translocation across the nuclear pore complex. Involved in pre- tRNA splicing, probably by affecting the interaction of pre-tRNA with splicing endonuclease (By similarity)	MHS549	fungi_OG
3NUZ4|Fungi	1	3.4722222222222223	G	Glycoside hydrolase family 5	MHS549	fungi_OG
3NUZ6|Fungi	5	15.222279882373293	J	Belongs to the eukaryotic ribosomal protein eL20 family	MHS549	fungi_OG
3NUZ9|Fungi	3	12.987012987012987	U	The coatomer is a cytosolic protein complex that binds to dilysine motifs and reversibly associates with Golgi non- clathrin-coated vesicles, which further mediate biosynthetic protein transport from the ER, via the Golgi up to the trans Golgi network. Coatomer complex is required for budding from Golgi membranes, and is essential for the retrograde Golgi-to-ER transport of dilysine-tagged proteins	MHS549	fungi_OG
3NUZU|Fungi	1	3.436426116838488	O	Ubiquitin fusion degradation protein	MHS549	fungi_OG
3NUZV|Fungi	2	6.410256410256411	E	Belongs to the class-III pyridoxal-phosphate-dependent aminotransferase family	MHS549	fungi_OG
3NUZW|Fungi	2	4.566210045662101	I	to Saccharomyces cerevisiae LCB3 (YJL134W) and YSR3 (YKR053C)	MHS549	fungi_OG
3NUZX|Fungi	2	4.597701149425287	J	3' exoribonuclease	MHS549	fungi_OG
3NV03|Fungi	3	5.154639175257732	G	suppressor of mek1	MHS549	fungi_OG
3NV14|Fungi	4	5.291005291005291	C	Belongs to the mitochondrial carrier (TC 2.A.29) family	MHS549	fungi_OG
3NV1I|Fungi	2	3.8095238095238093	F	Catalyzes the reversible phosphorylation of S-methyl-5'- thioadenosine (MTA) to adenine and 5-methylthioribose-1-phosphate. Involved in the breakdown of MTA, a major by-product of polyamine biosynthesis. Responsible for the first step in the methionine salvage pathway after MTA has been generated from S- adenosylmethionine. Has broad substrate specificity with 6- aminopurine nucleosides as preferred substrates	MHS549	fungi_OG
3NV1M|Fungi	2	4.830917874396135	J	Kinase Gcn2	MHS549	fungi_OG
3NV1U|Fungi	2	7.017543859649123	V	tyrosine-protein phosphatase required for protection against superoxide stress	MHS549	fungi_OG
3NV1Y|Fungi	1	3.367003367003367	O	domain-containing protein	MHS549	fungi_OG
3NV20|Fungi	2	3.546099290780142	J	RNA-binding nucleolar protein required for pre-rRNA processing. Involved in production of 18S rRNA and assembly of small ribosomal subunit (By similarity)	MHS549	fungi_OG
3NV25|Fungi	1	4.065040650406504	P	Belongs to the major facilitator superfamily. Sugar transporter (TC 2.A.1.1) family	MHS549	fungi_OG
3NV2M|Fungi	14	17.629624322243362	J	Belongs to the eIF-2B alpha beta delta subunits family	MHS549	fungi_OG
3NV31|Fungi	3	5.319148936170214	O	Belongs to the peptidase A1 family	MHS549	fungi_OG
3NV41|Fungi	4	11.49425287356322	O	Mitochondrial ATPase	MHS549	fungi_OG
3NV4H|Fungi	2	5.46448087431694	T	CMGC SRPK protein kinase	MHS549	fungi_OG
3NV4U|Fungi	2	3.9215686274509802	U	GTP-binding Protein	MHS549	fungi_OG
3NV4V|Fungi	1	3.546099290780142	S	upf0016 domain protein	MHS549	fungi_OG
3NV4W|Fungi	9	10.948905109489052	J	This protein promotes the GTP-dependent binding of aminoacyl-tRNA to the A-site of ribosomes during protein biosynthesis	MHS549	fungi_OG
3NV55|Fungi	2	4.08997955010225	T	scy1 protein kinase	MHS549	fungi_OG
3NV5D|Fungi	1	3.367003367003367	J	Belongs to the class-I aminoacyl-tRNA synthetase family	MHS549	fungi_OG
3NV5G|Fungi	2	3.9215686274509802	E	Amino acid transporter	MHS549	fungi_OG
3NV5K|Fungi	2	4.11522633744856	CE	Belongs to the aconitase IPM isomerase family	MHS549	fungi_OG
3NV5R|Fungi	11	9.649122807017545	IQ	cell division cycle protein	MHS549	fungi_OG
3NV5S|Fungi	2	4.11522633744856	KOT	Belongs to the class I-like SAM-binding methyltransferase superfamily. Protein arginine N- methyltransferase family	MHS549	fungi_OG
3NV5W|Fungi	2	3.9215686274509802	I	Ceramide hydroxylase involved in the alpha-hydroxylation of sphingolipid-associated very long chain fatty acids. Hydroxylates the very long chain fatty acid of ceramides at C2 and C3	MHS549	fungi_OG
3NV5Y|Fungi	5	7.680491551459293	K	DNA-dependent RNA polymerase catalyzes the transcription of DNA into RNA using the four ribonucleoside triphosphates as substrates	MHS549	fungi_OG
3NV6I|Fungi	3	7.751937984496124	C	isocitrate dehydrogenase NAD subunit	MHS549	fungi_OG
3NV73|Fungi	19	14.136904761904761	I	Belongs to the histidine acid phosphatase family	MHS549	fungi_OG
3NV7R|Fungi	2	8.492913556204694	S	phosphatase	MHS549	fungi_OG
3NV7X|Fungi	2	7.8431372549019605	C	Dehydrogenase	MHS549	fungi_OG
3NV81|Fungi	1	3.367003367003367	P	transporter	MHS549	fungi_OG
3NV84|Fungi	1	4.694835680751174	T	Ste ste20 ysk protein kinase	MHS549	fungi_OG
3NV8D|Fungi	1	3.663003663003663	O	regulatory subunit	MHS549	fungi_OG
3NV92|Fungi	5	10.1010101010101	K	DNA-dependent RNA polymerase catalyzes the transcription of DNA into RNA using the four ribonucleoside triphosphates as substrates	MHS549	fungi_OG
3NV96|Fungi	2	7.751937984496124	C	nadh-ubiquinone oxidoreductase 40 kda subunit	MHS549	fungi_OG
3NV9I|Fungi	1	3.7878787878787876	U	Vhs domain-containing protein	MHS549	fungi_OG
3NV9K|Fungi	6	17.48971193415638	B	Belongs to the MYST (SAS MOZ) family	MHS549	fungi_OG
3NV9M|Fungi	2	8.88888888888889	T	Belongs to the protein kinase superfamily	MHS549	fungi_OG
3NV9V|Fungi	1	4.273504273504273	P	Zinc cadmium resistance protein	MHS549	fungi_OG
3NV9Z|Fungi	2	4.301075268817204	B	SAGA complex	MHS549	fungi_OG
3NVAH|Fungi	1	4.504504504504505	C	The pyruvate dehydrogenase complex catalyzes the overall conversion of pyruvate to acetyl-CoA and CO(2)	MHS549	fungi_OG
3NVB2|Fungi	1	4.385964912280701	U	Endoplasmic reticulum-golgi intermediate compartment protein	MHS549	fungi_OG
3NVBK|Fungi	18	8.75912408759124	J	ATP binding L-PSP endoribonuclease family protein	MHS549	fungi_OG
3NVBT|Fungi	1	6.5359477124183005	U	(GTP)-binding protein	MHS549	fungi_OG
3NVBV|Fungi	2	4.504504504504505	E	decarboxylase	MHS549	fungi_OG
3NVBY|Fungi	2	8.461538461538462	DT	Guanine nucleotide-binding protein alpha-3 subunit	MHS549	fungi_OG
3NVC4|Fungi	2	8.333333333333334	G	Catalyzes the conversion of hemimercaptal, formed from methylglyoxal and glutathione, to S-lactoylglutathione	MHS549	fungi_OG
3NVC8|Fungi	1	3.663003663003663	T	rho GTPase activator	MHS549	fungi_OG
3NVCF|Fungi	1	4.761904761904762	H	Catalyzes the conversion of D-ribulose 5-phosphate to formate and 3,4-dihydroxy-2-butanone 4-phosphate	MHS549	fungi_OG
3NVCX|Fungi	4	8.631250696068605	G	Galactokinase	MHS549	fungi_OG
3NVDJ|Fungi	1	3.3333333333333335	E	Stereospecific condensation of phosphoenolpyruvate (PEP) and D-erythrose-4-phosphate (E4P) giving rise to 3-deoxy-D- arabino-heptulosonate-7-phosphate (DAHP)	MHS549	fungi_OG
3NVDN|Fungi	4	12.578616352201257	E	Ketol-acid reductoisomerase	MHS549	fungi_OG
3NVDU|Fungi	2	7.575757575757575	U	endosomal sorting complex protein	MHS549	fungi_OG
3NVE7|Fungi	1	3.9682539682539684	C	Nadh-ubiquinone oxidoreductase 23 kda subunit	MHS549	fungi_OG
3NVEF|Fungi	2	4.11522633744856	A	Pre-mRNA splicing	MHS549	fungi_OG
3NVEH|Fungi	3	5.4945054945054945	Q	transporter	MHS549	fungi_OG
3NVEU|Fungi	6	20.048041389504807	DZ	Belongs to the TCTP family	MHS549	fungi_OG
3NVF4|Fungi	4	9.132420091324201	J	histidyl-tRNA synthetase	MHS549	fungi_OG
3NVF8|Fungi	2	6.87358276643991	T	Belongs to the protein kinase superfamily	MHS549	fungi_OG
3NVFB|Fungi	3	9.00900900900901	U	Belongs to the nonaspanin (TM9SF) (TC 9.A.2) family	MHS549	fungi_OG
3NVFD|Fungi	2	3.584229390681003	O	Belongs to the cullin family	MHS549	fungi_OG
3NVFR|Fungi	6	10.931544893195852	K	Component of the SRB8-11 complex. The SRB8-11 complex is a regulatory module of the Mediator complex which is itself involved in regulation of basal and activated RNA polymerase II- dependent transcription. The SRB8-11 complex may be involved in the transcriptional repression of a subset of genes regulated by Mediator. It may inhibit the association of the Mediator complex with RNA polymerase II to form the holoenzyme complex. The SRB8-11 complex phosphorylates the C-terminal domain (CTD) of the largest subunit of RNA polymerase II (By similarity)	MHS549	fungi_OG
3NVFW|Fungi	1	4.62962962962963	EG	Belongs to the ALG6 ALG8 glucosyltransferase family	MHS549	fungi_OG
3NVFX|Fungi	3	9.433962264150944	L	DNA helicase component of the INO80 complex which remodels chromatin by shifting nucleosomes and is involved in DNA repair	MHS549	fungi_OG
3NVGA|Fungi	9	9.408748772771899	GT	serine threonine-protein phosphatase	MHS549	fungi_OG
3NVGD|Fungi	2	7.092198581560284	J	Belongs to the universal ribosomal protein uS17 family	MHS549	fungi_OG
3NVGH|Fungi	4	7.8431372549019605	C	belongs to the flavoprotein pyridine nucleotide cytochrome reductase family	MHS549	fungi_OG
3NVGT|Fungi	6	11.976047904191617	J	mRNA binding protein pumilio	MHS549	fungi_OG
3NVGY|Fungi	2	5.376344086021505	U	Belongs to the SNF7 family	MHS549	fungi_OG
3NVHB|Fungi	7	16.040645980765742	J	Promotes mitochondrial protein synthesis. May act as a fidelity factor of the translation reaction, by catalyzing a one- codon backward translocation of tRNAs on improperly translocated ribosomes. Binds to mitochondrial ribosomes in a GTP-dependent manner	MHS549	fungi_OG
3NVHC|Fungi	2	6.944444444444445	J	Eukaryotic peptide chain release factor gtp-binding subunit	MHS549	fungi_OG
3NVHE|Fungi	1	5.208333333333333	H	homoserine O-acetyltransferase	MHS549	fungi_OG
3NVHS|Fungi	1	4.62962962962963	S	Nitrite reductase	MHS549	fungi_OG
3NVI5|Fungi	6	18.743219770365773	E	prephenate dehydrogenase	MHS549	fungi_OG
3NVI7|Fungi	2	3.7878787878787876	BDL	sister chromatid cohesion, protein	MHS549	fungi_OG
3NVIS|Fungi	2	8.23045267489712	C	Dehydrogenase	MHS549	fungi_OG
3NVJ1|Fungi	1	3.4013605442176873	L	DNA polymerase	MHS549	fungi_OG
3NVK0|Fungi	3	5.58659217877095	J	Belongs to the class-I aminoacyl-tRNA synthetase family	MHS549	fungi_OG
3NVK1|Fungi	2	5.74712643678161	J	cysteinyl-tRNA synthetase	MHS549	fungi_OG
3NVK6|Fungi	2	4.866180048661801	O	prohibitin-2	MHS549	fungi_OG
3NVKB|Fungi	2	5.899705014749262	A	splicing factor 3b subunit 1	MHS549	fungi_OG
3NVKF|Fungi	2	3.7243947858472994	Q	tRNA (uracil-5-)-methyltransferase TRM9	MHS549	fungi_OG
3NVKN|Fungi	2	4.975124378109452	T	camk camkl kin4 protein kinase	MHS549	fungi_OG
3NVKU|Fungi	7	22.685185185185187	Z	retrotransposable element tf2 155 kda protein type 1-like	MHS549	fungi_OG
3NVKZ|Fungi	2	6.944444444444445	O	assists the folding of proteins upon ATP hydrolysis	MHS549	fungi_OG
3NVMJ|Fungi	3	7.692307692307692	C	Isocitrate dehydrogenase NAD subunit, mitochondrial	MHS549	fungi_OG
3NVMZ|Fungi	1	3.663003663003663	C	reductase	MHS549	fungi_OG
3NVN8|Fungi	3	6.5359477124183005	I	long-chain-fatty-acid--CoA ligase	MHS549	fungi_OG
3NVNP|Fungi	1	3.7878787878787876	S	cord and cs	MHS549	fungi_OG
3NVNR|Fungi	3	6.134969325153374	G	Phosphoenolpyruvate carboxykinase	MHS549	fungi_OG
3NVNX|Fungi	10	6.435006435006435	C	oxidoreductase chain 4	MHS549	fungi_OG
3NVP5|Fungi	3	5.681818181818182	S	upf0171 domain protein	MHS549	fungi_OG
3NVP8|Fungi	4	5.673758865248227	BK	sir2 family histone deacetylase	MHS549	fungi_OG
3NVPK|Fungi	5	9.803921568627452	BK	histone acetyltransferase	MHS549	fungi_OG
3NVQ5|Fungi	2	7.017543859649123	T	Stress activated MAP kinase interacting protein	MHS549	fungi_OG
3NVRF|Fungi	4	12.465761082229303	I	glycerol-3-phosphate o-acyltransferase	MHS549	fungi_OG
3NVRI|Fungi	2	4.535147392290249	T	RhoGAP domain-containing protein	MHS549	fungi_OG
3NVRJ|Fungi	9	16.483516483516482	E	Belongs to the Orn Lys Arg decarboxylase class-II family	MHS549	fungi_OG
3NVRK|Fungi	2	6.172839506172839	K	Acts as subunit of the RNA polymerase II elongator complex, which is a histone acetyltransferase component of the RNA polymerase II (Pol II) holoenzyme and is involved in transcriptional elongation	MHS549	fungi_OG
3NVRQ|Fungi	2	10.256410256410255	D	TTK protein kinase	MHS549	fungi_OG
3NVS0|Fungi	2	3.8095238095238093	KU	vesicle-mediated transport protein Bfr2 Che-1	MHS549	fungi_OG
3NVSK|Fungi	3	5.88235294117647	K	glucose-repressible alcohol dehydrogenase transcriptional effector	MHS549	fungi_OG
3NVSR|Fungi	6	14.492753623188406	A	splicing factor 3A subunit	MHS549	fungi_OG
3NVSZ|Fungi	1	3.436426116838488	J	Belongs to the class-I aminoacyl-tRNA synthetase family	MHS549	fungi_OG
3NVTE|Fungi	2	3.4013605442176873	O	Belongs to the AAA ATPase family	MHS549	fungi_OG
3NVTJ|Fungi	9	17.82562043542972	J	component of the eukaryotic translation initiation factor 3 (eIF-3) complex, which is involved in protein synthesis of a specialized repertoire of mRNAs and, together with other initiation factors, stimulates binding of mRNA and methionyl-tRNAi to the 40S ribosome. The eIF-3 complex specifically targets and initiates translation of a subset of mRNAs involved in cell proliferation	MHS549	fungi_OG
3NVTS|Fungi	6	10.084262258840734	Z	dynein heavy chain	MHS549	fungi_OG
3NVTY|Fungi	2	4.761904761904762	O	translocation protein SEC63	MHS549	fungi_OG
3NVTZ|Fungi	2	3.6832412523020257	U	Belongs to the adaptor complexes medium subunit family	MHS549	fungi_OG
3NVUP|Fungi	2	3.8535645472061657	I	Oxysterol binding protein	MHS549	fungi_OG
3NVUZ|Fungi	1	3.7037037037037033	A	Belongs to the MAK16 family	MHS549	fungi_OG
3NVV4|Fungi	1	4.975124378109452	O	assists the folding of proteins upon ATP hydrolysis	MHS549	fungi_OG
3NVV8|Fungi	4	14.492753623188404	I	NAD dependent epimerase dehydratase	MHS549	fungi_OG
3NVVA|Fungi	2	10.256410256410255	JT	RNA-binding protein involved in post-transcriptional regulation through transcript degradation. May be involved in vacuolar protein transport (By similarity)	MHS549	fungi_OG
3NVVT|Fungi	3	5.617977528089887	E	transporter	MHS549	fungi_OG
3NVVV|Fungi	1	3.663003663003663	T	DUF89 domain-containing protein	MHS549	fungi_OG
3NVVX|Fungi	2	7.383067624031479	BK	complex subunit snf5	MHS549	fungi_OG
3NVW6|Fungi	2	4.662004662004662	E	Catalyzes two activities which are involved in the cyclic version of arginine biosynthesis the synthesis of acetylglutamate from glutamate and acetyl-CoA, and of ornithine by transacetylation between acetylornithine and glutamate	MHS549	fungi_OG
3NVWD|Fungi	2	9.523809523809524	EI	carboxylase, beta	MHS549	fungi_OG
3NVWI|Fungi	1	4.694835680751174	A	Initiator tRNA phosphoribosyl transferase	MHS549	fungi_OG
3NVWP|Fungi	1	3.9215686274509802	A	Belongs to the class I-like SAM-binding methyltransferase superfamily. RsmB NOP family	MHS549	fungi_OG
3NVWS|Fungi	5	16.666666666666668	Q	Belongs to the iron ascorbate-dependent oxidoreductase family	MHS549	fungi_OG
3NVWW|Fungi	2	5.5096418732782375	S	topoisomerase	MHS549	fungi_OG
3NVX1|Fungi	1	5.46448087431694	G	hydrolase family 10	MHS549	fungi_OG
3NVXC|Fungi	2	7.4074074074074066	P	Belongs to the monovalent cation proton antiporter 1 (CPA1) transporter (TC 2.A.36) family	MHS549	fungi_OG
3NVXF|Fungi	3	5.524861878453038	T	Protein kinase c	MHS549	fungi_OG
3NVXY|Fungi	4	5.5096418732782375	F	Catalyzes the conversion of inosine 5'-phosphate (IMP) to xanthosine 5'-phosphate (XMP), the first committed and rate- limiting step in the de novo synthesis of guanine nucleotides, and therefore plays an important role in the regulation of cell growth	MHS549	fungi_OG
3NVYI|Fungi	1	4.166666666666667	C	Belongs to the major facilitator superfamily. Sugar transporter (TC 2.A.1.1) family	MHS549	fungi_OG
3NVZ1|Fungi	6	11.667557773421255	J	Required for proper 27S pre-rRNA processing and 60S ribosome subunit assembly	MHS549	fungi_OG
3NVZG|Fungi	4	13.468013468013469	S	C6 zinc finger domain-containing protein	MHS549	fungi_OG
3NVZM|Fungi	3	5.681818181818182	L	Belongs to the MCM family	MHS549	fungi_OG
3NVZP|Fungi	4	8.492569002123142	A	periodic tryptophan protein	MHS549	fungi_OG
3NVZQ|Fungi	4	5.532503457814661	C	Belongs to the complex I 30 kDa subunit family	MHS549	fungi_OG
3NVZR|Fungi	3	6.097560975609756	A	RNA helicase	MHS549	fungi_OG
3NVZS|Fungi	3	5	C	chaperone	MHS549	fungi_OG
3NVZV|Fungi	2	5.797101449275363	H	c-1-tetrahydrofolate synthase	MHS549	fungi_OG
3NVZW|Fungi	2	11.695906432748536	B	Involved in deacetylation of histones, chromatin assembly and chromosome segregation. May act as a transcriptional oscillator, directing histone deacetylases to specific chromosomal domains. Component of the NuA4 histone acetyltransferase complex which is involved in transcriptional activation of selected genes principally by acetylation of nucleosomal histone H4 and H2A. The NuA4 complex is also involved in DNA repair (By similarity)	MHS549	fungi_OG
3NVZY|Fungi	9	17.54385964912281	P	Sulfate permease	MHS549	fungi_OG
3NW06|Fungi	3	6.8493150684931505	S	Membrane protein tms1	MHS549	fungi_OG
3NW0M|Fungi	2	7.575757575757575	H	E1-like activating enzyme involved in the 2 ubiquitin- like systems required for cytoplasm to vacuole transport (Cvt) and autophagy. Activates ATG12 for its conjugation with ATG5 and ATG8 for its conjugation with phosphatidylethanolamine. Both systems are needed for the ATG8 association to Cvt vesicles and autophagosomes membranes. Autophagy is essential for maintenance of amino acid levels and protein synthesis under nitrogen starvation. Required for selective autophagic degradation of the nucleus (nucleophagy) as well as for mitophagy which contributes to regulate mitochondrial quantity and quality by eliminating the mitochondria to a basal level to fulfill cellular energy requirements and preventing excess ROS production. Plays a role in the regulation of filamentous growth and chronological longevity (By similarity)	MHS549	fungi_OG
3NW0R|Fungi	24	9.324009324009324	E	cystathionine beta-lyase	MHS549	fungi_OG
3NW1Y|Fungi	1	3.5087719298245617	M	Choline kinase	MHS549	fungi_OG
3NW27|Fungi	6	14.226190476190474	O	Cytochrome c oxidase assembly protein	MHS549	fungi_OG
3NW2K|Fungi	1	3.584229390681003	F	Belongs to the OMP decarboxylase family	MHS549	fungi_OG
3NW2P|Fungi	2	4.597701149425287	J	ribosomal protein	MHS549	fungi_OG
3NW2S|Fungi	10	8.35421888053467	Q	Belongs to the short-chain dehydrogenases reductases (SDR) family	MHS549	fungi_OG
3NW2Z|Fungi	1	3.4013605442176873	OT	Cop9 signalosome subunit 6	MHS549	fungi_OG
3NW30|Fungi	4	6.666666666666667	L	SNF2 family helicase	MHS549	fungi_OG
3NW32|Fungi	9	6.109979633401221	G	Belongs to the hexokinase family	MHS549	fungi_OG
3NW3B|Fungi	7	11.844331641285956	L	Catalytic subunit of the poly(A)-nuclease (PAN) deadenylation complex, one of two cytoplasmic mRNA deadenylases involved in mRNA turnover. PAN specifically shortens poly(A) tails of RNA and the activity is stimulated by poly(A)-binding protein PAB1. PAN deadenylation is followed by rapid degradation of the shortened mRNA tails by the CCR4-NOT complex. Deadenylated mRNAs are then degraded by two alternative mechanisms, namely exosome- mediated 3'-5' exonucleolytic degradation, or deadenlyation- dependent mRNA decaping and subsequent 5'-3' exonucleolytic degradation by XRN1. May also be involved in post-transcriptional maturation of mRNA poly(A) tails	MHS549	fungi_OG
3NW41|Fungi	1	3.436426116838488	A	RNA helicase	MHS549	fungi_OG
3NW46|Fungi	1	4.065040650406504	S	Serine hydrolase involved in the detoxification of formaldehyde	MHS549	fungi_OG
3NW4B|Fungi	1	4.830917874396135	K	Small GTPase required for proper nuclear import of RNA polymerase II and III (RNAPII and RNAPIII). May act at an RNAP assembly step prior to nuclear import	MHS549	fungi_OG
3NW4C|Fungi	6	9.803921568627452	D	20S cyclosome subunit (BimA Nuc2 Cdc27)	MHS549	fungi_OG
3NW4G|Fungi	2	5.167958656330749	I	Protein required for hyphal anastomosis	MHS549	fungi_OG
3NW4U|Fungi	1	3.367003367003367	L	Has a dual role in the assembly of mitochondrial ATPase	MHS549	fungi_OG
3NW51|Fungi	2	8.23045267489712	E	belongs to the acetylglutamate kinase family	MHS549	fungi_OG
3NW56|Fungi	2	3.898635477582846	I	RNA binding effector protein Scp160	MHS549	fungi_OG
3NW5H|Fungi	2	5.602240896358544	E	Belongs to the peroxidase family	MHS549	fungi_OG
3NW5K|Fungi	3	4.081632653061225	I	Squalene/phytoene synthase	MHS549	fungi_OG
3NW69|Fungi	4	12.219894623246367	J	Hydrolyzes ATP, and can also hydrolyze GTP with lower efficiency. Has lower affinity for GTP	MHS549	fungi_OG
3NW6Q|Fungi	25	20.728215304337013	T	Phosphatidylinositol-4-phosphate 5-kinase	MHS549	fungi_OG
3NW70|Fungi	1	3.4722222222222223	L	BRCA2, oligonucleotide/oligosaccharide-binding, domain 1	MHS549	fungi_OG
3NW73|Fungi	7	7.157464212678937	G	Inositol-1-monophosphatase	MHS549	fungi_OG
3NW78|Fungi	4	7.017543859649123	K	DNA-dependent RNA polymerase catalyzes the transcription of DNA into RNA using the four ribonucleoside triphosphates as substrates	MHS549	fungi_OG
3NW7F|Fungi	2	4.662004662004662	G	glycoside hydrolase family 16 protein	MHS549	fungi_OG
3NW7M|Fungi	1	4.065040650406504	P	zinc ion binding protein	MHS549	fungi_OG
3NW7V|Fungi	5	9.469696969696969	L	Sister chromatid cohesion protein	MHS549	fungi_OG
3NW85|Fungi	1	4.504504504504505	F	Carbamoylphosphate	MHS549	fungi_OG
3NW8T|Fungi	6	13.860738803530566	A	deaminase subunit	MHS549	fungi_OG
3NW9A|Fungi	2	4.830917874396135	T	Phospholipase c	MHS549	fungi_OG
3NW9R|Fungi	1	3.9215686274509802	E	Choline oxidase	MHS549	fungi_OG
3NW9X|Fungi	2	9.523809523809524	F	Catalyzes the synthesis of activated sulfate	MHS549	fungi_OG
3NWAD|Fungi	4	6.006006006006006	O	Belongs to the peptidase C19 family	MHS549	fungi_OG
3NWAG|Fungi	1	4.444444444444445	C	Malate dehydrogenase	MHS549	fungi_OG
3NWAW|Fungi	10	18.202890646304883	A	helicase	MHS549	fungi_OG
3NWB2|Fungi	1	3.546099290780142	S	Receptor	MHS549	fungi_OG
3NWB7|Fungi	5	9.344598054275473	J	Belongs to the eukaryotic ribosomal protein eS8 family	MHS549	fungi_OG
3NWCU|Fungi	1	3.546099290780142	S	RTA1 like protein	MHS549	fungi_OG
3NWD2|Fungi	5	4.930966469428008	O	factor cwc24	MHS549	fungi_OG
3NWDH|Fungi	1	4.566210045662101	F	adenosine deaminase	MHS549	fungi_OG
3NWDJ|Fungi	1	3.546099290780142	T	GTP-binding protein	MHS549	fungi_OG
3NWEN|Fungi	2	9.132420091324201	E	Cystathionine gamma-synthase	MHS549	fungi_OG
3NWEU|Fungi	5	4.0453074433656955	F	nucleoside hydrolase	MHS549	fungi_OG
3NWF6|Fungi	2	4.597701149425287	S	involucrin repeat protein	MHS549	fungi_OG
3NWFE|Fungi	2	7.092198581560284	K	transcription initiation factor TFIID	MHS549	fungi_OG
3NWFJ|Fungi	3	5.235602094240838	O	Belongs to the ClpA ClpB family	MHS549	fungi_OG
3NWFT|Fungi	1	3.9215686274509802	Q	transporter	MHS549	fungi_OG
3NWG1|Fungi	2	10.931899641577061	S	IMPACT family	MHS549	fungi_OG
3NWGD|Fungi	1	4.385964912280701	U	Duf803 domain membrane protein	MHS549	fungi_OG
3NWGS|Fungi	1	3.7037037037037033	P	Belongs to the V-ATPase proteolipid subunit family	MHS549	fungi_OG
3NWH9|Fungi	1	3.875968992248062	G	Catalyzes the rate-limiting step of the oxidative pentose-phosphate pathway, which represents a route for the dissimilation of carbohydrates besides glycolysis	MHS549	fungi_OG
3NWHD|Fungi	9	7.2992700729927	H	Catalyzes the radical-mediated insertion of two sulfur atoms into the C-6 and C-8 positions of the octanoyl moiety bound to the lipoyl domains of lipoate-dependent enzymes, thereby converting the octanoylated domains into lipoylated derivatives	MHS549	fungi_OG
3NWHK|Fungi	1	4.219409282700422	U	The coatomer is a cytosolic protein complex that binds to dilysine motifs and reversibly associates with Golgi non- clathrin-coated vesicles, which further mediate biosynthetic protein transport from the ER, via the Golgi up to the trans Golgi network. Coatomer complex is required for budding from Golgi membranes, and is essential for the retrograde Golgi-to-ER transport of dilysine-tagged proteins	MHS549	fungi_OG
3NWI3|Fungi	3	11.279563371740448	L	ATP-dependent DNA helicase important for chromosome transmission and normal cell cycle progression in G(2) M (By similarity). May have a role in changing DNA topology to allow the loading of proteins involved in maintaining sister chromatid cohesion in the vicinity of the centromeres (By similarity). Has a specific role in chromosome segregation during meiosis II (By similarity)	MHS549	fungi_OG
3NWI4|Fungi	2	7.017543859649123	G	Glycoside hydrolase family 3	MHS549	fungi_OG
3NWID|Fungi	2	3.8535645472061657	J	pumilio-family rna binding repeat protein	MHS549	fungi_OG
3NWIH|Fungi	3	5.555555555555555	O	Belongs to the AAA ATPase family	MHS549	fungi_OG
3NWIJ|Fungi	2	3.898635477582846	TU	beige BEACH domain-containing protein	MHS549	fungi_OG
3NWIP|Fungi	1	3.745318352059925	Z	spindle pole body component	MHS549	fungi_OG
3NWIY|Fungi	3	13.513513513513514	O	Belongs to the peptidase C19 family	MHS549	fungi_OG
3NWJ1|Fungi	1	3.9215686274509802	A	Belongs to the DEAD box helicase family	MHS549	fungi_OG
3NWJ5|Fungi	2	5.128205128205128	S	c2h2 zinc finger protein	MHS549	fungi_OG
3NWJM|Fungi	2	3.9215686274509802	U	sphingosine n-acyltransferase lac1	MHS549	fungi_OG
3NWJQ|Fungi	2	3.6429872495446265	O	proteasome regulatory	MHS549	fungi_OG
3NWKG|Fungi	2	4.273504273504273	O	Cell differentiation protein rcd1	MHS549	fungi_OG
3NWKM|Fungi	16	13.745704467353953	I	3-keto-steroid reductase	MHS549	fungi_OG
3NWMH|Fungi	3	5.780346820809249	J	nucleolar complex protein	MHS549	fungi_OG
3NWMI|Fungi	3	4	O	Disulfide isomerase	MHS549	fungi_OG
3NWMT|Fungi	2	5.333333333333333	OT	otu-like cysteine protease	MHS549	fungi_OG
3NWN2|Fungi	1	3.8314176245210727	Q	U3 small nucleolar RNA-associated protein	MHS549	fungi_OG
3NWNB|Fungi	1	3.663003663003663	E	Belongs to the aldehyde dehydrogenase family	MHS549	fungi_OG
3NWNS|Fungi	2	3.8314176245210727	Q	)-reductase	MHS549	fungi_OG
3NWP2|Fungi	1	3.9215686274509802	U	vesicular-fusion protein SEC17	MHS549	fungi_OG
3NWPE|Fungi	2	4.535147392290249	E	Methylenetetrahydrofolate reductase	MHS549	fungi_OG
3NWPX|Fungi	1	5.649717514124294	G	Glycolipid transfer protein	MHS549	fungi_OG
3NWQ7|Fungi	4	7.662835249042145	K	DNA-dependent RNA polymerase catalyzes the transcription of DNA into RNA using the four ribonucleoside triphosphates as substrates	MHS549	fungi_OG
3NWQB|Fungi	1	3.9682539682539684	S	Set domain-containing protein	MHS549	fungi_OG
3NWQD|Fungi	1	4.219409282700422	A	Wd domain-containing protein	MHS549	fungi_OG
3NWQU|Fungi	2	5.420054200542006	S	Cell morphogenesis protein Sog2	MHS549	fungi_OG
3NWR2|Fungi	1	3.584229390681003	S	ABC1 Protein	MHS549	fungi_OG
3NWR5|Fungi	12	8.064516129032258	S	plasma membrane fusion protein prm1	MHS549	fungi_OG
3NWRE|Fungi	2	3.8095238095238093	O	ubiquitin--protein ligase	MHS549	fungi_OG
3NWSD|Fungi	6	4.761904761904762	O	Peroxisome assembly protein	MHS549	fungi_OG
3NWSJ|Fungi	1	3.663003663003663	U	Signal recognition particle	MHS549	fungi_OG
3NWSQ|Fungi	2	7.751937984496124	J	component of the eukaryotic translation initiation factor 3 (eIF-3) complex, which is involved in protein synthesis of a specialized repertoire of mRNAs and, together with other initiation factors, stimulates binding of mRNA and methionyl-tRNAi to the 40S ribosome. The eIF-3 complex specifically targets and initiates translation of a subset of mRNAs involved in cell proliferation	MHS549	fungi_OG
3NWST|Fungi	2	4.166666666666667	EO	Aminopeptidase	MHS549	fungi_OG
3NWSX|Fungi	2	4.040404040404041	U	Component of the ESCRT-0 complex which is the sorting receptor for ubiquitinated cargo proteins at the multivesicular body (MVB) and recruits ESCRT-I to the MVB outer membrane	MHS549	fungi_OG
3NWTE|Fungi	2	3.418803418803419	O	oligosaccharyl transferase subunit	MHS549	fungi_OG
3NWTN|Fungi	2	4.761904761904762	S	2-methylcitrate dehydratase	MHS549	fungi_OG
3NWU7|Fungi	4	7.619047619047619	C	Succinyl-CoA synthetase functions in the citric acid cycle (TCA), coupling the hydrolysis of succinyl-CoA to the synthesis of ATP and thus represents the only step of substrate- level phosphorylation in the TCA. The alpha subunit of the enzyme binds the substrates coenzyme A and phosphate, while succinate binding and nucleotide specificity is provided by the beta subunit	MHS549	fungi_OG
3NWUJ|Fungi	3	8.130081300813009	U	Belongs to the small GTPase superfamily. Rho family	MHS549	fungi_OG
3NWV9|Fungi	3	7.751937984496124	I	Converts sphingomyelin to ceramide	MHS549	fungi_OG
3NWWN|Fungi	7	14.05543357916268	Z	Tubulin is the major constituent of microtubules. The gamma chain is found at microtubule organizing centers (MTOC) such as the spindle poles or the centrosome	MHS549	fungi_OG
3NWWU|Fungi	6	5.847953216374269	S	mitogen-activated protein kinase organizer 1	MHS549	fungi_OG
3NWX4|Fungi	3	13.826217748466966	U	Part of the AP-3 complex, an adaptor-related complex which is not clathrin-associated. The complex is associated with the Golgi region as well as more peripheral structures. It facilitates the budding of vesicles from the Golgi membrane	MHS549	fungi_OG
3NWXC|Fungi	1	3.436426116838488	O	PPIases accelerate the folding of proteins. It catalyzes the cis-trans isomerization of proline imidic peptide bonds in oligopeptides	MHS549	fungi_OG
3NWXY|Fungi	1	3.623188405797101	A	DEAD DEAH box helicase	MHS549	fungi_OG
3NWY1|Fungi	2	3.7878787878787876	DZ	SDA1 domain protein	MHS549	fungi_OG
3NWYC|Fungi	5	11.037527593818984	C	sulfide quinone oxidoreductase	MHS549	fungi_OG
3NWZ0|Fungi	4	6.5359477124183005	H	Belongs to the uroporphyrinogen decarboxylase family	MHS549	fungi_OG
3NWZ8|Fungi	11	14.878088692521683	I	inositol phospholipid biosynthesis protein	MHS549	fungi_OG
3NWZB|Fungi	2	4.597701149425287	O	Nuclear pore complex	MHS549	fungi_OG
3NWZC|Fungi	1	3.4722222222222223	I	Phenylacetyl-CoA ligase	MHS549	fungi_OG
3NX05|Fungi	3	5.9171597633136095	P	Tetratricopeptide repeat protein	MHS549	fungi_OG
3NX0B|Fungi	2	5.602240896358544	F	phosphoribosylformylglycinamidine synthase	MHS549	fungi_OG
3NX0E|Fungi	2	5.555555555555555	S	Vacuolar membrane pq loop repeat protein	MHS549	fungi_OG
3NX17|Fungi	3	8.009153318077802	UY	exportin-1	MHS549	fungi_OG
3NX1S|Fungi	2	7.326007326007326	K	Transcription initiation factor iie subunit alpha	MHS549	fungi_OG
3NX22|Fungi	2	3.3500837520938025	T	Belongs to the protein kinase superfamily	MHS549	fungi_OG
3NX2D|Fungi	7	13.565891472868216	T	vacuolar membrane-associated protein iml1	MHS549	fungi_OG
3NX2E|Fungi	2	6.802721088435375	IM	Ceramide glucosyltransferase	MHS549	fungi_OG
3NX2N|Fungi	7	6.499535747446611	H	Pyridoxal kinase	MHS549	fungi_OG
3NX2T|Fungi	1	4.273504273504273	E	Duf895 domain membrane protein	MHS549	fungi_OG
3NX37|Fungi	4	7.4074074074074066	J	nucleolar complex protein	MHS549	fungi_OG
3NX3E|Fungi	5	11.936339522546419	U	Belongs to the SNF7 family	MHS549	fungi_OG
3NX3U|Fungi	2	3.4722222222222223	O	Ubiquitinyl hydrolase 1	MHS549	fungi_OG
3NX42|Fungi	4	11.799410029498524	P	ATPase required for the post-translational delivery of tail-anchored (TA) proteins to the endoplasmic reticulum. Recognizes and selectively binds the transmembrane domain of TA proteins in the cytosol. This complex then targets to the endoplasmic reticulum by membrane-bound receptors, where the tail- anchored protein is released for insertion. This process is regulated by ATP binding and hydrolysis. ATP binding drives the homodimer towards the closed dimer state, facilitating recognition of newly synthesized TA membrane proteins. ATP hydrolysis is required for insertion. Subsequently, the homodimer reverts towards the open dimer state, lowering its affinity for the membrane-bound receptor, and returning it to the cytosol to initiate a new round of targeting	MHS549	fungi_OG
3NX4W|Fungi	1	6.410256410256411	P	Belongs to the cation transport ATPase (P-type) (TC 3.A.3) family. Type IV subfamily	MHS549	fungi_OG
3NX5X|Fungi	4	5.089058524173028	T	atypical rio rio2 protein kinase	MHS549	fungi_OG
3NX6I|Fungi	2	3.766478342749529	O	Aaa family atpase	MHS549	fungi_OG
3NX7Q|Fungi	4	16.666666666666668	J	Zn-dependent hydrolase oxidoreductase family protein	MHS549	fungi_OG
3NX80|Fungi	10	19.09460443016246	C	Component of the ubiquinol-cytochrome c reductase complex (complex III or cytochrome b-c1 complex) that is part of the mitochondrial respiratory chain. The b-c1 complex mediates electron transfer from ubiquinol to cytochrome c. Contributes to the generation of a proton gradient across the mitochondrial membrane that is then used for ATP synthesis	MHS549	fungi_OG
3NX85|Fungi	9	19.332323093171695	S	integral membrane protein	MHS549	fungi_OG
3NX8I|Fungi	3	5.847953216374269	H	Zinc finger protein	MHS549	fungi_OG
3NX8R|Fungi	1	4.219409282700422	S	Allomyces macrogynus ATCC 38327	MHS549	fungi_OG
3NXAG|Fungi	2	3.603603603603603	U	Belongs to the STXBP unc-18 SEC1 family	MHS549	fungi_OG
3NXAR|Fungi	1	3.4013605442176873	J	Translation Initiation Factor	MHS549	fungi_OG
3NXAU|Fungi	4	6.768189509306261	L	ATP-dependent serine protease that mediates the selective degradation of misfolded, unassembled or oxidatively damaged polypeptides as well as certain short-lived regulatory proteins in the mitochondrial matrix. May also have a chaperone function in the assembly of inner membrane protein complexes. Participates in the regulation of mitochondrial gene expression and in the maintenance of the integrity of the mitochondrial genome. Binds to mitochondrial DNA in a site-specific manner	MHS549	fungi_OG
3NXAV|Fungi	1	5.555555555555555	H	Adds a GMP to the 5'-end of tRNA(His) after transcription and RNase P cleavage	MHS549	fungi_OG
3NXB5|Fungi	30	36.57753696919061	C	NADH dehydrogenase subunit 2	MHS549	fungi_OG
3NXCB|Fungi	4	12.944983818770227	C	Belongs to the aldehyde dehydrogenase family	MHS549	fungi_OG
3NXCR|Fungi	1	3.5087719298245617	J	Component of the eukaryotic translation initiation factor 3 (eIF-3) complex, which is involved in protein synthesis and, together with other initiation factors, stimulates binding of mRNA and methionyl-tRNAi to the 40S ribosome	MHS549	fungi_OG
3NXCX|Fungi	6	4.385964912280701	K	Forkhead transcription factor	MHS549	fungi_OG
3NXDB|Fungi	2	9.015594541910332	DZ	Mitotic spindle checkpoint component (MAD2)	MHS549	fungi_OG
3NXDJ|Fungi	2	6.802721088435375	O	proteasome subunit beta type	MHS549	fungi_OG
3NXDN|Fungi	3	7.970194302961705	P	Type 2a phosphatase activator tip41	MHS549	fungi_OG
3NXDR|Fungi	4	9.523809523809524	K	Transcription factor	MHS549	fungi_OG
3NXDY|Fungi	3	5.9171597633136095	P	ankyrin repeat protein nuc-2	MHS549	fungi_OG
3NXE7|Fungi	4	8.547008547008547	K	CCR4-NOT transcription complex subunit	MHS549	fungi_OG
3NXER|Fungi	3	5.050505050505051	L	Belongs to the MCM family	MHS549	fungi_OG
3NXFB|Fungi	1	3.4013605442176873	O	DnaJ domain-containing protein	MHS549	fungi_OG
3NXFV|Fungi	1	3.367003367003367	L	This protein is an auxiliary protein of DNA polymerase delta and is involved in the control of eukaryotic DNA replication by increasing the polymerase's processibility during elongation of the leading strand	MHS549	fungi_OG
3NXG1|Fungi	3	8.336579664978574	A	Involved in nucleolar processing of pre-18S ribosomal RNA	MHS549	fungi_OG
3NXHB|Fungi	4	4.1928721174004195	H	gtp cyclohydrolase ii	MHS549	fungi_OG
3NXHS|Fungi	1	4.329004329004329	U	Peroxisomal targeting signal 2 receptor	MHS549	fungi_OG
3NXIQ|Fungi	1	3.8314176245210727	U	Peroxisomal membrane protein (Pex16)	MHS549	fungi_OG
3NXIW|Fungi	10	12.578616352201257	G	amidohydrolase	MHS549	fungi_OG
3NXIX|Fungi	2	3.4013605442176873	S	GTP-binding protein	MHS549	fungi_OG
3NXK6|Fungi	4	12.345679012345679	S	C2H2 type zinc finger domain protein	MHS549	fungi_OG
3NXK8|Fungi	8	7.8431372549019605	S	UPF0052 domain protein	MHS549	fungi_OG
3NXKC|Fungi	2	3.4013605442176873	J	Belongs to the universal ribosomal protein uL3 family	MHS549	fungi_OG
3NXKW|Fungi	2	5.420054200542006	IKT	Belongs to the protein kinase superfamily	MHS549	fungi_OG
3NXKZ|Fungi	1	4.761904761904762	J	Mitochondrial protein cyt-4	MHS549	fungi_OG
3NXM3|Fungi	3	5.291005291005291	J	Belongs to the class-I aminoacyl-tRNA synthetase family	MHS549	fungi_OG
3NXMU|Fungi	1	3.9682539682539684	C	L-galactose dehydrogenase	MHS549	fungi_OG
3NXMZ|Fungi	4	7.448789571694599	K	Belongs to the EFR3 family	MHS549	fungi_OG
3NXN8|Fungi	3	5.617977528089887	O	Belongs to the ClpA ClpB family	MHS549	fungi_OG
3NXNS|Fungi	2	5.291005291005291	J	Constitutes one of the two catalytic subunit of the tRNA-splicing endonuclease complex, a complex responsible for identification and cleavage of the splice sites in pre-tRNA. It cleaves pre-tRNA at the 5'- and 3'-splice sites to release the intron. The products are an intron and two tRNA half-molecules bearing 2',3'-cyclic phosphate and 5'-OH termini. There are no conserved sequences at the splice sites, but the intron is invariably located at the same site in the gene, placing the splice sites an invariant distance from the constant structural features of the tRNA body	MHS549	fungi_OG
3NXP4|Fungi	1	4.166666666666667	T	Leucine-rich repeat protein	MHS549	fungi_OG
3NXP6|Fungi	7	13.106973347937203	L	DNA repair and recombination protein	MHS549	fungi_OG
3NXPS|Fungi	1	3.367003367003367	D	Belongs to the cyclin family	MHS549	fungi_OG
3NXQX|Fungi	6	13.514755906959639	U	Belongs to the VPS29 family	MHS549	fungi_OG
3NXR7|Fungi	2	5.46448087431694	J	Ribosome biogenesis protein bms1	MHS549	fungi_OG
3NXRR|Fungi	3	10.869565217391303	U	GTP-binding protein	MHS549	fungi_OG
3NXSD|Fungi	3	5.128205128205129	C	subunit e	MHS549	fungi_OG
3NXSF|Fungi	2	10.582010582010582	U	Nonessential protein required for the fusion of transport vesicles derived from the endocytic pathway with the Golgi complex	MHS549	fungi_OG
3NXTC|Fungi	2	3.898635477582846	S	Cell cycle control protein	MHS549	fungi_OG
3NXU0|Fungi	2	9.32017543859649	S	Belongs to the histidine acid phosphatase family	MHS549	fungi_OG
3NXU3|Fungi	3	5	J	Belongs to the class-I aminoacyl-tRNA synthetase family	MHS549	fungi_OG
3NXUJ|Fungi	1	4.11522633744856	S	spindle-pole body protein	MHS549	fungi_OG
3NXVM|Fungi	1	4.065040650406504	K	FF domain protein	MHS549	fungi_OG
3NXWP|Fungi	1	3.745318352059925	D	Chromosome segregation protein	MHS549	fungi_OG
3NXWT|Fungi	1	4.166666666666667	S	NA	MHS549	fungi_OG
3NXYQ|Fungi	1	3.663003663003663	S	Lalv9 family	MHS549	fungi_OG
3NY02|Fungi	4	11.11111111111111	M	fasciclin domain family	MHS549	fungi_OG
3NY0E|Fungi	5	14.486190804300271	S	WD repeat-containing protein	MHS549	fungi_OG
3NY0J|Fungi	10	8.333333333333334	C	Belongs to the mitochondrial carrier (TC 2.A.29) family	MHS549	fungi_OG
3NY0Z|Fungi	1	5.208333333333333	J	Translation Initiation Factor	MHS549	fungi_OG
3NY19|Fungi	2	10.256410256410255	S	Apses transcription factor xbp1	MHS549	fungi_OG
3NY1E|Fungi	2	4.065040650406504	U	TGF BETA receptor associated protein	MHS549	fungi_OG
3NY1P|Fungi	4	7.017543859649123	G	6-phosphogluconolactonase	MHS549	fungi_OG
3NY21|Fungi	1	3.4722222222222223	FJ	Cyclin-dependent protein kinase regulator Pho80	MHS549	fungi_OG
3NY50|Fungi	2	6.666666666666667	G	Glycoside hydrolase family 78 protein	MHS549	fungi_OG
3NY56|Fungi	6	10.152284263959391	BK	MACRO domain-containing protein	MHS549	fungi_OG
3NY5B|Fungi	1	3.745318352059925	P	Reversible hydration of carbon dioxide	MHS549	fungi_OG
3NY5I|Fungi	3	5.025125628140704	J	37S ribosomal protein RSM22	MHS549	fungi_OG
3NY68|Fungi	4	4.329004329004329	S	to Saccharomyces cerevisiae IVY1 (YDR229W)	MHS549	fungi_OG
3NY6X|Fungi	2	3.8314176245210727	U	Vacuolar morphogenesis protein AvaB	MHS549	fungi_OG
3NY72|Fungi	1	3.4013605442176873	OTU	Serine threonine protein kinase involved in the cytoplasm to vacuole transport (Cvt) and found to be essential in autophagy, where it is required for the formation of autophagosomes. Involved in the clearance of protein aggregates which cannot be efficiently cleared by the proteasome. Required for selective autophagic degradation of the nucleus (nucleophagy) as well as for mitophagy which contributes to regulate mitochondrial quantity and quality by eliminating the mitochondria to a basal level to fulfill cellular energy requirements and preventing excess ROS production. Also involved in endoplasmic reticulum-specific autophagic process, in selective removal of ER- associated degradation (ERAD) substrates. Plays a key role in ATG9 and ATG23 cycling through the pre-autophagosomal structure and is necessary to promote ATG18 binding to ATG9 through phosphorylation of ATG9	MHS549	fungi_OG
3NY9J|Fungi	2	7.017543859649123	T	glucosidase 2 subunit beta	MHS549	fungi_OG
3NYA4|Fungi	4	8.489368454458901	J	ribosomal protein	MHS549	fungi_OG
3NYAV|Fungi	2	3.898635477582846	S	Transcription factor Rba50	MHS549	fungi_OG
3NYBP|Fungi	8	14.732965009208103	S	duf602 domain-containing protein	MHS549	fungi_OG
3NYFR|Fungi	2	6.666666666666667	U	Belongs to the synaptobrevin family	MHS549	fungi_OG
3NYGG|Fungi	9	13.026680823372264	C	Cytochrome c oxidase is the component of the respiratory chain that catalyzes the reduction of oxygen to water. Subunits 1- 3 form the functional core of the enzyme complex. CO I is the catalytic subunit of the enzyme. Electrons originating in cytochrome c are transferred via the copper A center of subunit 2 and heme A of subunit 1 to the bimetallic center formed by heme A3 and copper B	MHS549	fungi_OG
3NYIP|Fungi	4	7.4074074074074066	L	rna exonuclease	MHS549	fungi_OG
3NYJ0|Fungi	1	3.663003663003663	A	translation initiation factor rli1	MHS549	fungi_OG
3NYK2|Fungi	4	7.246376811594202	S	calcineurin binding protein	MHS549	fungi_OG
3NYKS|Fungi	6	15.68898090637221	G	Mannosyltransferase involved in glycosylphosphatidylinositol-anchor biosynthesis	MHS549	fungi_OG
3NYKV|Fungi	2	4.246284501061571	O	Belongs to the ubiquitin-conjugating enzyme family	MHS549	fungi_OG
3NYN8|Fungi	2	3.8535645472061657	O	peptidase	MHS549	fungi_OG
3NYNR|Fungi	1	3.436426116838488	J	component of the eukaryotic translation initiation factor 3 (eIF-3) complex, which is involved in protein synthesis of a specialized repertoire of mRNAs and, together with other initiation factors, stimulates binding of mRNA and methionyl-tRNAi to the 40S ribosome. The eIF-3 complex specifically targets and initiates translation of a subset of mRNAs involved in cell proliferation	MHS549	fungi_OG
3NYPB|Fungi	2	4.7281323877068555	S	Box H ACA snoRNP assembly protein Shq1	MHS549	fungi_OG
3NYPV|Fungi	19	8.870214752567694	P	Phosphate transporter	MHS549	fungi_OG
3NYQ0|Fungi	4	8.080808080808081	C	Pyruvate dehydrogenase	MHS549	fungi_OG
3NYSA|Fungi	1	3.3333333333333335	Q	Belongs to the short-chain dehydrogenases reductases (SDR) family	MHS549	fungi_OG
3NYSW|Fungi	1	4.11522633744856	K	transcription initiation factor tfiid subunit	MHS549	fungi_OG
3NYTD|Fungi	3	6.756756756756757	S	CTD kinase subunit gamma	MHS549	fungi_OG
3NYTM|Fungi	4	9.950248756218905	P	P-Type ATPase	MHS549	fungi_OG
3NYTX|Fungi	2	5.847953216374268	MO	gpi transamidase component pig-s	MHS549	fungi_OG
3NYUK|Fungi	29	26.196928635953025	D	incompatibility protein	MHS549	fungi_OG
3NYVS|Fungi	2	5.012531328320802	G	Glycoside hydrolase family 2 protein	MHS549	fungi_OG
3NYW6|Fungi	2	4.08997955010225	S	CorA-like Mg2+ transporter protein	MHS549	fungi_OG
3NYWN|Fungi	9	11.904761904761905	UY	Importin beta-5 subunit	MHS549	fungi_OG
3NYXM|Fungi	5	13.88888888888889	L	DNA repair protein	MHS549	fungi_OG
3NYYT|Fungi	2	8.658008658008658	H	polyketide synthase	MHS549	fungi_OG
3NYZB|Fungi	2	6.116207951070336	U	RAN-specific gtpase-activating protein	MHS549	fungi_OG
3NZ1A|Fungi	7	13.333333333333332	K	RNA polymerase II subunit A C-terminal domain phosphatase SSU72	MHS549	fungi_OG
3NZ1M|Fungi	2	7.751937984496124	IQ	DNA repair protein	MHS549	fungi_OG
3NZ27|Fungi	3	12.478696760894724	O	-domain-containing protein	MHS549	fungi_OG
3NZ29|Fungi	11	6.879299562226391	U	Belongs to the adaptor complexes medium subunit family	MHS549	fungi_OG
3NZ3I|Fungi	2	8.547008547008547	I	serine-threonine kinase receptor-associated protein	MHS549	fungi_OG
3NZ4B|Fungi	5	16.335978835978835	K	transcription initiation factor RRN3	MHS549	fungi_OG
3NZ6S|Fungi	1	3.367003367003367	K	rna polymerase iii subunit	MHS549	fungi_OG
3NZ7G|Fungi	1	4.065040650406504	Z	Microtubule-associated protein	MHS549	fungi_OG
3NZ9C|Fungi	2	6.600660066006601	S	coiled-coil domain-containing protein 55	MHS549	fungi_OG
3NZ9K|Fungi	5	4.681647940074906	S	Belongs to the sterol desaturase family	MHS549	fungi_OG
3NZ9M|Fungi	4	4.4296788482834994	J	involved in ribosomal large subunit assembly	MHS549	fungi_OG
3NZ9T|Fungi	3	8.695652173913045	T	TBC1 domain family member	MHS549	fungi_OG
3NZA7|Fungi	12	6.756756756756757	S	CRAL/TRIO domain	MHS549	fungi_OG
3NZE0|Fungi	2	6.0606060606060606	D	pci domain-containing protein	MHS549	fungi_OG
3NZFK|Fungi	1	3.3333333333333335	U	Involved in the retrieval of endoplasmic reticulum membrane proteins from the early Golgi compartment	MHS549	fungi_OG
3NZH3|Fungi	10	20.239880059970012	S	Inositol hexakisphosphate	MHS549	fungi_OG
3NZK6|Fungi	8	14.571948998178506	C	Core subunit of the mitochondrial membrane respiratory chain NADH dehydrogenase (Complex I) that is believed to belong to the minimal assembly required for catalysis. Complex I functions in the transfer of electrons from NADH to the respiratory chain. The immediate electron acceptor for the enzyme is believed to be ubiquinone	MHS549	fungi_OG
3NZP3|Fungi	8	6.802721088435375	H	Metallo-hydrolase oxidoreductase	MHS549	fungi_OG
3NZP6|Fungi	7	6.17283950617284	L	Catalytic subunit of the slx1-slx4 structure-specific endonuclease that resolves DNA secondary structures generated during DNA repair and recombination. Has endonuclease activity towards branched DNA substrates, introducing single-strand cuts in duplex DNA close to junctions with ss-DNA	MHS549	fungi_OG
3NZPN|Fungi	2	4.566210045662101	S	g-patch domain-containing protein	MHS549	fungi_OG
3NZPS|Fungi	2	7.326007326007326	S	Coiled-coil domain-containing protein mtmr15	MHS549	fungi_OG
3NZQK|Fungi	3	5.617977528089887	S	Pre-rRNA-processing protein ipi-1	MHS549	fungi_OG
3NZR2|Fungi	5	6.666666666666667	I	Belongs to the CDP-alcohol phosphatidyltransferase class-I family	MHS549	fungi_OG
3NZR8|Fungi	6	12.903225806451612	T	response regulator	MHS549	fungi_OG
3NZTC|Fungi	3	3.745318352059925	CH	oxidoreductase	MHS549	fungi_OG
3NZVR|Fungi	1	3.623188405797101	F	Nucleoside transporter	MHS549	fungi_OG
3NZVT|Fungi	8	12.698412698412698	P	Destroys radicals which are normally produced within the cells and which are toxic to biological systems	MHS549	fungi_OG
3NZWT|Fungi	2	3.898635477582846	U	endoplasmic reticulum transmembrane protein	MHS549	fungi_OG
3NZYK|Fungi	3	5.235602094240838	I	Belongs to the histidine acid phosphatase family	MHS549	fungi_OG
3NZZX|Fungi	1	4.385964912280701	G	Belongs to the phosphoglycerate mutase family. BPG- dependent PGAM subfamily	MHS549	fungi_OG
3P009|Fungi	4	5.031446540880503	O	tubulin--tyrosine ligase	MHS549	fungi_OG
3P00F|Fungi	4	9.59232613908873	S	Rta1 domain protein	MHS549	fungi_OG
3P00Z|Fungi	2	5.012531328320802	A	mago nashi	MHS549	fungi_OG
3P01T|Fungi	2	4.566210045662101	U	protein-ER retention protein	MHS549	fungi_OG
3P02Z|Fungi	4	3.6730945821854912	S	Saccharomyces cerevisiae YIL096C	MHS549	fungi_OG
3P039|Fungi	4	6.734006734006734	I	Secretory lipase	MHS549	fungi_OG
3P05I|Fungi	2	10.017421602787456	U	Component of the ERMES MDM complex, which serves as a molecular tether to connect the endoplasmic reticulum and mitochondria. Components of this complex are involved in the control of mitochondrial shape and protein biogenesis and may function in phospholipid exchange. mdm10 is involved in the late assembly steps of the general translocase of the mitochondrial outer membrane (TOM complex). Functions in the tom40-specific route of the assembly of outer membrane beta-barrel proteins, including the association of tom40 with the receptor tom22 and small TOM proteins. Can associate with the SAM(core) complex as well as the mdm12-mmm1 complex, both involved in late steps of the major beta-barrel assembly pathway, that is responsible for biogenesis of all outer membrane beta-barrel proteins. May act as a switch that shuttles between both complexes and channels precursor proteins into the tom40-specific pathway. Plays a role in mitochondrial morphology and in the inheritance of mitochondria	MHS549	fungi_OG
3P06U|Fungi	2	7.8431372549019605	F	nicotinamide riboside kinase	MHS549	fungi_OG
3P07M|Fungi	1	4.065040650406504	S	Endoplasmic reticulum protein	MHS549	fungi_OG
3P081|Fungi	1	3.546099290780142	C	Belongs to the D-isomer specific 2-hydroxyacid dehydrogenase family	MHS549	fungi_OG
3P09Y|Fungi	1	4.219409282700422	I	Alpha/beta hydrolase family	MHS549	fungi_OG
3P0BQ|Fungi	3	8.460508701472557	Q	dienelactone hydrolase	MHS549	fungi_OG
3P0DQ|Fungi	1	3.8314176245210727	O	Urease accessory protein	MHS549	fungi_OG
3P0ET|Fungi	2	7.277329536465749	O	RNA methylase family protein	MHS549	fungi_OG
3P0F8|Fungi	4	7.532956685499058	E	protein N-terminal asparagine amidohydrolase	MHS549	fungi_OG
3P0FC|Fungi	3	5.88235294117647	I	Malonyl CoA-acyl carrier protein transacylase	MHS549	fungi_OG
3P0H0|Fungi	3	7.8125	C	NADH-ubiquinone oxidoreductase chain 1	MHS549	fungi_OG
3P0IY|Fungi	2	3.6429872495446265	K	Transcription factor iws-1	MHS549	fungi_OG
3P0JG|Fungi	2	5.420054200542006	A	Component of the spliceosomal U1 snRNP, which is essential for recognition of the pre-mRNA 5' splice-site and the subsequent assembly of the spliceosome. U1-C is directly involved in initial 5' splice-site recognition for both constitutive and regulated alternative splicing. The interaction with the 5' splice-site seems to precede base-pairing between the pre-mRNA and the U1 snRNA. Stimulates commitment or early (E) complex formation by stabilizing the base pairing of the 5' end of the U1 snRNA and the 5' splice-site region	MHS549	fungi_OG
3P0NU|Fungi	1	4.166666666666667	G	Gluconolactonase	MHS549	fungi_OG
3P0R9|Fungi	8	14.015776481878449	H	Encoded by	MHS549	fungi_OG
3P0TX|Fungi	2	10.256410256410255	S	adaptin ear-binding coat-associated protein	MHS549	fungi_OG
3P0U2|Fungi	4	8.471528471528472	U	Catalytic component of the signal peptidase complex (SPC), which catalyzes the cleavage of N-terminal signal sequences of proteins targeted to the endoplasmic reticulum. Signal peptide cleavage occurs during the translocation (cotranslationally or post-translationally) through the translocon pore into the endoplasmic reticulum	MHS549	fungi_OG
3P0UF|Fungi	25	15.576323987538942	S	A Receptor for Ubiquitination Targets	MHS549	fungi_OG
3P0YP|Fungi	6	7.968127490039841	F	adenosine deaminase	MHS549	fungi_OG
3P10N|Fungi	1	3.546099290780142	S	Domain in Tre-2, BUB2p, and Cdc16p. Probable Rab-GAPs.	MHS549	fungi_OG
3P13Z|Fungi	3	11.188364101334612	U	protein particle complex subunit	MHS549	fungi_OG
3P14V|Fungi	6	7.142857142857143	S	dna polymerase subunit cdc27	MHS549	fungi_OG
3P17X|Fungi	1	4.694835680751174	K	SWIB MDM2 domain protein	MHS549	fungi_OG
3P188|Fungi	1	6.172839506172839	S	Cortical patch protein	MHS549	fungi_OG
3P1AY|Fungi	4	4.813477737665464	V	HVA22 domain membrane protein	MHS549	fungi_OG
3P1DK|Fungi	1	4.830917874396135	S	Lissencephaly type-1-like homology motif	MHS549	fungi_OG
3P1FI|Fungi	3	6.622516556291391	L	DNA-(apurinic or apyrimidinic site) lyase	MHS549	fungi_OG
3P1KE|Fungi	4	12.917248874398386	S	TIM barrel metal-dependent hydrolase	MHS549	fungi_OG
3P1QY|Fungi	2	8.771929824561402	O	peptidyl-prolyl cis-trans isomerase	MHS549	fungi_OG
3P1R2|Fungi	1	3.3333333333333335	J	Belongs to the universal ribosomal protein uS15 family	MHS549	fungi_OG
3P1R3|Fungi	2	6.0606060606060606	AD	mitosis protein dim1	MHS549	fungi_OG
3P1RH|Fungi	2	3.663003663003663	J	Belongs to the universal ribosomal protein uL22 family	MHS549	fungi_OG
3P1RT|Fungi	6	17.9309796437659	B	histone h3	MHS549	fungi_OG
3P1SG|Fungi	3	12.345679012345679	K	Rna polymerase ii	MHS549	fungi_OG
3P1T7|Fungi	1	3.584229390681003	O	Belongs to the SKP1 family	MHS549	fungi_OG
3P1TH|Fungi	2	11.695906432748536	P	Proton-conducting pore forming subunit of the membrane integral V0 complex of vacuolar ATPase. V-ATPase is responsible for acidifying a variety of intracellular compartments in eukaryotic cells	MHS549	fungi_OG
3P1VH|Fungi	4	12.012012012012011	O	PPIases accelerate the folding of proteins. It catalyzes the cis-trans isomerization of proline imidic peptide bonds in oligopeptides	MHS549	fungi_OG
3P1WC|Fungi	2	12.121212121212121	O	Belongs to the ubiquitin-conjugating enzyme family	MHS549	fungi_OG
3P1WW|Fungi	6	20.202020202020204	T	Gaf domain nucleotide-binding protein	MHS549	fungi_OG
3P1WX|Fungi	1	3.9215686274509802	U	Sorting nexin-3	MHS549	fungi_OG
3P1X6|Fungi	1	3.663003663003663	OTU	Er-derived vesicles protein erv14	MHS549	fungi_OG
3P1XW|Fungi	3	5.747126436781609	U	Peroxisomal membrane protein	MHS549	fungi_OG
3P1XY|Fungi	4	10.666666666666666	K	Cell cycle control protein Cwf14	MHS549	fungi_OG
3P1Y2|Fungi	2	4.065040650406504	J	ribosomal protein	MHS549	fungi_OG
3P1ZM|Fungi	2	4.246284501061571	J	ribosomal protein	MHS549	fungi_OG
3P22K|Fungi	1	3.7037037037037033	J	Translin-associated protein X	MHS549	fungi_OG
3P25D|Fungi	3	9.25925925925926	O	Belongs to the class VI-like SAM-binding methyltransferase superfamily. Isoprenylcysteine carboxyl methyltransferase family	MHS549	fungi_OG
3P274|Fungi	1	3.7037037037037033	F	Nucleoside diphosphate kinase	MHS549	fungi_OG
3P27E|Fungi	1	4.273504273504273	C	Ubiquinol cytochrome-c reductase assembly protein Cbp3	MHS549	fungi_OG
3P284|Fungi	2	3.7037037037037033	PQ	reductase	MHS549	fungi_OG
3P285|Fungi	6	17.83783783783784	J	60s ribosomal protein	MHS549	fungi_OG
3P28S|Fungi	1	3.745318352059925	O	Belongs to the ubiquitin-conjugating enzyme family	MHS549	fungi_OG
3P2CC|Fungi	6	13.088837685611878	S	Domain of unknown function (DUF4112)	MHS549	fungi_OG
3P2DM|Fungi	2	3.8095238095238093	S	Mis12 protein	MHS549	fungi_OG
3P2G3|Fungi	2	3.9447731755424065	D	pci domain-containing protein	MHS549	fungi_OG
3P2GK|Fungi	3	8.486931167343538	S	N-acetyltransferase	MHS549	fungi_OG
3P2HC|Fungi	2	3.3500837520938025	J	ribosomal protein	MHS549	fungi_OG
3P2I4|Fungi	15	45.44210901722219	I	LAGLIDADG endonuclease	MHS549	fungi_OG
3P2JW|Fungi	4	10.148186588248862	U	Trafficking protein particle complex subunit 2	MHS549	fungi_OG
3P2MG|Fungi	3	12.345679012345679	S	NA	MHS549	fungi_OG
3P2Q0|Fungi	2	8.333333333333334	OU	Vacuolar transporter chaperone 1	MHS549	fungi_OG
3P2QE|Fungi	2	6.230529595015576	S	NA	MHS549	fungi_OG
3P2R7|Fungi	3	10.732323232323232	AJ	ribonucleoprotein-associated protein	MHS549	fungi_OG
3P2RD|Fungi	2	7.4074074074074066	O	peptide methionine sulfoxide reductase	MHS549	fungi_OG
3P2S3|Fungi	2	5.376344086021505	O	nucleotide exchange factor	MHS549	fungi_OG
3P2SD|Fungi	2	4.273504273504273	U	Belongs to the SNF7 family	MHS549	fungi_OG
3P2T2|Fungi	6	25.925925925925924	O	Disrupter of telomere silencing protein	MHS549	fungi_OG
3P2UA|Fungi	1	3.9682539682539684	A	U1 zinc finger	MHS549	fungi_OG
3P2VY|Fungi	4	8.830022075055187	CO	Links covalently the heme group to the apoprotein of cytochrome c	MHS549	fungi_OG
3P2WB|Fungi	1	3.5087719298245617	J	60S ribosomal protein L22	MHS549	fungi_OG
3P2WD|Fungi	1	3.7037037037037033	S	NA	MHS549	fungi_OG
3P2XN|Fungi	5	11.983434663847035	T	HIT family protein 1	MHS549	fungi_OG
3P2ZM|Fungi	2	5.555555555555555	K	Belongs to the DHHC palmitoyltransferase family	MHS549	fungi_OG
3P30A|Fungi	1	3.5087719298245617	A	rna-binding domain-containing protein	MHS549	fungi_OG
3P30J|Fungi	1	5.05050505050505	H	5-formyltetrahydrofolate cyclo-ligase	MHS549	fungi_OG
3P34B|Fungi	3	12.658227848101266	C	Mitochondrial membrane ATP synthase (F(1)F(0) ATP synthase or Complex V) produces ATP from ADP in the presence of a proton gradient across the membrane which is generated by electron transport complexes of the respiratory chain. F-type ATPases consist of two structural domains, F(1) - containing the extramembraneous catalytic core, and F(0) - containing the membrane proton channel, linked together by a central stalk and a peripheral stalk. During catalysis, ATP synthesis in the catalytic domain of F(1) is coupled via a rotary mechanism of the central stalk subunits to proton translocation. Part of the complex F(0) domain and the peripheric stalk, which acts as a stator to hold the catalytic alpha(3)beta(3) subcomplex and subunit a ATP6 static relative to the rotary elements	MHS549	fungi_OG
3P3DF|Fungi	1	3.436426116838488	J	Translation Initiation Factor	MHS549	fungi_OG
3P3FS|Fungi	2	4.830917874396135	S	pre-mRNA-splicing factor spp2	MHS549	fungi_OG
3P3I1|Fungi	3	8.333333333333334	BT	Cupin-like domain	MHS549	fungi_OG
3P3IH|Fungi	5	9.418073837698888	S	LAGLIDADG endonuclease	MHS549	fungi_OG
3P3K9|Fungi	4	8.385744234800839	S	Protein of unknown function (DUF2456)	MHS549	fungi_OG
3P3UA|Fungi	3	11.971347267196546	S	zinc- finger protein	MHS549	fungi_OG
3P3UE|Fungi	3	4.784688995215311	DO	Component of the anaphase promoting complex cyclosome (APC C), a cell cycle-regulated E3 ubiquitin-protein ligase complex that controls progression through mitosis and the G1 phase of the cell cycle	MHS549	fungi_OG
3P3UN|Fungi	2	7.246376811594202	J	transcription initiation factor	MHS549	fungi_OG
3P3VF|Fungi	1	3.663003663003663	J	40S ribosomal protein S20	MHS549	fungi_OG
3P3VM|Fungi	1	4.219409282700422	U	protein particle complex subunit	MHS549	fungi_OG
3P3Z7|Fungi	1	4.166666666666667	B	SET domain	MHS549	fungi_OG
3P3ZS|Fungi	6	19.801980198019802	J	Belongs to the universal ribosomal protein uS13 family	MHS549	fungi_OG
3P40N|Fungi	2	5.555555555555555	J	Belongs to the eukaryotic ribosomal protein eS26 family	MHS549	fungi_OG
3P40Q|Fungi	1	3.436426116838488	K	factor 1	MHS549	fungi_OG
3P40W|Fungi	8	22.792022792022795	S	mitochondrial import inner membrane translocase subunit tim16	MHS549	fungi_OG
3P426|Fungi	1	4.830917874396135	S	Duf757 domain-containing protein	MHS549	fungi_OG
3P446|Fungi	2	7.369614512471656	C	component of the ubiquinol-cytochrome c reductase complex (complex III or cytochrome b-c1 complex), which is part of the mitochondrial respiratory chain	MHS549	fungi_OG
3P44I|Fungi	2	3.4722222222222223	S	NA	MHS549	fungi_OG
3P44P|Fungi	2	4.866180048661801	V	DJ-1/PfpI family	MHS549	fungi_OG
3P44Q|Fungi	3	5.681818181818182	P	oxidoreductase chain 6	MHS549	fungi_OG
3P453|Fungi	5	16.501650165016503	O	josephin-domain-containing protein	MHS549	fungi_OG
3P457|Fungi	3	7.579672695951765	S	NA	MHS549	fungi_OG
3P45B|Fungi	1	4.444444444444445	Z	Dynein light chain	MHS549	fungi_OG
3P46H|Fungi	1	4.219409282700422	K	DNA-directed RNA polymerases i	MHS549	fungi_OG
3P471|Fungi	2	8.438818565400844	S	Cytochrome c oxidase assembly protein cox-16	MHS549	fungi_OG
3P483|Fungi	1	4.385964912280701	C	Zinc-binding dehydrogenase	MHS549	fungi_OG
3P488|Fungi	2	9.132420091324201	L	dna replication complex gins protein psf2	MHS549	fungi_OG
3P49B|Fungi	4	6.5359477124183005	S	NA	MHS549	fungi_OG
3P4A0|Fungi	1	6.0606060606060606	S	Spo7-like protein	MHS549	fungi_OG
3P4B8|Fungi	2	7.4074074074074066	J	ribosomal protein	MHS549	fungi_OG
3P4CG|Fungi	1	4.62962962962963	S	P-loop containing nucleoside triphosphate hydrolase protein	MHS549	fungi_OG
3P4CX|Fungi	8	11.157601115760112	P	Reversible hydration of carbon dioxide	MHS549	fungi_OG
3P4EN|Fungi	1	4.11522633744856	S	Transferase family	MHS549	fungi_OG
3P4ET|Fungi	6	17.094017094017094	O	Prefoldin subunit 1	MHS549	fungi_OG
3P4F5|Fungi	2	9.389671361502348	O	LAGLIDADG DNA endonuclease family	MHS549	fungi_OG
3P4GE|Fungi	1	4.901960784313726	S	Translation machinery-associated protein	MHS549	fungi_OG
3P4IU|Fungi	6	10.659340659340659	K	UPF0172-domain-containing protein	MHS549	fungi_OG
3P4J3|Fungi	2	4.08997955010225	S	WD40 repeats	MHS549	fungi_OG
3P4JC|Fungi	8	9.324009324009324	S	NA	MHS549	fungi_OG
3P4KD|Fungi	1	4.273504273504273	J	54S ribosomal protein L31, mitochondrial	MHS549	fungi_OG
3P4MN|Fungi	2	4.385964912280701	S	Protein of unknown function (DUF3445)	MHS549	fungi_OG
3P4NE|Fungi	1	4.219409282700422	O	Binds specifically to cytosolic chaperonin (c-CPN) and transfers target proteins to it. Binds to nascent polypeptide chain and promotes folding in an environment in which there are many competing pathways for nonnative proteins	MHS549	fungi_OG
3P4W1|Fungi	1	3.623188405797101	B	Chromatin organization modifier domain	MHS549	fungi_OG
3P4X7|Fungi	1	3.745318352059925	O	peroxiredoxin activity	MHS549	fungi_OG
3P4Z5|Fungi	3	5.2631578947368425	S	NA	MHS549	fungi_OG
3P53A|Fungi	2	3.7243947858472994	S	mitochondrial import protein	MHS549	fungi_OG
3P53R|Fungi	2	9.00900900900901	J	Belongs to the eukaryotic ribosomal protein eL36 family	MHS549	fungi_OG
3P544|Fungi	2	6.0606060606060606	S	Belongs to the EMC4 family	MHS549	fungi_OG
3P54J|Fungi	2	7.575757575757575	S	NA	MHS549	fungi_OG
3P557|Fungi	1	4.016064257028113	J	40s ribosomal protein s27	MHS549	fungi_OG
3P56M|Fungi	1	3.5087719298245617	A	u6 snrna-associated sm-like protein lsm7	MHS549	fungi_OG
3P56T|Fungi	1	5.847953216374268	K	Belongs to the SKP1 family	MHS549	fungi_OG
3P56Z|Fungi	3	8.264462809917356	S	Optic atrophy 3 family protein	MHS549	fungi_OG
3P571|Fungi	3	7.936507936507937	A	Binds specifically to the 3'-terminal U-tract of U6 snRNA	MHS549	fungi_OG
3P59A|Fungi	1	5.05050505050505	S	Belongs to the cytochrome b5 family	MHS549	fungi_OG
3P5B7|Fungi	1	4.273504273504273	O	Ubiquitin-like protein	MHS549	fungi_OG
3P5BN|Fungi	2	4.329004329004329	I	Essential subunit of the N-oligosaccharyl transferase (OST) complex which catalyzes the transfer of a high mannose oligosaccharide from a lipid-linked oligosaccharide donor to an asparagine residue within an Asn-X-Ser Thr consensus motif in nascent polypeptide chains	MHS549	fungi_OG
3P5BZ|Fungi	2	8.771929824561402	A	Splicing factor 3b subunit	MHS549	fungi_OG
3P5CB|Fungi	1	3.4722222222222223	C	Core subunit of the mitochondrial membrane respiratory chain NADH dehydrogenase (Complex I) that is believed to belong to the minimal assembly required for catalysis. Complex I functions in the transfer of electrons from NADH to the respiratory chain. The immediate electron acceptor for the enzyme is believed to be ubiquinone	MHS549	fungi_OG
3P5CT|Fungi	1	4.385964912280701	S	endoribonuclease activity	MHS549	fungi_OG
3P5D2|Fungi	1	3.7037037037037033	C	Ubiquinol-cytochrome C reductase	MHS549	fungi_OG
3P5D4|Fungi	2	5.698005698005699	O	Belongs to the GroES chaperonin family	MHS549	fungi_OG
3P5DA|Fungi	6	13.333333333333332	L	AAA domain	MHS549	fungi_OG
3P5IK|Fungi	2	7.326007326007326	P	Belongs to the mitochondrial carrier (TC 2.A.29) family	MHS549	fungi_OG
3P5JB|Fungi	1	3.367003367003367	S	Saccharomyces cerevisiae YCR051W	MHS549	fungi_OG
3P5JD|Fungi	2	6.0606060606060606	K	Transcription factor	MHS549	fungi_OG
3P5MZ|Fungi	10	29.993872549019606	U	PRELI-like family	MHS549	fungi_OG
3P5NB|Fungi	5	6.459948320413437	S	pre-rRNA-processing protein TSR2	MHS549	fungi_OG
3P5PV|Fungi	1	5.847953216374268	J	40S ribosomal protein S25	MHS549	fungi_OG
3P5QT|Fungi	3	10.101010101010102	S	NA	MHS549	fungi_OG
3P5RS|Fungi	1	3.546099290780142	S	DASH complex subunit DAD2	MHS549	fungi_OG
3P5RW|Fungi	3	10.867761738841878	O	DUF1000-domain-containing protein	MHS549	fungi_OG
3P5UF|Fungi	2	3.603603603603603	S	PIN domain-like protein	MHS549	fungi_OG
3P5XK|Fungi	1	5.952380952380952	A	Domain with 2 conserved Trp (W) residues	MHS549	fungi_OG
3P68D|Fungi	2	7.4074074074074066	S	NA	MHS549	fungi_OG
3P68X|Fungi	1	3.4013605442176873	S	NA	MHS549	fungi_OG
3P69I|Fungi	1	3.745318352059925	D	Programmed cell death protein 5	MHS549	fungi_OG
3P6AC|Fungi	9	8.42696629213483	DZ	Regulator of chromosome condensation (RCC1) repeat	MHS549	fungi_OG
3P6BS|Fungi	4	11.204481792717088	U	Modifier of rudimentary (Mod(r)) protein	MHS549	fungi_OG
3P6FC|Fungi	2	7.662835249042145	CO	queuosine biosynthetic process	MHS549	fungi_OG
3P6G3|Fungi	1	4.385964912280701	T	Domain present in phytochromes and cGMP-specific phosphodiesterases.	MHS549	fungi_OG
3P6KZ|Fungi	6	11.76470588235294	S	RNase P subunit Pop3	MHS549	fungi_OG
3P6MM|Fungi	2	4.830917874396135	G	phosphoglycerate	MHS549	fungi_OG
3P6N1|Fungi	2	5.649717514124294	U	mitochondrial import receptor subunit tom22	MHS549	fungi_OG
3P6QC|Fungi	1	4.329004329004329	S	ER membrane protein SH3	MHS549	fungi_OG
3P6RT|Fungi	1	4.273504273504273	U	Translocase SEC61 complex gamma subunit	MHS549	fungi_OG
3P6SP|Fungi	10	33.886760323541935	T	Belongs to the BolA IbaG family	MHS549	fungi_OG
3P6TK|Fungi	3	5.847953216374269	S	Protein phosphatase inhibitor 2 (IPP-2)	MHS549	fungi_OG
3P6WF|Fungi	1	3.9682539682539684	J	Belongs to the eukaryotic ribosomal protein eL29 family	MHS549	fungi_OG
3P6XG|Fungi	1	5.649717514124294	S	NADH-ubiquinone reductase complex 1 MLRQ subunit	MHS549	fungi_OG
3P6YD|Fungi	3	5.4945054945054945	E	Sgf11 (transcriptional regulation protein)	MHS549	fungi_OG
3P6Z3|Fungi	2	5.291005291005291	S	Dash complex subunit dad3	MHS549	fungi_OG
3P6Z5|Fungi	1	3.4013605442176873	K	Histone-like transcription factor and archaeal histone family protein	MHS549	fungi_OG
3P6ZX|Fungi	1	6.0606060606060606	C	Belongs to the complex I LYR family	MHS549	fungi_OG
3P70A|Fungi	3	11.690821256038646	S	DASH complex subunit DAD1	MHS549	fungi_OG
3P711|Fungi	2	3.745318352059925	A	Belongs to the complex I LYR family	MHS549	fungi_OG
3P71K|Fungi	3	4.672897196261682	S	complex subunit Ies6	MHS549	fungi_OG
3P72N|Fungi	4	6.201550387596899	O	Glutaredoxin	MHS549	fungi_OG
3P73U|Fungi	4	5.9790732436472345	K	transcription initiation factor	MHS549	fungi_OG
3P73Y|Fungi	1	4.504504504504505	O	Cx9C motif-containing protein 4, mitochondrial	MHS549	fungi_OG
3P77H|Fungi	1	3.4722222222222223	O	DnaJ molecular chaperone homology domain	MHS549	fungi_OG
3P77V|Fungi	4	9.950248756218905	K	Zinc finger, C2H2 type	MHS549	fungi_OG
3P780|Fungi	2	7.092198581560284	S	Small secreted protein	MHS549	fungi_OG
3P783|Fungi	9	23.565323565323567	C	Core subunit of the mitochondrial membrane respiratory chain NADH dehydrogenase (Complex I) that is believed to belong to the minimal assembly required for catalysis. Complex I functions in the transfer of electrons from NADH to the respiratory chain. The immediate electron acceptor for the enzyme is believed to be ubiquinone	MHS549	fungi_OG
3P7BC|Fungi	1	4.385964912280701	P	Belongs to the ATPase C chain family	MHS549	fungi_OG
3P7CI|Fungi	3	12.5	S	NA	MHS549	fungi_OG
3P7DB|Fungi	5	7.473841554559043	S	Caffeine-induced death protein 2	MHS549	fungi_OG
3P7GT|Fungi	1	3.875968992248062	S	Uncharacterised protein family, YAP/Alf4/glomulin	MHS549	fungi_OG
3P7GU|Fungi	1	4.219409282700422	S	NA	MHS549	fungi_OG
3P7M7|Fungi	2	12.345679012345679	I	This small integral protein plays a role in holoenzyme assembly or stability	MHS549	fungi_OG
3P7MQ|Fungi	3	7.366707366707367	K	Component of the Mediator complex, a coactivator involved in the regulated transcription of nearly all RNA polymerase II-dependent genes. Mediator functions as a bridge to convey information from gene-specific regulatory proteins to the basal RNA polymerase II transcription machinery. Mediator is recruited to promoters by direct interactions with regulatory proteins and serves as a scaffold for the assembly of a functional preinitiation complex with RNA polymerase II and the general transcription factors	MHS549	fungi_OG
3P7QB|Fungi	2	6.734006734006734	S	Protein of unknown function (DUF423)	MHS549	fungi_OG
3P7TU|Fungi	4	7.532956685499058	S	Protein of unknown function (DUF2034)	MHS549	fungi_OG
3P7V5|Fungi	14	18.192422635688807	J	NA	MHS549	fungi_OG
3P7X2|Fungi	4	12.67686561804209	K	Subunit 21 of Mediator complex	MHS549	fungi_OG
3P7YW|Fungi	5	7.309941520467835	S	WD repeat domain 74	MHS549	fungi_OG
3P80Y|Fungi	16	21.62741985750835	S	Sel1-like repeats.	MHS549	fungi_OG
3P872|Fungi	1	3.8314176245210727	O	Glutathione S-transferase, C-terminal domain	MHS549	fungi_OG
3P88Q|Fungi	1	4.901960784313726	S	NA	MHS549	fungi_OG
3P8AH|Fungi	5	16.33986928104575	V	Tyrosine phosphatase family	MHS549	fungi_OG
3P8G9|Fungi	1	6.410256410256411	S	atp synthase	MHS549	fungi_OG
3P8GI|Fungi	2	8.130081300813009	S	N-terminal domain of NEFA-interacting nuclear protein NIP30	MHS549	fungi_OG
3P8GP|Fungi	6	6.825938566552901	J	NA	MHS549	fungi_OG
3P8HN|Fungi	6	5.524861878453038	S	NA	MHS549	fungi_OG
3P8I2|Fungi	2	8.032128514056225	S	Sin3 associated polypeptide p18 (SAP18)	MHS549	fungi_OG
3P8JN|Fungi	1	6.172839506172839	S	Translation machinery associated TMA7	MHS549	fungi_OG
3P8K8|Fungi	2	7.751937984496124	C	Glutaredoxin-like domain (DUF836)	MHS549	fungi_OG
3P8ND|Fungi	2	10.215927559786394	S	DASH complex subunit Dad4	MHS549	fungi_OG
3P8NH|Fungi	1	4.385964912280701	S	Mitochondrial ATPase inhibitor, IATP	MHS549	fungi_OG
3P8RY|Fungi	1	3.367003367003367	S	NA	MHS549	fungi_OG
3P8WV|Fungi	1	4.016064257028113	S	NA	MHS549	fungi_OG
3P8ZM|Fungi	2	4.47427293064877	S	Sen15 protein	MHS549	fungi_OG
3P94E|Fungi	7	29.518449030644152	S	NA	MHS549	fungi_OG
3P95P|Fungi	1	3.546099290780142	S	NA	MHS549	fungi_OG
3P95S|Fungi	5	9.107468123861565	S	Nuclear cap-binding protein subunit 3	MHS549	fungi_OG
3P973|Fungi	3	17.24137931034483	S	NA	MHS549	fungi_OG
3P996|Fungi	1	4.329004329004329	S	Protein of unknown function (DUF2611)	MHS549	fungi_OG
3P9AW|Fungi	1	3.9682539682539684	S	NA	MHS549	fungi_OG
3P9BU|Fungi	2	4.415011037527593	S	NA	MHS549	fungi_OG
3P9C4|Fungi	2	6.944444444444445	S	NA	MHS549	fungi_OG
3P9F4|Fungi	6	8.771929824561402	S	NA	MHS549	fungi_OG
3P9F9|Fungi	7	6.340579710144927	S	NA	MHS549	fungi_OG
3P9FB|Fungi	3	5.555555555555555	T	NUDIX domain	MHS549	fungi_OG
3P9GE|Fungi	2	8.438818565400844	S	Spc24 subunit of Ndc80	MHS549	fungi_OG
3PAQW|Fungi	14	9.907997169143666	O	BCS1 N terminal	MHS549	fungi_OG
3PAZ5|Fungi	7	13.257575757575758	S	Alpha/beta hydrolase family	MHS549	fungi_OG
3PB11|Fungi	3	9.517568495288025	P	Belongs to the major facilitator superfamily. Sugar transporter (TC 2.A.1.1) family	MHS549	fungi_OG
3PBGM|Fungi	4	9.070294784580499	S	NA	MHS549	fungi_OG
3PCHZ|Fungi	1	4.329004329004329	L	BRCA2, helical	MHS549	fungi_OG
3PEGK|Fungi	1	3.9215686274509802	S	NA	MHS549	fungi_OG
3PHVZ|Fungi	1	4.901960784313726	S	NA	MHS549	fungi_OG
3PJTR|Fungi	5	12.43781094527363	S	NA	MHS549	fungi_OG
3PJUW|Fungi	2	3.3840947546531304	S	NA	MHS549	fungi_OG
3PJV4|Fungi	3	8.604101379954917	J	NA	MHS549	fungi_OG
3PKH6|Fungi	2	9.00900900900901	S	NA	MHS549	fungi_OG
3PKHB|Fungi	5	5.175983436853002	B	high mobility group	MHS549	fungi_OG
3PKN0|Fungi	6	6.600660066006601	S	NA	MHS549	fungi_OG
3PKUF|Fungi	2	7.730364873222016	S	NA	MHS549	fungi_OG
3PM75|Fungi	2	5.167958656330749	S	2'-5' RNA ligase superfamily	MHS549	fungi_OG
3PM92|Fungi	1	4.11522633744856	S	NA	MHS549	fungi_OG
3PNHB|Fungi	1	3.623188405797101	P	NADH dehydrogenase (quinone) activity	MHS549	fungi_OG
3PNHI|Fungi	2	5.899705014749262	S	NA	MHS549	fungi_OG
3PPIP|Fungi	2	6.666666666666667	S	Mis12-Mtw1 protein family	MHS549	fungi_OG
3PS8M|Fungi	5	17.18213058419244	S	NA	MHS549	fungi_OG
3PSBM|Fungi	1	4.385964912280701	S	NA	MHS549	fungi_OG
3PTD3|Fungi	2	5.847953216374268	S	NA	MHS549	fungi_OG
3PUBK|Fungi	2	3.875968992248062	S	NA	MHS549	fungi_OG
3PUJR|Fungi	82	230.90682055954915	S	NA	MHS549	fungi_OG
3PUXK|Fungi	3	13.157894736842104	S	NA	MHS549	fungi_OG
3PVJ5|Fungi	4	9.59232613908873	S	NA	MHS549	fungi_OG
3PWH1|Fungi	63	35.058430717863104	S	Uncharacterized conserved protein (DUF2075)	MHS549	fungi_OG
3PZWQ|Fungi	2	7.49063670411985	S	DASH complex subunit Hsk3 like	MHS549	fungi_OG
3Q11S|Fungi	2	4.566210045662101	E	Cytosol aminopeptidase family, catalytic domain	MHS549	fungi_OG
3Q1E0|Fungi	2	6.872852233676976	K	Mss4 protein	MHS549	fungi_OG
3Q327|Fungi	9	5.847953216374269	S	LisH	MHS549	fungi_OG
3Q36B|Fungi	8	13.60544217687075	S	fad dependent oxidoreductase	MHS549	fungi_OG
3Q37P|Fungi	1	3.367003367003367	Z	Belongs to the actin family	MHS549	fungi_OG
3Q3AC|Fungi	2	7.017543859649123	S	trm112p-domain-containing protein	MHS549	fungi_OG
3Q3BT|Fungi	1	5.291005291005291	UY	Nucleoporin complex subunit 54	MHS549	fungi_OG
3Q3C0|Fungi	3	5	Z	Cytoskeleton assembly control protein	MHS549	fungi_OG
3Q3CK|Fungi	2	7.246376811594202	O	Required for mitochondrial cytochrome c oxidase (COX) assembly and respiration	MHS549	fungi_OG
3Q3CU|Fungi	2	8.88888888888889	S	Domain of unknown function (DUF1992)	MHS549	fungi_OG
3Q3HF|Fungi	5	3.7878787878787876	J	Ribosomal protein L23	MHS549	fungi_OG
3Q3T5|Fungi	1	4.761904761904762	S	TRAPP trafficking subunit Trs65	MHS549	fungi_OG
3Q3UA|Fungi	1	3.9215686274509802	O	Subtilisin-like protein	MHS549	fungi_OG
3Q401|Fungi	2	3.4542314335060453	S	Domain of unknown function (DUF4078)	MHS549	fungi_OG
3Q47X|Fungi	4	7.619047619047619	L	Encoded by	MHS549	fungi_OG
3Q49I|Fungi	2	5.012531328320802	G	phosphoglycerate mutase family protein	MHS549	fungi_OG
3Q4CQ|Fungi	2	7.751937984496124	S	PWWP domain	MHS549	fungi_OG
3Q4EM|Fungi	1	3.546099290780142	C	Nitrate reductase	MHS549	fungi_OG
3Q4G2|Fungi	1	3.3333333333333335	S	Pyridoxamine 5'-phosphate oxidase	MHS549	fungi_OG
3Q4MC|Fungi	2	8.333333333333334	S	Bin/amphiphysin/Rvs domain for vesicular trafficking	MHS549	fungi_OG
3Q4ZX|Fungi	2	4.444444444444445	S	NA	MHS549	fungi_OG
3Q54N|Fungi	8	8.94854586129754	EH	Indoleamine 2,3-dioxygenase	MHS549	fungi_OG
3Q5Y9|Fungi	6	18.34862385321101	A	snRNP Sm proteins	MHS549	fungi_OG
3Q6YH|Fungi	1	4.11522633744856	S	Belongs to the complex I LYR family	MHS549	fungi_OG
