3.09	235252	0	0	unclassified
25.99	1980752	98919354	607526	 Cutibacterium acnes
0.00	200	6601	1602	 Cutibacterium modestum
0.00	47	1990	858	 Cutibacterium avidum
0.00	11	479	100	 Cutibacterium granulosum
0.00	156	819	22	 Tessaracoccus sp. J1M15
0.00	43	291	21	 Tessaracoccus aquimaris
0.00	6	79	15	 Tessaracoccus defluvii
0.00	2	187	16	 Tessaracoccus flavescens
0.00	1	153	15	 Tessaracoccus flavus
0.00	1	153	13	 Tessaracoccus timonensis
0.00	82	503	12	 Auraticoccus monumenti
0.00	48	714	97	 Acidipropionibacterium jensenii
0.00	10	471	66	 Acidipropionibacterium acidipropionici
0.00	26	154	12	 Microlunatus sagamiharensis
0.00	14	565	41	 Propionibacterium freudenreichii
0.00	1	16	12	 Propionibacterium acidifaciens
0.00	13	288	12	 Raineyella sp. CBA3103
0.00	3	188	15	 Brevilactibacter coleopterorum
0.00	1	184	24	 Brevilactibacter sp. MC1595
0.00	3	389	19	 Arachnia propionica
0.00	47	253	9	 Nocardioides sp. CF8
0.00	15	157	8	 Nocardioides sp. WS12
0.00	5	152	10	 Nocardioides sp. HY056
0.00	4	108	10	 Nocardioides sp. SCSIO 67246
0.00	1	5	5	 Nocardioides sp. S5
0.00	1	98	6	 Nocardioides sp. G188
0.00	1	21	15	 Nocardioides sp. S-1144
0.00	1	73	7	 Nocardioides sp. zg-579
0.00	47	307	10	 Nocardioides piscis
0.00	29	167	8	 Nocardioides rotundus
0.00	21	124	5	 Nocardioides marinisabuli
0.00	6	189	8	 Nocardioides dongkuii
0.00	4	247	9	 Nocardioides anomalus
0.00	2	72	10	 Nocardioides daphniae
0.00	1	154	13	 Nocardioides mesophilus
0.00	1	73	14	 Nocardioides euryhalodurans
0.00	99	329	14	 Pimelobacter simplex
0.00	39	162	13	 Micropruina glycogenica
0.00	4	269	12	 Aeromicrobium marinum
0.00	1	12	10	 Aeromicrobium erythreum
0.00	4	231	9	 Marmoricola scoriae
0.00	1	144	8	 Mumia sp. ZJ1417
0.00	150	1044	16	 Actinopolymorpha singaporensis
17.48	1332421	58335603	536279	 Corynebacterium resistens
0.15	11718	393734	1120	 Corynebacterium jeikeium
0.07	5293	117000	479	 Corynebacterium urogenitale
0.06	4857	64691	732	 Corynebacterium striatum
0.04	3306	39160	320	 Corynebacterium glaucum
0.03	2500	32850	358	 Corynebacterium aurimucosum
0.03	2067	25751	257	 Corynebacterium diphtheriae
0.02	1773	19187	228	 Corynebacterium coyleae
0.01	1026	5770	39	 Corynebacterium propinquum
0.01	930	11775	112	 Corynebacterium simulans
0.01	837	3152	36	 Corynebacterium endometrii
0.01	797	10791	115	 Corynebacterium timonense
0.00	354	2141	20	 Corynebacterium sp. FDAARGOS 1242
0.00	159	1004	29	 Corynebacterium sp. zg-917
0.00	47	5656	90	 Corynebacterium sp. zg-320
0.00	45	305	10	 Corynebacterium sp. 4H37-19
0.00	29	1673	28	 Corynebacterium sp. 1959
0.00	26	509	16	 Corynebacterium sp. 2039
0.00	16	358	6	 Corynebacterium sp. NML93-0612
0.00	7	438	12	 Corynebacterium sp. sy039
0.00	6	273	21	 Corynebacterium sp. NML98-0116
0.00	1	303	20	 Corynebacterium sp. 2019
0.01	663	4036	71	 Corynebacterium amycolatum
0.01	594	8466	129	 Corynebacterium urealyticum
0.01	588	5274	105	 Corynebacterium riegelii
0.01	547	5106	39	 Corynebacterium doosanense
0.01	519	7293	27	 Corynebacterium imitans
0.01	512	3360	100	 Corynebacterium macginleyi
0.01	495	8274	100	 Corynebacterium falsenii
0.01	459	5345	71	 Corynebacterium kefirresidentii
0.00	351	3013	44	 Corynebacterium atypicum
0.00	341	2789	33	 Corynebacterium callunae
0.00	340	2586	60	 Corynebacterium glutamicum
0.00	264	6425	68	 Corynebacterium anserum
0.00	242	5451	30	 Corynebacterium yudongzhengii
0.00	217	2388	77	 Corynebacterium tuberculostearicum
0.00	192	2255	28	 Corynebacterium kutscheri
0.00	169	668	23	 Corynebacterium genitalium
0.00	151	1038	41	 Corynebacterium singulare
0.00	145	1137	24	 Corynebacterium silvaticum
0.00	139	1700	50	 Corynebacterium minutissimum
0.00	105	1460	25	 Corynebacterium glucuronolyticum
0.00	104	1069	20	 Corynebacterium flavescens
0.00	92	929	29	 Corynebacterium renale
0.00	85	868	29	 Corynebacterium humireducens
0.00	81	654	18	 Corynebacterium pseudotuberculosis
0.00	77	674	27	 Corynebacterium terpenotabidum
0.00	74	1564	37	 Corynebacterium incognita
0.00	73	789	22	 Corynebacterium vitaeruminis
0.00	67	403	14	 Corynebacterium xerosis
0.00	65	755	28	 Corynebacterium bovis
0.00	65	783	18	 Corynebacterium marinum
0.00	56	1174	46	 Corynebacterium kroppenstedtii
0.00	54	769	16	 Corynebacterium uterequi
0.00	49	995	29	 Corynebacterium mycetoides
0.00	49	646	20	 Corynebacterium ureicelerivorans
0.00	48	450	12	 Corynebacterium provencense
0.00	47	676	18	 Corynebacterium qintianiae
0.00	41	426	28	 Corynebacterium stationis
0.00	40	269	10	 Corynebacterium matruchotii
0.00	39	844	25	 Corynebacterium glyciniphilum
0.00	35	1510	34	 Corynebacterium epidermidicanis
0.00	31	1145	22	 Corynebacterium casei
0.00	28	351	10	 Corynebacterium rouxii
0.00	28	471	13	 Corynebacterium frankenforstense
0.00	26	569	30	 Corynebacterium efficiens
0.00	25	745	17	 Corynebacterium segmentosum
0.00	21	809	17	 Corynebacterium nuruki
0.00	18	1074	21	 Corynebacterium ammoniagenes
0.00	18	1062	20	 Corynebacterium argentoratense
0.00	17	1174	20	 Corynebacterium sanguinis
0.00	13	137	10	 Corynebacterium sphenisci
0.00	10	537	18	 Corynebacterium lizhenjunii
0.00	10	386	16	 Corynebacterium ulcerans
0.00	8	900	30	 Corynebacterium variabile
0.00	8	322	11	 Corynebacterium pelargi
0.00	8	673	8	 Corynebacterium pseudopelargi
0.00	7	1004	17	 Corynebacterium cystitidis
0.00	7	233	11	 Corynebacterium suranareeae
0.00	6	451	24	 Corynebacterium aquilae
0.00	6	656	17	 Corynebacterium gerontici
0.00	5	428	21	 Corynebacterium choanae
0.00	5	637	13	 Corynebacterium phocae
0.00	4	595	11	 Corynebacterium camporealensis
0.00	4	725	22	 Corynebacterium halotolerans
0.00	3	115	15	 Corynebacterium liangguodongii
0.00	3	691	15	 Corynebacterium freneyi
0.00	3	523	16	 Corynebacterium maris
0.00	2	549	16	 Corynebacterium testudinoris
0.00	2	632	18	 Corynebacterium lactis
0.00	1	373	5	 Corynebacterium crudilactis
0.00	1	174	11	 Corynebacterium deserti
0.00	1	689	14	 Corynebacterium mustelae
0.00	120	567	8	 Rhodococcus sp. p52
0.00	35	181	7	 Rhodococcus sp. PBTS 1
0.00	10	132	11	 Rhodococcus sp. W8901
0.00	7	162	6	 Rhodococcus sp. X156
0.00	5	363	11	 Rhodococcus sp. SGAir0479
0.00	4	100	2	 Rhodococcus sp. WB9
0.00	2	113	2	 Rhodococcus sp. DMU1
0.00	1	13	11	 Rhodococcus sp. WMMA185
0.00	1	8	7	 Rhodococcus sp. ABRD24
0.00	1	143	6	 Rhodococcus sp. B7740
0.00	9	344	17	 Rhodococcus opacus
0.00	7	208	6	 Rhodococcus pyridinivorans
0.00	5	256	7	 Rhodococcus fascians
0.00	2	155	10	 Rhodococcus ruber
0.00	2	188	4	 Rhodococcus triatomae
0.00	87	560	20	 Nocardia mangyaensis
0.00	44	253	18	 Nocardia cyriacigeorgica
0.00	17	176	6	 Nocardia iowensis
0.00	6	254	14	 Nocardia farcinica
0.00	2	117	11	 Nocardia sp. WCH-YHL-001
0.00	1	47	10	 Nocardia otitidiscaviarum
0.00	1	151	26	 Nocardia brasiliensis
0.00	1	303	14	 Nocardia wallacei
0.00	67	508	13	 Mycolicibacterium fallax
0.00	23	249	5	 Mycolicibacterium moriokaense
0.00	21	154	11	 Mycolicibacterium gilvum
0.00	18	212	7	 Mycolicibacterium anyangense
0.00	15	175	3	 Mycolicibacterium rutilum
0.00	8	168	2	 Mycolicibacterium sp. LJ126
0.00	6	84	5	 Mycobacterium doricum
0.00	4	64	6	 Mycolicibacterium arabiense
0.00	4	127	4	 Mycolicibacterium monacense
0.00	2	150	3	 Mycolicibacterium mageritense
0.00	2	207	7	 Mycolicibacterium sediminis
0.00	2	38	4	 Mycolicibacterium vaccae
0.00	2	76	7	 Mycolicibacterium thermoresistibile
0.00	1	303	5	 Mycolicibacterium hassiacum
0.00	1	375	5	 Mycolicibacterium psychrotolerans
0.00	1	13	11	 Mycolicibacterium boenickei
0.00	1	8	8	 Mycolicibacterium mucogenicum
0.00	1	85	7	 Mycolicibacterium parafortuitum
0.00	1	102	1	 Mycolicibacterium aichiense
0.00	1	7	6	 Mycolicibacterium pulveris
0.00	107	349	6	 Mycolicibacter hiberniae
0.00	1	31	2	 Mycolicibacter minnesotensis
0.00	20	73	5	 Mycobacterium sp. MS1601
0.00	2	94	8	 Mycobacterium sp. EPa45
0.00	2	187	6	 Mycobacterium sp. ELW1
0.00	1	189	10	 Mycobacterium sp. JS623
0.00	1	21	2	 Mycobacterium sp. THAF192
0.00	6	59	4	 Mycobacterium mantenii
0.00	3	42	5	 Mycobacterium colombiense
0.00	2	78	6	 Mycobacterium intracellulare
0.00	1	210	15	 Mycobacterium avium
0.00	6	14	10	 Mycobacterium tuberculosis
0.00	5	126	7	 Mycobacterium diernhoferi
0.00	2	211	7	 Mycobacterium spongiae
0.00	1	39	6	 Mycobacterium shinjukuense
0.00	1	147	4	 Mycobacterium noviomagense
0.00	1	202	24	 Mycobacteroides abscessus
0.00	71	236	6	 Dietzia sp. oral taxon 368
0.00	19	161	12	 Dietzia lutea
0.00	3	260	8	 Dietzia timorensis
0.00	1	227	13	 Dietzia psychralcaliphila
0.00	34	255	12	 Gordonia amarae
0.00	21	184	12	 Gordonia sp. YC-JH1
0.00	1	67	7	 Gordonia sp. PDNC005
0.00	4	100	9	 Gordonia jinghuaiqii
0.00	4	152	15	 Gordonia pseudoamarae
0.00	3	328	22	 Gordonia polyisoprenivorans
0.00	1	130	8	 Gordonia terrae
0.00	1	79	9	 Gordonia phthalatica
0.00	5	104	9	 Tomitella sp. HY172
0.00	1	287	19	 Tsukamurella tyrosinosolvens
6.39	486802	9385780	169437	 Micrococcus luteus
0.16	12319	224756	1687	 Micrococcus sp. MG-2010-D12
0.14	10332	125807	2523	 Micrococcus sp. KBS0714
0.07	5367	146708	1216	 Micrococcus sp. A1
0.06	4363	45490	410	 Micrococcus sp. A7
0.03	2464	22056	509	 Micrococcus sp. KD337-16
0.02	1295	8373	43	 Micrococcus sp. 28
0.00	1	3	2	 Micrococcus sp. V7
0.02	1704	39368	621	 Kocuria turfanensis
0.01	383	5724	115	 Kocuria flava
0.00	55	2012	43	 Kocuria rosea
0.00	35	272	9	 Kocuria indica
0.00	4	185	32	 Kocuria varians
0.00	4	616	33	 Kocuria palustris
0.00	3	6	4	 Kocuria sp. KD4
0.00	1	272	18	 Kocuria sp. TGY1120_3
0.00	123	199	12	 Arthrobacter sp. PGP41
0.00	65	187	10	 Arthrobacter sp. D5-1
0.00	59	172	8	 Arthrobacter sp. YN
0.00	48	73	7	 Arthrobacter sp. NtRootA1
0.00	15	584	24	 Arthrobacter sp. zg-ZUI227
0.00	5	78	8	 Arthrobacter sp. StoSoilB20
0.00	4	321	11	 Arthrobacter sp. KBS0702
0.00	3	117	10	 Arthrobacter sp. FB24
0.00	3	176	14	 Arthrobacter sp. PAMC25564
0.00	2	195	30	 Arthrobacter sp. ERGS1:01
0.00	1	189	13	 Arthrobacter sp. PAMC25284
0.00	1	4	4	 Arthrobacter sp. TES
0.00	1	290	22	 Arthrobacter sp. zg-ZUI122
0.00	1	1	1	 Arthrobacter sp. 68b
0.00	1	127	18	 Arthrobacter sp. YC-RL1
0.00	14	641	32	 Arthrobacter agilis
0.00	2	178	30	 Arthrobacter alpinus
0.00	2	123	14	 Arthrobacter dokdonellae
0.00	1	88	5	 Arthrobacter citreus
0.00	129	2245	36	 Rothia nasimurium
0.00	111	837	62	 Rothia mucilaginosa
0.00	83	632	34	 Rothia kristinae
0.00	11	78	13	 Rothia aeria
0.00	5	127	6	 Rothia terrae
0.00	3	105	14	 Rothia amarae
0.00	1	129	5	 Rothia dentocariosa
0.00	14	126	19	 Glutamicibacter protophormiae
0.00	9	120	18	 Glutamicibacter arilaitensis
0.00	9	662	23	 Glutamicibacter halophytocola
0.00	8	324	14	 Glutamicibacter mishrai
0.00	2	341	20	 Glutamicibacter creatinolyticus
0.00	1	121	3	 Glutamicibacter nicotianae
0.00	48	160	12	 Pseudarthrobacter chlorophenolicus
0.00	33	162	10	 Pseudarthrobacter sulfonivorans
0.00	4	97	17	 Pseudarthrobacter phenanthrenivorans
0.00	89	613	28	 Sinomonas atrocyanea
0.00	25	1718	95	 Citricoccus sp. SGAir0253
0.00	23	132	26	 Auritidibacter sp. NML130574
0.00	5	419	17	 Neomicrococcus aestuarii
0.00	2	52	5	 Paenarthrobacter aurescens
0.00	1	11	9	 Paenarthrobacter ureafaciens
0.00	1	4	4	 Paenarthrobacter sp. YJN-5
0.00	3	271	15	 Paeniglutamicibacter sp. Y32M11
0.00	1	332	31	 Nesterenkonia sp. NBAIMH1
0.00	1	80	2	 Zhihengliuella sp. ISTPL4
0.00	194	1826	33	 Microbacterium sp. PAMC22086
0.00	29	195	18	 Microbacterium sp. No. 7
0.00	18	111	5	 Microbacterium sp. CBA3102
0.00	2	261	7	 Microbacterium sp. 10M-3C3
0.00	1	63	7	 Microbacterium sp. NY27
0.00	1	31	7	 Microbacterium sp. WY121
0.00	1	91	7	 Microbacterium sp. A18JL200
0.00	1	136	11	 Microbacterium sp. A18JL241
0.00	1	188	7	 Microbacterium sp. XT11
0.00	1	93	20	 Microbacterium sp. Y-01
0.00	1	73	4	 Microbacterium sp. ABRD_28
0.00	101	149	11	 Microbacterium amylolyticum
0.00	58	219	7	 Microbacterium endophyticum
0.00	42	148	15	 Microbacterium hominis
0.00	29	87	9	 Microbacterium aurum
0.00	29	46	10	 Microbacterium esteraromaticum
0.00	13	455	12	 Microbacterium protaetiae
0.00	4	351	15	 Microbacterium foliorum
0.00	3	61	3	 Microbacterium schleiferi
0.00	3	28	18	 Microbacterium chocolatum
0.00	2	62	9	 Microbacterium oxydans
0.00	1	7	7	 Microbacterium wangchenii
0.00	1	162	11	 Microbacterium sediminis
0.00	1	91	12	 Microbacterium oryzae
0.00	1	9	8	 Microbacterium caowuchunii
0.00	1	11	9	 Microbacterium oleivorans
0.00	201	4222	89	 Cryobacterium sp. LW097
0.00	1	72	5	 Cryobacterium sp. PAMC25264
0.00	57	233	7	 Cryobacterium soli
0.00	29	327	9	 Cryobacterium arcticum
0.00	37	161	8	 Leifsonia sp. PS1209
0.00	15	138	16	 Leifsonia shinshuensis
0.00	1	226	16	 Leifsonia xyli
0.00	52	414	12	 Humibacter sp. WJ7-1
0.00	43	234	7	 Curtobacterium sp. TC1
0.00	5	66	6	 Curtobacterium sp. 24E2
0.00	1	195	8	 Curtobacterium sp. BH-2-1-1
0.00	1	60	2	 Curtobacterium sp. SGAir0471
0.00	36	225	20	 Leucobacter insecticola
0.00	2	24	23	 Leucobacter sp. CX169
0.00	1	62	8	 Leucobacter muris
0.00	20	168	15	 Agromyces sp. G127AT
0.00	3	71	8	 Agromyces laixinhei
0.00	2	161	9	 Agromyces badenianii
0.00	1	85	12	 Agromyces intestinalis
0.00	22	580	5	 Clavibacter zhangzhiyongii
0.00	2	247	33	 Clavibacter michiganensis
0.00	23	278	12	 Mycetocola sp. JXN-3
0.00	19	345	7	 Glaciihabitans sp. INWT7
0.00	14	58	6	 Agrococcus jejuensis
0.00	1	170	9	 Agrococcus carbonis
0.00	1	200	8	 Agrococcus sp. SGAir0287
0.00	14	129	5	 Pontimonas salivibrio
0.00	10	98	4	 Rathayibacter sp. VKM Ac-2804
0.00	1	168	7	 Rathayibacter sp. VKM Ac-2760
0.00	1	35	4	 Rathayibacter sp. VKM Ac-2762
0.00	1	54	5	 Rathayibacter sp. VKM Ac-2801
0.00	6	143	2	 Candidatus Rhodoluna planktonica
0.00	1	90	1	 Candidatus Aquiluna sp. UB-MaderosW2red
0.00	5	143	9	 Frigoribacterium sp. NBH87
0.00	4	243	73	 Protaetiibacter intestinalis
0.00	4	60	5	 Agreia sp. COWG
0.00	1	25	20	 Microterricola viridarii
0.00	1	114	8	 Gryllotalpicola protaetiae
0.00	1	63	7	 Chryseoglobus indicus
0.00	46	348	25	 Brevibacterium sp. CS2
0.00	1	71	11	 Brevibacterium sp. WO024
0.00	8	1401	19	 Brevibacterium luteolum
0.00	1	115	13	 Brevibacterium linens
0.00	1	151	7	 Brevibacterium sandarakinum
0.00	337	1786	29	 Dermabacter vaginalis
0.00	154	976	22	 Dermabacter jinjuensis
0.00	24	75	15	 Brachybacterium saurashtrense
0.00	18	281	15	 Brachybacterium sp. SGAir0954
0.00	1	119	9	 Devriesea agamarum
0.00	63	185	17	 Xylanimonas allomyrinae
0.00	5	166	16	 Cellulosimicrobium cellulans
0.00	1	18	11	 Cellulosimicrobium sp. BI34T
0.00	3	41	6	 Xylanimicrobium sp. FW10M-9
0.00	1	123	16	 Isoptericola variabilis
0.00	90	207	16	 Dermacoccus sp. PAMC28757
0.00	6	141	15	 Dermacoccus nishinomiyaensis
0.00	1	7	5	 Luteipulveratus mongoliensis
0.00	72	369	8	 Sanguibacter keddieii
0.00	39	226	19	 Oerskovia sp. KBS0722
0.00	14	224	11	 Cellulomonas sp. JZ18
0.00	3	285	16	 Cellulomonas sp. zg-ZUI222
0.00	1	39	9	 Cellulomonas sp. C5510
0.00	2	207	12	 Cellulomonas shaoxiangyii
0.00	52	201	26	 Miniimonas sp. S16
0.00	35	335	13	 Mobilicoccus sp. NJES-13
0.00	5	300	4	 Dermatophilus congolensis
0.00	16	117	9	 Ornithinimicrobium pratense
0.00	11	347	16	 Ornithinimicrobium sp. AMA3305
0.00	1	13	11	 Ornithinimicrobium sp. HY006
0.00	2	425	14	 Ornithinimicrobium flavum
0.00	19	1186	26	 Janibacter indicus
0.00	5	110	10	 Janibacter limosus
0.00	1	135	12	 Janibacter melonis
0.00	2	67	14	 Pedococcus dokdonensis
0.00	19	371	38	 Kytococcus sedentarius
0.00	1	218	22	 Georgenia sp. Z443
0.00	1	46	10	 Ruania alkalisoli
0.01	484	3163	31	 Arcanobacterium haemolyticum
0.00	3	38	16	 Arcanobacterium sp. JY-X040
0.00	326	554	13	 Actinomyces trachealis
0.00	102	215	10	 Actinomyces sp. MAS-1
0.00	1	7	4	 Actinomyces sp. oral taxon 169
0.00	4	126	9	 Actinomyces slackii
0.00	2	51	8	 Actinomyces viscosus
0.00	2	64	7	 Actinomyces faecalis
0.00	1	91	21	 Actinomyces radicidentis
0.00	1	8	7	 Actinomyces gaoshouyii
0.00	1	125	9	 Actinomyces procaprae
0.00	1	240	20	 Actinomyces israelii
0.00	309	4449	61	 Trueperella pyogenes
0.00	29	273	35	 Trueperella pecoris
0.00	36	379	10	 Schaalia cardiffensis
0.00	4	127	10	 Schaalia turicensis
0.00	16	956	9	 Flaviflexus salsibiostraticola
0.00	1	276	7	 Flaviflexus sp. dk850
0.00	1	17	15	 Mobiluncus curtisii
0.00	97	157	6	 Streptomyces sp. C8S0
0.00	84	220	12	 Streptomyces sp. SCSIO 3032
0.00	34	69	1	 Streptomyces sp. S501
0.00	33	448	11	 Streptomyces sp. NHF165
0.00	32	116	2	 Streptomyces sp. RLB1-33
0.00	25	136	5	 Streptomyces sp. WAC 01529
0.00	10	183	9	 Streptomyces sp. DSM 40868
0.00	9	69	6	 Streptomyces sp. RTd22
0.00	6	81	7	 Streptomyces sp. Z423-1
0.00	5	141	8	 Streptomyces sp. ST1015
0.00	4	487	7	 Streptomyces sp. 2323.1
0.00	3	272	15	 Streptomyces sp. SN-593
0.00	2	71	7	 Streptomyces sp. SYP-A7193
0.00	2	81	6	 Streptomyces sp. WAC 06738
0.00	2	66	11	 Streptomyces sp. MG28
0.00	2	127	2	 Streptomyces sp. CB09001
0.00	2	47	6	 Streptomyces sp. 769
0.00	1	8	5	 Streptomyces sp. Tue 6075
0.00	1	9	9	 Streptomyces sp. HM190
0.00	1	156	7	 Streptomyces sp. QHH-9511
0.00	1	58	4	 Streptomyces sp. 3211
0.00	1	197	12	 Streptomyces sp. INR7
0.00	1	111	7	 Streptomyces sp. NA02950
0.00	1	5	4	 Streptomyces sp. CB00271
0.00	1	64	4	 Streptomyces sp. AgN23
0.00	1	50	5	 Streptomyces sp. BHT-5-2
0.00	1	190	6	 Streptomyces sp. YPW6
0.00	1	6	2	 Streptomyces sp. SS52
0.00	1	95	12	 Streptomyces sp. NEAU-S7GS2
0.00	1	98	7	 Streptomyces sp. ZYC-3
0.00	1	7	6	 Streptomyces sp. CNQ-509
0.00	1	20	7	 Streptomyces sp. SUK 48
0.00	94	223	3	 Streptomyces rubrolavendulae
0.00	58	267	8	 Streptomyces hawaiiensis
0.00	51	446	66	 Streptomyces venezuelae
0.00	31	183	5	 Streptomyces exfoliatus
0.00	28	77	21	 Streptomyces seoulensis
0.00	21	42	12	 Streptomyces xinghaiensis
0.00	20	165	7	 Streptomyces formicae
0.00	19	143	10	 Streptomyces avermitilis
0.00	16	63	1	 Streptomyces violaceoruber
0.00	15	61	9	 Streptomyces vietnamensis
0.00	15	201	21	 Streptomyces lydicus
0.00	13	347	9	 Streptomyces finlayi
0.00	8	47	3	 Streptomyces pactum
0.00	8	66	7	 Streptomyces nigra
0.00	8	102	8	 Streptomyces liangshanensis
0.00	7	317	15	 Streptomyces alboflavus
0.00	6	37	8	 Streptomyces tirandamycinicus
0.00	6	248	20	 Streptomyces albus
0.00	5	156	5	 Streptomyces lividans
0.00	5	196	15	 Streptomyces ambofaciens
0.00	4	168	9	 Streptomyces broussonetiae
0.00	3	185	7	 Streptomyces lunaelactis
0.00	3	293	11	 Streptomyces spongiicola
0.00	3	45	8	 Streptomyces incarnatus
0.00	3	56	5	 Streptomyces chromofuscus
0.00	2	79	12	 Streptomyces rectiverticillatus
0.00	2	34	5	 Streptomyces angustmyceticus
0.00	2	54	3	 Streptomyces malaysiensis
0.00	2	60	6	 Streptomyces glaucescens
0.00	2	208	10	 Streptomyces fagopyri
0.00	1	288	16	 Streptomyces mobaraensis
0.00	1	81	19	 Streptomyces tsukubensis
0.00	1	9	8	 Streptomyces atratus
0.00	1	169	7	 Streptomyces davaonensis
0.00	1	32	5	 Streptomyces olivoreticuli
0.00	1	76	4	 Streptomyces anulatus
0.00	1	8	6	 Streptomyces griseochromogenes
0.00	1	50	5	 Streptomyces viridosporus
0.00	1	48	2	 Streptomyces californicus
0.00	1	84	8	 Streptomyces buecherae
0.00	1	59	9	 Streptomyces rimosus
0.00	1	18	9	 Streptomyces albireticuli
0.00	1	112	10	 Streptomyces vinaceus
0.00	1	6	5	 Streptomyces kanamyceticus
0.00	1	69	12	 Streptomyces griseoviridis
0.00	1	177	12	 Streptomyces paludis
0.00	1	96	16	 Streptomyces viridifaciens
0.00	1	35	9	 Streptomyces aquilus
0.00	1	173	10	 Streptomyces griseocarneus
0.00	1	52	11	 Streptomyces chartreusis
0.00	1	81	8	 Streptomyces luteoverticillatus
0.00	22	188	13	 Streptacidiphilus sp. PB12-B1b
0.00	13	84	15	 Streptacidiphilus sp. P02-A3a
0.00	1	76	9	 Kitasatospora setae
0.00	1	7	5	 Kitasatospora albolonga
0.00	50	393	17	 Pseudonocardia sp. AL041005-10
0.00	18	80	21	 Pseudonocardia sp. HH130630-07
0.00	1	82	11	 Pseudonocardia sp. HH130629-09
0.00	2	199	20	 Pseudonocardia dioxanivorans
0.00	1	153	8	 Pseudonocardia autotrophica
0.00	1	92	20	 Pseudonocardia broussonetiae
0.00	81	118	11	 Saccharomonospora glauca
0.00	1	245	11	 Saccharomonospora xinjiangensis
0.00	39	62	5	 Amycolatopsis orientalis
0.00	13	175	13	 Amycolatopsis sp. YIM 10
0.00	4	479	25	 Amycolatopsis sp. DSM 110486
0.00	3	110	16	 Amycolatopsis sp. Hca4
0.00	2	64	10	 Amycolatopsis sp. CA-230715
0.00	1	85	15	 Amycolatopsis sp. AA4
0.00	1	277	8	 Amycolatopsis sp. BJA-103
0.00	1	132	10	 Amycolatopsis sp. FDAARGOS 1241
0.00	2	275	14	 Amycolatopsis methanolica
0.00	2	230	5	 Amycolatopsis keratiniphila
0.00	1	441	10	 Actinoalloteichus hymeniacidonis
0.00	9	615	16	 Kibdelosporangium phytohabitans
0.00	6	320	23	 Saccharothrix syringae
0.00	5	251	17	 Kutzneria sp. CA-103260
0.00	75	279	26	 Actinomadura verrucosospora
0.00	7	118	4	 Actinomadura sp. WMMA1423
0.00	2	163	13	 Actinomadura sp. NAK00032
0.00	39	144	11	 Nocardiopsis gilva
0.00	13	196	21	 Nocardiopsis sp. MT53
0.00	3	135	8	 Nocardiopsis sp. HDS12
0.00	16	64	9	 Thermobifida fusca
0.00	1	113	4	 Streptomonospora sp. M2
0.00	14	165	11	 Nonomuraea coxensis
0.00	8	93	10	 Nonomuraea gerenzanensis
0.00	7	177	23	 Nonomuraea sp. ATCC 55076
0.00	2	232	19	 Thermobispora bispora
0.00	55	155	10	 Micromonospora maris
0.00	16	168	7	 Micromonospora sp. 28ISP2-46
0.00	9	143	5	 Micromonospora sp. HM134
0.00	1	108	1	 Micromonospora sp. L5
0.00	18	118	13	 Micromonospora echinospora
0.00	6	240	7	 Micromonospora zamorensis
0.00	4	97	6	 Micromonospora tulbaghiae
0.00	3	75	11	 Micromonospora carbonacea
0.00	3	76	5	 Micromonospora endophytica (Xie et al. 2001) Li et al. 2019
0.00	3	79	10	 Micromonospora narathiwatensis
0.00	2	195	8	 Micromonospora echinofusca
0.00	2	159	4	 Micromonospora purpureochromogenes
0.00	2	41	5	 Micromonospora sagamiensis
0.00	2	240	13	 Micromonospora auratinigra
0.00	1	77	10	 Micromonospora viridifaciens
0.00	1	12	7	 Micromonospora echinaurantiaca
0.00	16	202	10	 Actinoplanes sp. N902-109
0.00	1	28	12	 Actinoplanes ianthinogenes
0.00	13	147	8	 Actinocatenispora sera
0.00	8	132	21	 Catellatospora sp. IY07-71
0.00	1	64	6	 Polymorphospora rubra
0.00	58	436	26	 Bifidobacterium longum
0.00	2	133	13	 Bifidobacterium breve
0.00	2	179	15	 Bifidobacterium animalis
0.00	1	3	3	 Bifidobacterium adolescentis
0.00	1	56	9	 Bifidobacterium pseudolongum
0.00	1	220	12	 Bifidobacterium thermophilum
0.00	1	11	11	 Bifidobacterium choerinum
0.00	66	525	19	 Nakamurella multipartita
0.00	42	105	14	 Jiangella sp. DSM 45060
0.00	14	150	18	 Kineococcus radiotolerans
0.00	5	191	11	 Natronoglycomyces albus
0.00	2	71	14	 Frankia sp. QA3
0.00	1	50	5	 Frankia casuarinae
0.00	3	80	9	 Epidermidibacterium keratini
0.00	1	15	11	 Catenulispora acidiphila
0.00	1	140	5	 Acidothermus cellulolyticus
0.00	37	65	3	 Olsenella sp. LZLJ-2
0.00	1	44	2	 Olsenella sp. GAM18
0.00	22	84	2	 Adlercreutzia equolifaciens
0.00	39	164	8	 Miltoncostaea marina
0.00	1	64	12	 Conexibacter woesei
0.00	5	52	7	 Baekduia soli
0.00	1	91	11	 Rubrobacter xylanophilus
0.00	1	153	22	 Iamia sp. SCSIO 61187
0.00	1	63	3	 Aquihabitans sp. G128
7.33	558258	26034556	638085	 Staphylococcus lugdunensis
5.63	429249	19040385	560738	 Staphylococcus epidermidis
3.88	295764	5124549	185837	 Staphylococcus aureus
3.55	270235	11677177	533925	 Staphylococcus capitis
0.02	1853	37946	1623	 Staphylococcus caprae
0.01	966	9767	658	 Staphylococcus haemolyticus
0.01	404	6422	490	 Staphylococcus saccharolyticus
0.01	387	8249	385	 Staphylococcus warneri
0.00	313	3585	309	 Staphylococcus hominis
0.00	206	930	64	 Staphylococcus schleiferi
0.00	200	1525	111	 Staphylococcus saprophyticus
0.00	197	1506	254	 Staphylococcus schweitzeri
0.00	55	238	10	 Staphylococcus sp. MZ9
0.00	40	129	1	 Staphylococcus sp. CDC25
0.00	33	289	15	 Staphylococcus sp. MZ8
0.00	22	317	21	 Staphylococcus sp. MI 10-1553
0.00	20	70	5	 Staphylococcus sp. SB1-57
0.00	19	352	45	 Staphylococcus sp. 17KM0847
0.00	2	4	2	 Staphylococcus sp. MZ1
0.00	1	24	6	 Staphylococcus sp. M0911
0.00	1	1	1	 Staphylococcus sp. SM9054
0.00	1	2	2	 Staphylococcus sp. SM3655
0.00	187	1053	75	 Staphylococcus pettenkoferi
0.00	150	1014	121	 Staphylococcus simulans
0.00	144	2441	263	 Staphylococcus simiae
0.00	114	2004	185	 Staphylococcus pasteuri
0.00	99	787	89	 Staphylococcus xylosus
0.00	98	1270	99	 Staphylococcus auricularis
0.00	95	961	118	 Staphylococcus argenteus
0.00	90	674	68	 Staphylococcus succinus
0.00	76	512	79	 Staphylococcus pseudintermedius
0.00	4	173	25	 Staphylococcus delphini
0.00	71	489	58	 Staphylococcus equorum
0.00	65	540	48	 Staphylococcus agnetis
0.00	57	433	75	 Staphylococcus pseudoxylosus
0.00	26	810	96	 Staphylococcus arlettae
0.00	24	308	63	 Staphylococcus felis
0.00	22	321	42	 Staphylococcus condimenti
0.00	21	356	52	 Staphylococcus carnosus
0.00	19	498	39	 Staphylococcus chromogenes
0.00	19	200	39	 Staphylococcus debuckii
0.00	19	639	63	 Staphylococcus cohnii
0.00	15	384	58	 Staphylococcus nepalensis
0.00	7	250	26	 Staphylococcus hyicus
0.00	6	205	37	 Staphylococcus lutrae
0.00	5	325	52	 Staphylococcus kloosii
0.00	4	404	55	 Staphylococcus lloydii
0.00	1	36	22	 Staphylococcus muscae
0.00	66	1209	126	 Mammaliicoccus sciuri
0.00	23	261	20	 Mammaliicoccus fleurettii
0.00	17	548	43	 Mammaliicoccus vitulinus
0.00	3	162	22	 Mammaliicoccus lentus
0.00	2	202	26	 Mammaliicoccus stepanovicii
0.00	30	182	24	 Macrococcus canis
0.00	6	184	25	 Abyssicoccus albus
0.00	1	76	5	 Jeotgalicoccus saudimassiliensis
0.01	574	15331	361	 Bacillus cereus
0.00	15	130	48	 Bacillus thuringiensis
0.00	14	246	6	 Bacillus cytotoxicus
0.00	9	127	50	 Bacillus anthracis
0.00	6	51	19	 Bacillus mycoides
0.00	2	28	7	 Bacillus pseudomycoides
0.00	1	8	7	 Bacillus paranthracis
0.00	43	285	5	 Bacillus gobiensis
0.00	13	44	27	 Bacillus velezensis
0.00	3	14	13	 Bacillus amyloliquefaciens
0.00	6	91	3	 Bacillus mojavensis
0.00	4	10	4	 Bacillus halotolerans
0.00	8	79	38	 Bacillus subtilis
0.00	1	15	13	 Bacillus atrophaeus
0.00	3	12	6	 Bacillus sp. Y1
0.00	1	3	3	 Bacillus sp. OxB-1
0.00	1	15	5	 Bacillus sp. PAMC26568
0.00	1	2	2	 Bacillus sp. V3
0.00	1	111	1	 Bacillus sp. SB49
0.00	1	3	3	 Bacillus sp. NSP9.1
0.00	1	201	8	 Bacillus sp. 1NLA3E
0.00	1	1	1	 Bacillus sp. ZY-1-1
0.00	1	227	7	 Bacillus sp. DSL-17
0.00	3	135	17	 Bacillus altitudinis
0.00	1	8	3	 Bacillus badius
0.00	1	7	6	 Bacillus aquiflavi
0.00	1	7	6	 Bacillus smithii
0.00	1	53	7	 Bacillus beveridgei
0.00	29	48	2	 Cytobacillus ciccensis
0.00	1	151	9	 Cytobacillus kochii
0.00	9	225	3	 Salicibibacter cibi
0.00	5	157	26	 Priestia megaterium
0.00	3	57	12	 Lysinibacillus timonensis
0.00	1	15	9	 Lysinibacillus agricola
0.00	4	159	12	 Psychrobacillus glaciei
0.00	2	202	7	 Oceanobacillus kimchii
0.00	2	58	7	 Oceanobacillus zhaokaii
0.00	3	182	7	 Evansella cellulosilytica
0.00	1	27	6	 Heyndrickxia oleronia
0.00	1	106	6	 Heyndrickxia vini
0.00	1	129	3	 Neobacillus mesonae
0.00	1	142	3	 Neobacillus cucumis
0.00	2	155	13	 Fictibacillus arsenicus
0.00	2	6	5	 Geobacillus sp. GHH01
0.00	1	11	9	 Virgibacillus necropolis
0.00	1	46	2	 Virgibacillus sp. MSP4-1
0.00	2	138	3	 Alkalihalobacillus krulwichiae
0.00	2	6	4	 Sediminibacillus sp. DP4-553-S
0.00	1	137	4	 Rossellomorea marisflavi
0.00	1	106	5	 Metabacillus sp. KUDC1714
0.00	1	7	7	 Parageobacillus thermoglucosidasius
0.00	1	336	6	 Peribacillus asahii
0.00	1	8	7	 Radiobacillus deserti
0.00	1	100	8	 Pontibacillus sp. HMF3514
0.00	1	3	3	 Anoxybacillus kamchatkensis
0.01	902	13203	219	 Gemella haemolysans
0.00	4	271	14	 Gemella sanguinis
0.00	1	78	1	 Gemella sp. oral taxon 928
0.00	18	169	3	 Paenibacillus sp. RUD330
0.00	6	36	2	 Paenibacillus sp. FSL H7-0737
0.00	5	51	2	 Paenibacillus sp. FSL R5-0912
0.00	2	143	3	 Paenibacillus sp. E222
0.00	2	62	1	 Paenibacillus sp. DCT19
0.00	1	114	4	 Paenibacillus sp. IHBB 10380
0.00	2	72	2	 Paenibacillus ihbetae
0.00	2	10	10	 Paenibacillus physcomitrellae
0.00	2	4	1	 Paenibacillus cellulositrophicus
0.00	1	155	7	 Paenibacillus polymyxa
0.00	1	2	2	 Paenibacillus protaetiae
0.00	1	84	3	 Paenibacillus xylanexedens
0.00	1	4	3	 Paenibacillus cellulosilyticus
0.00	1	8	8	 Paenibacillus mucilaginosus
0.00	1	4	3	 Paenibacillus lautus
0.00	1	4	4	 Paenibacillus larvae
0.00	2	4	3	 Cohnella candidum
0.00	1	2	1	 Aneurinibacillus soli
0.00	31	245	3	 Planococcus glaciei
0.00	2	128	4	 Planococcus sp. PAMC 21323
0.00	2	39	5	 Planococcus sp. MB-3u-03
0.00	1	134	2	 Planococcus maritimus
0.00	1	27	1	 Sporosarcina sp. PTS2304
0.00	1	12	9	 Sporosarcina sp. Marseille-Q4063
0.00	1	69	1	 Sporosarcina sp. Te-1
0.00	1	7	6	 Sporosarcina pasteurii
0.00	1	41	5	 Sporosarcina ureilytica
0.00	2	20	13	 Solibacillus silvestris
0.00	1	8	7	 Ureibacillus thermophilus
0.00	36	378	58	 Listeria monocytogenes
0.00	3	259	7	 Listeria grayi
0.00	2	13	13	 Listeria innocua
0.00	1	160	7	 Laceyella sacchari
0.00	1	3	2	 Polycladomyces abyssicola
0.00	1	80	5	 Sporolactobacillus terrae
5.22	398059	4908621	62858	 Streptococcus mitis
3.55	270885	4895919	237261	 Streptococcus pneumoniae
2.58	196870	3495922	140720	 Streptococcus salivarius
0.30	22908	298683	4200	 Streptococcus sp. 116-D4
0.07	5694	70459	2942	 Streptococcus sp. FDAARGOS_192
0.07	5406	61041	876	 Streptococcus sp. oral taxon 431
0.04	3408	35144	497	 Streptococcus sp. NPS 308
0.03	2019	21783	360	 Streptococcus sp. oral taxon 061
0.03	1921	23592	1029	 Streptococcus sp. HSISS3
0.03	1910	24204	347	 Streptococcus sp. 1643
0.02	1863	23960	410	 Streptococcus sp. oral taxon 064
0.02	1714	19941	711	 Streptococcus sp. HSISS2
0.01	876	5826	116	 Streptococcus sp. A12
0.01	604	4981	224	 Streptococcus sp. HSISS1
0.01	493	4990	156	 Streptococcus sp. HSISM1
0.01	433	4239	112	 Streptococcus sp. LPB0220
0.00	185	994	31	 Streptococcus sp. zg-86
0.00	163	1765	45	 Streptococcus sp. HKU75
0.00	69	291	4	 Streptococcus sp. DAT741
0.00	63	379	9	 Streptococcus sp. KS 6
0.00	57	543	39	 Streptococcus sp. FDAARGOS_522
0.00	54	573	392	 Streptococcus sp. NSJ-72
0.00	28	320	6	 Streptococcus sp. CNU 77-61
0.00	24	159	6	 Streptococcus sp. CNU G3
0.00	14	185	6	 Streptococcus sp. CNU G2
0.00	7	31	2	 Streptococcus sp. NCTC 11567
0.61	46175	502092	7169	 Streptococcus oralis
0.37	28424	390711	5505	 Streptococcus pseudopneumoniae
0.29	22429	296895	3746	 Streptococcus gwangjuense
0.07	5155	61596	2850	 Streptococcus thermophilus
0.05	3940	49755	753	 Streptococcus australis
0.04	3335	35031	722	 Streptococcus gordonii
0.03	2198	21314	389	 Streptococcus cristatus
0.03	2178	22885	874	 Streptococcus vestibularis
0.01	767	3652	77	 Streptococcus dysgalactiae
0.01	686	3315	92	 Streptococcus equi
0.02	1224	12389	285	 Streptococcus sanguinis
0.01	580	6267	217	 Streptococcus intermedius
0.01	388	4055	200	 Streptococcus anginosus
0.00	200	1811	258	 Streptococcus constellatus
0.01	1120	10428	233	 Streptococcus ilei
0.01	1011	9574	262	 Streptococcus parasanguinis
0.01	988	12337	352	 Streptococcus suis
0.01	551	4006	120	 Streptococcus pluranimalium
0.01	532	7536	309	 Streptococcus lactarius
0.00	376	7632	565	 Streptococcus agalactiae
0.00	344	2629	119	 Streptococcus pyogenes
0.00	272	2266	58	 Streptococcus mutans
0.00	269	1565	55	 Streptococcus canis
0.00	255	2577	48	 Streptococcus respiraculi
0.00	248	2574	61	 Streptococcus rubneri
0.00	234	1193	39	 Streptococcus parasuis
0.00	206	1425	41	 Streptococcus urinalis
0.00	195	2154	53	 Streptococcus equinus
0.00	174	1577	49	 Streptococcus sobrinus
0.00	161	2470	88	 Streptococcus koreensis
0.00	143	1518	53	 Streptococcus pseudoporcinus
0.00	141	1490	49	 Streptococcus himalayensis
0.00	140	1440	38	 Streptococcus merionis
0.00	125	1015	21	 Streptococcus parauberis
0.00	114	1230	26	 Streptococcus halotolerans
0.00	96	996	41	 Streptococcus marmotae
0.00	96	1102	36	 Streptococcus acidominimus
0.00	86	830	224	 Streptococcus milleri
0.00	84	1057	22	 Streptococcus infantarius
0.00	79	997	33	 Streptococcus ferus
0.00	72	1093	36	 Streptococcus ratti
0.00	70	1064	34	 Streptococcus porcinus
0.00	68	765	21	 Streptococcus iniae
0.00	64	564	23	 Streptococcus uberis
0.00	63	1007	22	 Streptococcus halichoeri
0.00	59	543	17	 Streptococcus ruminantium
0.00	58	1221	27	 Streptococcus gallolyticus
0.00	33	407	16	 Streptococcus troglodytae
0.00	30	513	11	 Streptococcus periodonticum
0.00	19	643	26	 Streptococcus chenjunshii
0.00	16	422	18	 Streptococcus pantholopis
0.00	11	143	8	 Streptococcus lutetiensis
0.00	3	12	10	 Streptococcus pasteurianus
0.00	11	241	3	 Lactococcus piscium
0.00	10	837	20	 Lactococcus cremoris
0.00	3	580	17	 Lactococcus lactis
0.00	3	703	35	 Lactococcus garvieae
0.00	1	736	29	 Lactococcus raffinolactis
0.00	1	367	7	 Lactococcus sp. KACC 19320
0.01	422	10365	278	 Dolosigranulum pigrum
0.00	12	24	13	 Carnobacterium maltaromaticum
0.00	8	275	5	 Carnobacterium inhibens
0.00	3	93	4	 Marinilactibacillus sp. 15R
0.00	1	239	16	 Granulicatella adiacens
0.00	222	1159	53	 Enterococcus faecium
0.00	74	529	37	 Enterococcus faecalis
0.00	5	112	5	 Enterococcus casseliflavus
0.00	3	71	14	 Enterococcus durans
0.00	2	179	9	 Enterococcus wangshanyuanii
0.00	1	93	11	 Enterococcus cecorum
0.00	30	137	7	 Tetragenococcus halophilus
0.00	3	252	14	 Vagococcus penaei
0.00	1	310	7	 Vagococcus zengguangii
0.00	1	52	4	 Vagococcus sp. CF-49
0.00	4	331	14	 Melissococcus plutonius
0.00	74	1739	62	 Lactobacillus iners
0.00	5	38	10	 Lactobacillus amylovorus
0.00	5	125	8	 Lactobacillus gallinarum
0.00	3	90	4	 Lactobacillus johnsonii
0.00	2	304	5	 Lactobacillus acetotolerans
0.00	1	3	3	 Lactobacillus sp. 3B(2020)
0.00	1	141	3	 Lactobacillus terrae
0.00	1	118	2	 Lactobacillus ultunensis
0.00	1	9	9	 Lactobacillus helveticus
0.00	1	207	11	 Lactobacillus delbrueckii
0.00	39	176	11	 Limosilactobacillus reuteri
0.00	7	240	11	 Limosilactobacillus fermentum
0.00	2	101	3	 Limosilactobacillus mucosae
0.00	1	99	13	 Limosilactobacillus vaginalis
0.00	1	4	3	 Limosilactobacillus panis
0.00	41	533	15	 Lentilactobacillus buchneri
0.00	1	58	6	 Lentilactobacillus hilgardii
0.00	12	406	13	 Levilactobacillus brevis
0.00	1	3	3	 Levilactobacillus zymae
0.00	1	93	4	 Levilactobacillus koreensis
0.00	3	192	10	 Weissella cryptocerci
0.00	3	331	3	 Weissella coleopterorum
0.00	2	32	1	 Weissella viridescens
0.00	2	358	8	 Weissella cibaria
0.00	1	90	4	 Weissella diestrammenae
0.00	6	353	21	 Ligilactobacillus salivarius
0.00	2	38	4	 Ligilactobacillus murinus
0.00	1	95	2	 Ligilactobacillus animalis
0.00	2	147	4	 Lacticaseibacillus casei
0.00	1	125	6	 Lacticaseibacillus rhamnosus
0.00	1	5	3	 Lacticaseibacillus zeae
0.00	3	398	21	 Lactiplantibacillus plantarum
0.00	1	225	7	 Leuconostoc pseudomesenteroides
0.00	1	159	2	 Leuconostoc garlicum
0.00	1	1	1	 Leuconostoc sp. C2
0.00	1	83	5	 Paucilactobacillus oligofermentans
0.00	1	90	2	 Paucilactobacillus nenjiangensis
0.00	1	102	2	 Companilactobacillus heilongjiangensis
0.00	1	1	1	 Schleiferilactobacillus harbinensis
0.00	1	13	8	 Latilactobacillus sakei
0.00	1	141	6	 Fructilactobacillus fructivorans
0.00	1	69	5	 Acetilactobacillus jinshanensis
0.00	1	155	8	 Pediococcus damnosus
0.00	228	4860	407	 Suicoccus acidiformans
0.00	2	57	7	 Aerococcus urinae
0.00	133	1806	85	 Filifactor alocis
0.00	22	70	27	 Clostridioides difficile
0.00	17	44	4	 Paraclostridium bifermentans
0.00	9	34	3	 Paeniclostridium sordellii
0.00	1	4	3	 Romboutsia sp. CE17
0.00	42	673	30	 Clostridium botulinum
0.00	25	176	6	 Clostridium tetani
0.00	4	75	6	 Clostridium sp. DL-VIII
0.00	2	52	2	 Clostridium sp. C1
0.00	1	2	1	 Clostridium sp. MF28
0.00	7	54	2	 Clostridium novyi
0.00	1	56	3	 Clostridium acetobutylicum
0.00	1	130	5	 Clostridium bornimense
0.00	1	4	2	 Clostridium cellulovorans
0.00	1	24	7	 Clostridium carboxidivorans
0.00	24	88	2	 Anaerostipes caccae
0.00	1	3	3	 Anaerobutyricum hallii
0.00	1	2	2	 Blautia sp. SC05B48
0.00	1	4	3	 Anaerocolumna cellulosilytica
0.00	13	114	23	 Faecalibacterium prausnitzii
0.00	2	37	1	 Oscillibacter sp. MM50
0.00	1	126	3	 Flavonifractor plautii
0.00	14	341	19	 Mogibacterium pumilum
0.00	1	20	1	 Thermaerobacter sp. PB12/4term
0.00	3	66	4	 Alkalicella caledoniensis
0.00	1	2	1	 Desulfosporosinus meridiei
0.00	1	3	2	 Thermincola potens
0.00	2	5	5	 Symbiobacterium thermophilum
0.00	2	23	2	 Petrocella atlantisensis
0.00	1	2	1	 Acetobacterium woodii
0.00	23	88	1	 Thermoanaerobacter sp. X514
0.00	4	65	2	 Gelria sp. Kuro-4
0.00	1	154	5	 Moorella thermoacetica
0.00	1	14	2	 Thermoanaerobacterium thermosaccharolyticum
0.00	1	244	3	 Halothermothrix orenii
0.00	1	127	6	 Tepidanaerobacter acetatoxydans
0.00	4	158	8	 Longicatena caecimuris
0.00	1	2	2	 Erysipelothrix rhusiopathiae
0.00	1	71	1	 Erysipelothrix larvae
0.00	1	1	1	 Amedibacterium intestinale
0.00	2	3	2	 Anaerococcus prevotii
0.00	1	1	1	 Finegoldia magna
0.00	1	1	1	 Tissierella sp. JN-28
0.00	2	168	3	 Pelosinus fermentans
0.00	24	89	3	 Acholeplasma axanthum
0.00	6	10	1	 Mycoplasma mycoides
0.00	1	11	8	 Mycoplasma capricolum
0.00	1	1	1	 Mycoplasma struthionis
0.00	5	72	1	 Mycoplasmopsis synoviae
0.00	1	3	3	 Candidatus Hepatoplasma crinochetorum
0.00	1	136	7	 Candidatus Izimaplasma sp. HR1
0.00	44	172	1	 Synechococcus sp. BIOS-U3-1
0.00	4	77	6	 Leptolyngbya sp. 15MV
0.00	2	145	1	 Thermosynechococcus sp. NK55a
0.00	1	14	2	 Anabaenopsis circularis
0.00	1	51	1	 Calothrix brevissima
0.00	1	3	2	 Geminocystis herdmanii
0.00	6	44	2	 Dehalococcoides mccartyi
0.00	1	3	2	 Anaerolinea thermophila
0.00	1	4	4	 Pelolinea submarina
0.00	1	5	4	 Caldilinea aerophila
0.00	1	54	2	 Deinococcus sp. NW-56
0.00	1	7	7	 Deinococcus peraridilitoris
0.00	1	5	4	 Fimbriimonas ginsengisoli
0.00	21	145	81	 Escherichia coli
0.00	7	17	2	 Escherichia fergusonii
0.00	1	127	1	 Escherichia albertii
0.00	20	225	3	 [Enterobacter] lignolyticus
0.00	7	52	4	 Pluralibacter gergoviae
0.00	14	71	52	 Klebsiella pneumoniae
0.00	7	13	9	 Klebsiella aerogenes
0.00	1	9	6	 Klebsiella variicola
0.00	1	73	4	 Klebsiella michiganensis
0.00	13	118	1	 Enterobacter sp. RHBSTW-00994
0.00	3	33	17	 Enterobacter hormaechei
0.00	2	12	6	 Enterobacter kobei
0.00	7	47	30	 Salmonella enterica
0.00	1	4	3	 Salmonella bongori
0.00	1	2	2	 Salmonella sp. S13
0.00	46	116	1	 Serratia surfactantfaciens
0.00	2	7	4	 Serratia symbiotica
0.00	1	102	12	 Serratia marcescens
0.00	2	8	4	 Yersinia pseudotuberculosis
0.00	51	128	1	 Sodalis praecaptivus
0.00	2	28	4	 Pantoea vagans
0.00	2	23	16	 Buchnera aphidicola
0.00	2	7	7	 Proteus mirabilis
0.00	1	118	5	 Xenorhabdus bovienii
0.00	5	94	1	 Pectobacterium sp. LJ1
0.00	1	1	1	 Edwardsiella piscicida
0.00	12	107	2	 Pseudomonas sp. p1(2021b)
0.00	4	103	1	 Pseudomonas sp. B11D7D
0.00	1	126	3	 Pseudomonas sp. SCB32
0.00	1	6	6	 Pseudomonas sp. MRSN12121
0.00	1	123	2	 Pseudomonas sp. LBUM920
0.00	1	2	1	 Pseudomonas sp. R84
0.00	40	495	18	 Pseudomonas stutzeri
0.00	1	2	2	 Pseudomonas balearica
0.00	37	115	4	 Pseudomonas psychrotolerans
0.00	12	199	32	 Pseudomonas aeruginosa
0.00	3	98	4	 Pseudomonas nitroreducens
0.00	1	49	4	 Pseudomonas furukawaii
0.00	12	148	8	 Pseudomonas marincola
0.00	9	325	34	 Pseudomonas putida
0.00	2	62	3	 Pseudomonas plecoglossicida
0.00	1	10	5	 Pseudomonas fulva
0.00	5	62	8	 Pseudomonas tolaasii
0.00	2	93	4	 Pseudomonas azotoformans
0.00	2	21	3	 Pseudomonas trivialis
0.00	5	75	11	 Pseudomonas chlororaphis
0.00	2	50	5	 Pseudomonas entomophila
0.00	1	37	1	 Pseudomonas khazarica
0.00	1	8	8	 Pseudomonas salmasensis
0.00	1	129	2	 Pseudomonas saudiphocaensis
0.00	1	3	2	 Pseudomonas thivervalensis
0.00	1	3	2	 Pseudomonas knackmussii
0.00	4	58	16	 Acinetobacter baumannii
0.00	3	159	2	 Acinetobacter nosocomialis
0.00	2	14	2	 Acinetobacter tandoii
0.00	2	78	2	 Acinetobacter wuhouensis
0.00	1	18	9	 Acinetobacter towneri
0.00	1	27	13	 Acinetobacter junii
0.00	1	77	2	 Acinetobacter piscicola
0.00	1	1	1	 Acinetobacter equi
0.00	6	286	26	 Moraxella osloensis
0.00	47	337	31	 Stenotrophomonas maltophilia
0.00	1	105	1	 Stenotrophomonas sp. pho
0.00	5	25	2	 Xanthomonas hortorum
0.00	2	47	5	 Xanthomonas euvesicatoria
0.00	1	5	5	 Xanthomonas oryzae
0.00	1	357	4	 Xanthomonas albilineans
0.00	23	150	12	 Lysobacter enzymogenes
0.00	1	37	3	 Lysobacter antibioticus
0.00	2	49	5	 Thermomonas brevis
0.00	1	42	2	 Ahniella affigens
0.00	38	171	1	 Colwellia sp. MT41
0.00	25	100	2	 Pseudoalteromonas undina
0.00	11	49	1	 Marinobacter sp. LV10R510-11A
0.00	1	123	1	 Marinobacter sp. CP1
0.00	1	98	3	 Alteromonas pelagimontana
0.00	23	146	2	 Halomonas sp. KO116
0.00	18	52	1	 Halomonas sp. MCCC 1A13718
0.00	1	85	4	 Halomonas sp. BC-M4-5
0.00	1	127	2	 Halomonas sp. N3-2A
0.00	34	129	1	 Halomonas huangheensis
0.00	4	144	4	 Halomonas meridiana
0.00	2	50	3	 Halomonas chromatireducens
0.00	1	199	4	 Halomonas denitrificans
0.00	3	4	1	 Vibrio sp. THAF190c
0.00	2	103	7	 Vibrio vulnificus
0.00	1	93	2	 Vibrio aquimaris
0.00	1	1	1	 Vibrio coralliilyticus
0.00	1	83	2	 Vibrio qinghaiensis
0.00	1	14	8	 Photobacterium damselae
0.00	1	49	1	 Photobacterium ganghwense
0.00	2	83	2	 Salinivibrio kushneri
0.00	1	34	3	 Aliivibrio fischeri
0.00	12	52	1	 Methylomonas sp. DH-1
0.00	8	31	1	 Microbulbifer sp. A4B17
0.00	2	24	3	 Teredinibacter purpureus
0.00	7	938	13	 [Haemophilus] ducreyi
0.00	3	339	28	 Haemophilus parainfluenzae
0.00	4	5	2	 Legionella cherrii
0.00	3	18	10	 Aeromonas hydrophila
0.00	1	32	2	 Thiosulfativibrio zosterae
0.00	1	8	7	 Sulfurifustis variabilis
0.00	1	129	4	 Solimonas sp. K1W22B-7
0.00	27	94	6	 Agrobacterium tumefaciens
0.00	2	52	7	 Agrobacterium vitis
0.00	3	79	3	 Rhizobium sp. 11515TR
0.00	2	6	3	 Rhizobium lusitanum
0.00	1	4	3	 Rhizobium bangladeshense
0.00	7	123	3	 Sinorhizobium meliloti
0.00	1	102	11	 Sinorhizobium fredii
0.00	19	135	4	 Shinella sp. HZN7
0.00	4	123	1	 Liberibacter crescens
0.00	15	178	9	 Bradyrhizobium diazoefficiens
0.00	5	154	5	 Bradyrhizobium guangdongense
0.00	3	171	67	 Bradyrhizobium sp. PSBB068
0.00	1	55	1	 Bradyrhizobium sp. 1(2017)
0.00	3	121	2	 Bradyrhizobium oligotrophicum
0.00	1	54	3	 Bradyrhizobium icense
0.00	23	106	1	 Mesorhizobium erdmanii
0.00	3	21	1	 Mesorhizobium sp. NZP2298
0.00	1	64	1	 Mesorhizobium sp. NIBR3
0.00	1	2	2	 Mesorhizobium sp. NBSH29
0.00	1	9	5	 Mesorhizobium sp. M2A.F.Ca.ET.043.02.1.1
0.00	2	35	4	 Mesorhizobium terrae
0.00	30	137	3	 Nitratireductor kimnyeongensis
0.00	9	170	2	 Aminobacter sp. MSH1
0.00	2	6	5	 Phyllobacterium zundukense
0.00	1	7	4	 Phyllobacterium sp. 628
0.00	24	141	6	 Methylobacterium radiodurans
0.00	6	60	2	 Methylobacterium sp. 17Sr1-1
0.00	26	110	6	 Methylorubrum populi
0.00	10	61	4	 Microvirga sp. 17 mud 1-3
0.00	32	122	3	 Kaustia mangrovi
0.00	25	119	4	 Pyruvatibacter mobilis
0.00	43	81	4	 Martelella lutilitoris
0.00	27	106	1	 Bartonella henselae
0.00	8	31	1	 Bartonella kosoyi
0.00	32	57	4	 Starkeya novella
0.00	1	2	2	 Xanthobacter sp. YN2
0.00	9	53	4	 Blastochloris tepida
0.00	8	45	4	 Rhodoplanes sp. Z2-YC6860
0.00	4	14	5	 [Ochrobactrum] quorumnocens
0.00	1	1	1	 Brucella sp. BTU1
0.00	1	2	2	 Ochrobactrum sp. MT180101
0.00	3	96	1	 Devosia sp. MC521
0.00	1	2	1	 Maritalea myrionectae
0.00	1	57	2	 Bosea sp. RAC05
0.00	1	56	8	 Bosea sp. Tri-49
0.00	1	121	6	 Bosea sp. ANAM02
0.00	2	114	5	 Phreatobacter stygius
0.00	1	146	4	 Komagataeibacter xylinus
0.00	1	2	2	 Komagataeibacter europaeus
0.00	17	174	2	 Acetobacter ghanensis
0.00	1	5	4	 Roseococcus sp. NIBR12
0.00	16	139	6	 Azospirillum thiophilum
0.00	12	76	2	 Azospirillum sp. TSH100
0.00	2	54	5	 Azospirillum sp. TSA2s
0.00	1	59	1	 Skermanella pratensis
0.00	1	10	8	 Pararhodospirillum photometricum
0.00	17	84	7	 Novosphingobium sp. 502str22
0.00	1	3	3	 Novosphingobium sp. PP1Y
0.00	1	25	4	 Novosphingobium sp. P6W
0.00	1	4	4	 Novosphingobium sp. EMRT-2
0.00	11	140	4	 Sphingomonas sp. C8-2
0.00	2	3	2	 Sphingomonas sp. NIC1
0.00	1	24	1	 Sphingomonas sp. C33
0.00	1	7	6	 Sphingomonas sp. CL5.1
0.00	2	9	5	 Sphingobium sp. KCTC 72723
0.00	1	115	3	 Sphingobium sp. CAP-1
0.00	22	79	2	 Croceicoccus sp. YJ47
0.00	6	72	2	 Rhodobacter blasticus
0.00	5	136	2	 Paracoccus mutanolyticus
0.00	3	169	7	 Silicimonas algicola
0.00	1	13	3	 Profundibacter amoris
0.00	1	80	6	 Pseudorhodobacter turbinis
0.00	9	109	2	 Jannaschia sp. J12C1-MA-4
0.00	3	40	2	 Sulfitobacter sp. SK012
0.00	2	41	2	 Antarctobacter heliothermus
0.00	1	1	1	 Phaeobacter piscinae
0.00	16	76	1	 Ehrlichia canis
0.00	1	93	1	 Candidatus Fokinia solitaria
0.00	1	58	4	 Brevundimonas sp. AJA228-03
0.00	1	5	3	 Brevundimonas sp. GRTSA-9
0.00	1	8	4	 Brevundimonas naejangsanensis
0.00	1	6	6	 Brevundimonas goettingensis
0.00	3	243	21	 Caulobacter segnis
0.00	1	24	1	 Candidatus Fonsibacter ubiquis
0.00	2	4	2	 Candidatus Cytomitobacter primus
0.00	1	110	3	 Hyphomonas sp. Mor2
0.00	32	688	253	 Achromobacter deleyi
0.00	28	709	266	 Achromobacter xylosoxidans
0.00	1	9	8	 Achromobacter spanius
0.00	12	106	8	 Castellaniella defragrans
0.00	2	117	1	 Bordetella pseudohinzii
0.00	1	8	7	 Bordetella bronchialis
0.00	11	174	11	 Burkholderia gladioli
0.00	2	109	5	 Burkholderia ubonensis
0.00	1	93	8	 Burkholderia glumae
0.00	3	142	10	 Cupriavidus pauculus
0.00	3	208	11	 Cupriavidus oxalaticus
0.00	3	35	8	 Cupriavidus necator
0.00	6	230	14	 Ralstonia solanacearum
0.00	6	127	1	 Polynucleobacter asymbioticus
0.00	1	153	6	 Paraburkholderia fungorum
0.00	12	110	13	 Acidovorax avenae
0.00	1	8	8	 Acidovorax sp. T1
0.00	5	89	1	 Rhodoferax saidenbachensis
0.00	1	8	5	 Rhodoferax sediminis
0.00	5	139	4	 Delftia acidovorans
0.00	2	13	4	 Hydrogenophaga sp. YM1
0.00	1	14	8	 Hydrogenophaga sp. BA0156
0.00	1	11	11	 Variovorax paradoxus
0.00	1	3	2	 Variovorax boronicumulans
0.00	1	61	2	 Comamonas koreensis
0.00	1	6	3	 Comamonas serinivorans
0.00	1	8	8	 Serpentinomonas raichei
0.00	9	153	5	 Herbaspirillum seropedicae
0.00	3	70	5	 Massilia sp. LPB0304
0.00	3	84	3	 Massilia flava
0.00	1	4	4	 Massilia albidiflava
0.00	1	11	11	 Massilia oculi
0.00	4	36	3	 Collimonas pratensis
0.00	7	173	4	 Tepidimonas taiwanensis
0.00	5	65	3	 Methylibium sp. Pch-M
0.00	4	39	8	 Mitsuaria sp. 7
0.00	1	115	1	 Sutterella wadsworthensis
0.00	8	210	6	 Neisseria gonorrhoeae
0.00	3	200	3	 Neisseria meningitidis
0.00	1	132	1	 Chitinibacter bivalviorum
0.00	8	157	6	 Azoarcus sp. CIB
0.00	1	7	5	 Azoarcus sp. M9-3-2
0.00	1	79	2	 Thauera chlorobenzoica
0.00	2	116	3	 Niveibacterium microcysteis
0.00	1	4	2	 Methyloversatilis sp. RAC08
0.00	1	5	4	 Usitatibacter palustris
0.00	20	40	2	 Arcobacter venerupis
0.00	1	30	2	 Arcobacter ellisii
0.00	12	20	1	 Malaciobacter marinus
0.00	5	15	3	 Poseidonibacter lekithochrous
0.00	1	32	4	 Aliarcobacter skirrowii
0.00	17	89	2	 Sulfurospirillum sp. UCH001
0.00	8	52	2	 Campylobacter rectus
0.00	2	23	2	 Campylobacter concisus
0.00	1	2	2	 Campylobacter cuniculorum
0.00	1	2	1	 Campylobacter hominis
0.00	1	2	2	 Campylobacter ureolyticus
0.00	4	16	1	 Sulfurimonas sp. GYSZ_1
0.00	1	78	2	 Sulfurimonas sp. B2
0.00	2	3	2	 Helicobacter pylori
0.00	1	11	1	 Helicobacter apodemus
0.00	1	13	10	 Caminibacter mediatlanticus
0.00	15	252	10	 Archangium gephyra
0.00	2	21	17	 Archangium violaceum
0.00	4	287	9	 Cystobacter fuscus
0.00	10	55	9	 Corallococcus coralloides
0.00	1	44	9	 Anaeromyxobacter dehalogenans
0.00	10	365	46	 Sorangium cellulosum
0.00	2	9	7	 Sandaracinus amylolyticus
0.00	1	139	10	 Haliangium ochraceum
0.00	3	5	3	 Desulfobacterium autotrophicum
0.00	1	131	3	 Desulfurivibrio alkaliphilus
0.00	1	42	4	 Desulfovibrio sulfodismutans
0.00	3	54	5	 Bacteriovorax stolpii
0.00	33	104	8	 Bacteroides caccae
0.00	1	131	1	 Bacteroides luhongzhouii
0.00	1	2	1	 Bacteroides ovatus
0.00	1	29	15	 Bacteroides stercoris
0.00	1	3	2	 Bacteroides fragilis
0.00	3	75	59	 Phocaeicola vulgatus
0.00	42	133	1	 Porphyromonas cangingivalis
0.00	1	1	1	 Porphyromonas asaccharolytica
0.00	7	182	90	 Prevotella copri
0.00	2	127	1	 Prevotella enoeca
0.00	1	4	2	 Prevotella histicola
0.00	1	69	46	 Parabacteroides merdae
0.00	1	101	3	 Parabacteroides goldsteinii
0.00	25	97	2	 Dokdonia sp. PRO95
0.00	20	66	1	 Winogradskyella sediminis
0.00	16	56	1	 Gramella fulva
0.00	1	61	1	 Aquimarina sp. BL5
0.00	1	10	2	 Aquimarina sp. TRL1
0.00	1	40	1	 Myroides odoratus
0.00	1	3	2	 Kordia antarctica
0.00	1	6	2	 Flavobacterium indicum
0.00	3	22	2	 Chryseobacterium indoltheticum
0.00	1	104	2	 Kaistella jeonii
0.00	1	85	1	 Ornithobacterium rhinotracheale
0.00	4	19	9	 Blattabacterium cuenoti
0.00	1	2	2	 Candidatus Sulcia muelleri
0.00	60	95	2	 Saprospira grandis
0.00	22	97	4	 Chitinophaga sp. MD30
0.00	1	1	1	 Arachidicoccus sp. B3-10
0.00	2	94	2	 Spirosoma aerolatum
0.00	2	84	1	 Spirosoma sp. PL0136
0.00	2	2	1	 Spirosoma endbachense
0.00	1	6	2	 Cytophaga hutchinsonii
0.00	3	13	3	 Hymenobacter nivis
0.00	4	142	3	 Olivibacter sp. LS-1
0.00	1	1	1	 Sphingobacterium multivorum
0.00	1	7	7	 Gemmatirosa kalamazoonesis
0.00	52	237	6	 Lignipirellula cremea
0.00	3	52	6	 Botrimarina mediterranea
0.00	2	58	12	 Aquisphaera giovannonii
0.00	1	1	1	 Poriferisphaera corsica
0.00	27	145	7	 Lacunisphaera limnophila
0.00	3	103	6	 Nibricoccus aquaticus
0.00	21	112	2	 Methylacidiphilum kamchatkense
0.00	1	105	4	 Roseimicrobium sp. ORNL1
0.00	2	37	3	 Candidatus Protochlamydia naegleriophila
0.00	1	1	1	 Candidatus Vampirococcus archaeovorus
0.00	42	283	11	 Fusobacterium nucleatum
0.00	2	5	2	 Fusobacterium hwasookii
0.00	1	1	1	 Fusobacterium sp. oral taxon 203
0.00	1	23	2	 Fusobacterium sp. NSJ-57
0.00	1	1	1	 Fusobacterium ulcerans
0.00	2	111	2	 Leptotrichia sp. oral taxon 221
0.00	2	40	4	 Sneathia vaginalis
0.00	3	52	1	 Sediminispirochaeta smaragdinae
0.00	1	3	3	 Treponema sp. OMZ 806
0.00	3	5	2	 Chloracidobacterium thermophilum
0.00	2	125	4	 Acidobacterium capsulatum
0.00	2	83	2	 Coprothermobacter proteolyticus
0.00	1	2	2	 Caldisericum exile
0.00	1	3	3	 Thermosulfidibacter takaii
0.00	1	3	3	 Calditerrivibrio nitroreducens
0.00	1	50	1	 Thermanaerovibrio velox
0.00	107	789	1	 Malassezia cuniculi
0.00	69	122	4	 Marasmius oreades
0.00	26	175	8	 Neurospora crassa
0.00	18	1437	16	 Colletotrichum higginsianum
0.00	4	39	2	 Fusarium pseudograminearum
0.00	3	149	4	 Pochonia chlamydosporia
0.00	6	47	2	 Saccharomyces paradoxus
0.00	1	87	2	 Sugiyamaella lignohabitans
0.00	1	67	2	 Pichia kudriavzevii
0.00	144	2448	369	 Homo sapiens
0.00	1	81	7	 Halosimplex litoreum
0.00	18	61	3	 Halorussus sp. ZS-3
0.00	21	133	7	 Halobiforma lacisalsi
0.00	10	59	1	 Natronococcus occultus
0.00	1	3	2	 Natronorubrum aibiense
0.00	1	33	4	 Halovivax sp. KZCA124
0.00	21	156	2	 Halorubrum trapanicum
0.00	2	64	4	 Halorubrum sp. RHB-C
0.00	8	154	5	 Haloprofundus sp. SEDH52
0.00	1	278	2	 Haloferax mediterranei
0.00	3	116	3	 Methanosarcina barkeri
0.00	19	63	1	 Thermococcus henrietii
0.00	15	76	2	 Candidatus Nitrososphaera evergladensis
0.00	1	50	1	 Cuniculiplasma divulgatum
0.01	739	14090	91	 Streptococcus phage SpSL1
0.01	398	2962	25	 Streptococcus phage phiARI0004
0.00	324	4883	34	 Streptococcus phage K13
0.00	103	292	2	 Streptococcus phage phiARI0462
0.00	36	858	40	 Staphylococcus phage StB20
0.00	24	87	2	 Streptococcus phage PH10
0.00	14	43	10	 Staphylococcus phage SPbeta-like
0.00	1	1	1	 Streptococcus phage phiARI0460-1
0.00	58	121	9	 Staphylococcus virus 23MRA
0.00	4	16	2	 Staphylococcus virus IME1361-01
0.00	25	462	21	 Staphylococcus phage StB12
0.00	18	122	3	 Staphylococcus virus EW
0.00	4	143	3	 Staphylococcus virus CNPH82
0.00	4	66	3	 Salmonella phage TS13
0.01	640	5186	59	 Streptococcus phage EJ-1
0.00	1	184	1	 Clostridium phage phiCT453A
0.00	4	34	1	 Vibrio phage ValB1MD-2
0.00	1	16	8	 uncultured crAssphage
