3.54	35383	0	0	unclassified
72.03	720346	29286188	541192	 Staphylococcus hominis
9.70	96968	4112311	429536	 Staphylococcus epidermidis
4.07	40715	1576140	320096	 Staphylococcus haemolyticus
0.09	900	8621	3650	 Staphylococcus sp. M0911
0.03	324	3578	1347	 Staphylococcus sp. SB1-57
0.01	56	2555	260	 Staphylococcus sp. 17KM0847
0.00	12	226	76	 Staphylococcus sp. MI 10-1553
0.00	8	104	89	 Staphylococcus sp. 11-B-312
0.00	7	25	21	 Staphylococcus sp. AntiMn-1
0.00	1	1	1	 Staphylococcus sp. CDC25
0.16	1603	32385	2785	 Staphylococcus aureus
0.13	1288	16146	5776	 Staphylococcus warneri
0.04	420	13031	839	 Staphylococcus simulans
0.04	397	1293	164	 Staphylococcus schleiferi
0.03	308	5519	1519	 Staphylococcus pasteuri
0.03	303	10736	2277	 Staphylococcus capitis
0.03	302	3858	904	 Staphylococcus saprophyticus
0.03	266	3877	368	 Staphylococcus pseudoxylosus
0.02	225	4791	1283	 Staphylococcus lugdunensis
0.02	224	4243	1098	 Staphylococcus cohnii
0.02	164	2161	391	 Staphylococcus xylosus
0.01	140	3889	1039	 Staphylococcus caprae
0.01	129	5666	1082	 Staphylococcus saccharolyticus
0.01	111	2148	564	 Staphylococcus arlettae
0.01	80	1187	181	 Staphylococcus pseudintermedius
0.00	28	546	105	 Staphylococcus delphini
0.01	100	2442	234	 Staphylococcus debuckii
0.01	94	2472	408	 Staphylococcus nepalensis
0.01	88	4097	439	 Staphylococcus pettenkoferi
0.01	79	1054	292	 Staphylococcus equorum
0.01	59	2931	722	 Staphylococcus simiae
0.00	47	3510	396	 Staphylococcus auricularis
0.00	45	775	219	 Staphylococcus muscae
0.00	34	638	340	 Staphylococcus lloydii
0.00	31	355	151	 Staphylococcus condimenti
0.00	28	1311	149	 Staphylococcus schweitzeri
0.00	27	1023	336	 Staphylococcus succinus
0.00	27	984	248	 Staphylococcus felis
0.00	26	476	166	 Staphylococcus agnetis
0.00	24	447	219	 Staphylococcus lutrae
0.00	16	1032	241	 Staphylococcus carnosus
0.00	13	782	239	 Staphylococcus chromogenes
0.00	9	760	208	 Staphylococcus kloosii
0.00	8	117	70	 Staphylococcus argenteus
0.00	2	322	154	 Staphylococcus hyicus
0.04	400	9552	735	 Mammaliicoccus sciuri
0.00	18	681	204	 Mammaliicoccus vitulinus
0.00	3	1169	157	 Mammaliicoccus stepanovicii
0.00	1	263	79	 Mammaliicoccus fleurettii
0.00	10	1086	78	 Macrococcus caseolyticus
0.00	1	496	80	 Macrococcus canis
0.00	1	45	12	 Macrococcus sp. 17Msa1131
0.00	2	399	137	 Abyssicoccus albus
0.00	1	361	74	 Jeotgalicoccus sp. ATCC 8456
0.07	714	19262	13336	 Listeria monocytogenes
0.00	3	34	29	 Listeria seeligeri
0.00	3	35	19	 Listeria grayi
0.00	3	43	39	 Listeria innocua
0.00	2	45	21	 Listeria ivanovii
0.00	1	14	14	 Listeria welshimeri
0.00	1	24	15	 Listeria weihenstephanensis
0.00	1	29	25	 Listeria sp. PSOL-1
0.01	71	1390	1144	 Gemella haemolysans
0.00	38	1147	880	 Gemella sanguinis
0.00	11	323	299	 Gemella morbillorum
0.00	4	12	8	 Exiguobacterium acetylicum
0.00	3	11	4	 Bacillus luti
0.00	2	28	11	 Bacillus infantis
0.00	1	1	1	 Bacillus spizizenii
0.00	1	24	1	 Bacillus siamensis
0.00	1	41	23	 Anoxybacillus amylolyticus
0.00	6	42	23	 Lysinibacillus fusiformis
0.00	1	75	29	 Lysinibacillus sp. SGAir0095
0.00	3	192	16	 Virgibacillus halodenitrificans
0.00	2	26	12	 Alkalihalobacillus lehensis
0.00	2	42	23	 Paraliobacillus zengyii
0.00	1	28	23	 Anaerobacillus isosaccharinicus
0.00	1	99	60	 Priestia megaterium
0.00	1	14	8	 Metabacillus sp. cB07
0.00	1	122	31	 Oceanobacillus zhaokaii
0.00	1	35	27	 Hydrogenibacillus sp. N12
0.00	1	18	13	 Cytobacillus gottheilii
0.00	1	39	27	 Amphibacillus xylanus
0.00	3	15	11	 Paenibacillus polymyxa
0.00	1	19	6	 Paenibacillus cellulositrophicus
0.00	1	13	4	 Paenibacillus sp. FSL R5-0912
0.00	2	15	5	 Brevibacillus sp. SCSIO 07484
0.00	1	185	13	 Aneurinibacillus soli
0.00	2	63	25	 Viridibacillus sp. JNUCC-6
0.00	1	39	17	 Sporosarcina pasteurii
0.00	1	340	52	 Kurthia sp. 11kri321
0.00	1	68	45	 Rummeliibacillus stabekisii
0.00	1	2	1	 Novibacillus thermophilus
0.07	739	11394	8714	 Streptococcus salivarius
0.00	38	713	580	 Streptococcus sp. oral taxon 061
0.00	28	357	273	 Streptococcus sp. FDAARGOS_192
0.00	26	425	255	 Streptococcus sp. oral taxon 431
0.00	22	284	249	 Streptococcus sp. LPB0220
0.00	22	280	241	 Streptococcus sp. HSISM1
0.00	18	272	211	 Streptococcus sp. A12
0.00	9	65	38	 Streptococcus sp. HSISS2
0.00	9	70	66	 Streptococcus sp. oral taxon 064
0.00	9	142	91	 Streptococcus sp. NPS 308
0.00	8	73	54	 Streptococcus sp. HSISS1
0.00	7	80	72	 Streptococcus sp. HSISS3
0.00	3	46	41	 Streptococcus sp. 1643
0.00	2	43	34	 Streptococcus sp. 116-D4
0.00	1	1	1	 Streptococcus sp. NSJ-72
0.02	212	3265	2750	 Streptococcus oralis
0.02	192	7033	5768	 Streptococcus sanguinis
0.01	110	170	21	 Streptococcus uberis
0.01	99	1446	1206	 Streptococcus mitis
0.00	30	645	530	 Streptococcus gordonii
0.00	23	200	167	 Streptococcus thermophilus
0.00	23	272	246	 Streptococcus ilei
0.00	21	413	340	 Streptococcus cristatus
0.00	19	320	266	 Streptococcus parasanguinis
0.00	18	232	205	 Streptococcus pneumoniae
0.00	14	134	117	 Streptococcus koreensis
0.00	10	146	121	 Streptococcus australis
0.00	9	98	90	 Streptococcus gwangjuense
0.00	6	175	143	 Streptococcus intermedius
0.00	2	11	10	 Streptococcus anginosus
0.00	8	74	58	 Streptococcus vestibularis
0.00	7	70	54	 Streptococcus rubneri
0.00	7	79	75	 Streptococcus lactarius
0.00	6	56	50	 Streptococcus pseudopneumoniae
0.00	5	184	143	 Streptococcus mutans
0.00	5	22	14	 Streptococcus halotolerans
0.00	5	28	14	 Streptococcus gallolyticus
0.00	3	13	11	 Streptococcus chenjunshii
0.00	2	82	31	 Streptococcus suis
0.00	2	12	7	 Streptococcus parasuis
0.00	2	20	15	 Streptococcus urinalis
0.00	1	11	10	 Streptococcus dysgalactiae
0.00	1	27	21	 Streptococcus equi
0.00	2	14	14	 Streptococcus parauberis
0.00	2	42	14	 Streptococcus pluranimalium
0.00	1	51	9	 Streptococcus agalactiae
0.00	1	12	8	 Streptococcus troglodytae
0.00	1	13	12	 Streptococcus merionis
0.00	1	11	11	 Streptococcus pseudoporcinus
0.00	1	22	16	 Streptococcus pyogenes
0.00	3	38	15	 Lactococcus lactis
0.00	1	25	17	 Lactococcus garvieae
0.00	6	95	80	 Lacticaseibacillus paracasei
0.00	3	172	166	 Lacticaseibacillus rhamnosus
0.00	3	21	14	 Lactobacillus johnsonii
0.00	2	12	9	 Lactobacillus crispatus
0.00	1	3	3	 Lactobacillus paragasseri
0.00	1	5	4	 Lactobacillus apis
0.00	1	46	42	 Lactobacillus iners
0.00	5	272	247	 Ligilactobacillus salivarius
0.00	1	2	2	 Ligilactobacillus animalis
0.00	3	18	11	 Pediococcus acidilactici
0.00	2	16	7	 Companilactobacillus farciminis
0.00	1	11	5	 Companilactobacillus heilongjiangensis
0.00	1	4	4	 Weissella viridescens
0.00	1	5	4	 Weissella ceti
0.00	1	13	7	 Weissella coleopterorum
0.00	3	171	169	 Limosilactobacillus fermentum
0.00	2	130	10	 Paucilactobacillus oligofermentans
0.00	1	10	8	 Acetilactobacillus jinshanensis
0.00	1	10	7	 Amylolactobacillus amylophilus
0.00	1	18	8	 Leuconostoc pseudomesenteroides
0.00	1	41	19	 Latilactobacillus sakei
0.00	1	91	8	 Levilactobacillus zymae
0.00	26	824	646	 Granulicatella adiacens
0.00	2	42	24	 Dolosigranulum pigrum
0.00	12	397	347	 Abiotrophia defectiva
0.00	2	111	101	 Aerococcus christensenii
0.00	1	14	14	 Aerococcus viridans
0.00	11	126	25	 Vagococcus teuberi
0.00	1	32	25	 Enterococcus faecium
0.01	52	63	3	 Carboxydocella thermautotrophica
0.00	8	285	238	 Mogibacterium diversum
0.00	2	27	25	 Mogibacterium pumilum
0.00	4	33	3	 Clostridium sp. AWRP
0.00	1	16	9	 Clostridium sp. CT4
0.00	2	375	82	 Clostridium botulinum
0.00	2	38	26	 Clostridium pasteurianum
0.00	2	24	19	 Clostridium butyricum
0.00	1	11	9	 Clostridium kluyveri
0.00	1	4	3	 Clostridium aceticum
0.00	1	15	11	 Clostridium saccharobutylicum
0.00	1	13	8	 Clostridium argentinense
0.00	1	19	15	 Clostridium baratii
0.00	1	79	9	 Clostridium isatidis
0.00	1	13	11	 Clostridium novyi
0.00	6	22	5	 [Ruminococcus] gnavus
0.00	4	51	33	 Lachnoanaerobaculum umeaense
0.00	1	3	3	 Lacrimispora saccharolytica
0.00	1	6	2	 Anaerotignum propionicum
0.00	2	55	18	 Clostridioides difficile
0.00	1	3	2	 Peptoclostridium acidaminophilum
0.00	1	28	25	 Romboutsia ilealis
0.00	1	17	15	 Paraclostridium bifermentans
0.00	2	30	20	 Eubacterium sp. NSJ-61
0.00	1	2	2	 Desulfitobacterium dehalogenans
0.00	1	3	2	 Dehalobacter restrictus
0.00	1	9	6	 Acetivibrio clariflavus
0.00	38	1179	1091	 Veillonella parvula
0.00	24	610	545	 Veillonella atypica
0.00	10	156	142	 Veillonella dispar
0.00	6	115	93	 Veillonella nakazawae
0.00	5	89	76	 Veillonella sp. S12025-13
0.00	1	49	13	 Veillonella rodentium
0.00	1	4	3	 Selenomonas ruminantium
0.00	26	490	346	 Peptoniphilus harei
0.00	8	75	41	 Anaerococcus mediterraneensis
0.00	1	23	11	 Anaerococcus prevotii
0.00	1	1	1	 Anaerococcus vaginalis
0.00	5	141	116	 Finegoldia magna
0.00	1	45	44	 Helcococcus kunzii
0.00	1	66	64	 Parvimonas micra
0.00	1	3	3	 Murdochiella vaginalis
0.00	2	15	8	 Sedimentibacter sp. zth1
0.00	1	14	14	 Ezakiella massiliensis
0.00	1	13	8	 Bulleidia sp. zg-1006
0.00	1	15	9	 Amedibacterium intestinale
4.09	40859	1037319	211292	 Corynebacterium tuberculostearicum
0.06	635	17911	5870	 Corynebacterium kefirresidentii
0.04	399	4471	841	 Corynebacterium aurimucosum
0.03	290	1200	175	 Corynebacterium glucuronolyticum
0.03	274	4177	1114	 Corynebacterium striatum
0.02	153	2612	732	 Corynebacterium macginleyi
0.01	79	773	96	 Corynebacterium sp. FDAARGOS 1242
0.00	17	107	12	 Corynebacterium sp. sy039
0.00	11	132	99	 Corynebacterium sp. NML98-0116
0.00	11	220	127	 Corynebacterium sp. zg-917
0.00	6	106	14	 Corynebacterium sp. 1959
0.00	4	83	29	 Corynebacterium sp. 2019
0.00	4	64	28	 Corynebacterium sp. 2039
0.00	1	8	5	 Corynebacterium sp. NML93-0612
0.00	1	7	3	 Corynebacterium sp. 4H37-19
0.00	1	28	13	 Corynebacterium sp. zg-320
0.00	1	18	9	 Corynebacterium sp. 1864
0.01	137	2127	306	 Corynebacterium simulans
0.01	130	1432	214	 Corynebacterium singulare
0.01	115	1853	270	 Corynebacterium minutissimum
0.01	56	759	182	 Corynebacterium endometrii
0.00	39	1914	464	 Corynebacterium segmentosum
0.00	38	311	174	 Corynebacterium imitans
0.00	34	405	256	 Corynebacterium ureicelerivorans
0.00	29	457	265	 Corynebacterium diphtheriae
0.00	27	596	156	 Corynebacterium genitalium
0.00	26	286	73	 Corynebacterium riegelii
0.00	24	143	30	 Corynebacterium aquilae
0.00	16	487	224	 Corynebacterium matruchotii
0.00	16	408	122	 Corynebacterium camporealensis
0.00	14	290	85	 Corynebacterium rouxii
0.00	14	455	85	 Corynebacterium incognita
0.00	13	385	104	 Corynebacterium flavescens
0.00	12	116	28	 Corynebacterium testudinoris
0.00	11	285	95	 Corynebacterium jeikeium
0.00	11	195	18	 Corynebacterium yudongzhengii
0.00	10	127	27	 Corynebacterium doosanense
0.00	8	167	83	 Corynebacterium kroppenstedtii
0.00	8	264	144	 Corynebacterium coyleae
0.00	7	43	34	 Corynebacterium glaucum
0.00	7	157	77	 Corynebacterium phocae
0.00	5	103	40	 Corynebacterium urealyticum
0.00	5	133	41	 Corynebacterium ammoniagenes
0.00	4	42	19	 Corynebacterium glutamicum
0.00	4	216	68	 Corynebacterium lizhenjunii
0.00	3	37	15	 Corynebacterium pseudopelargi
0.00	3	58	25	 Corynebacterium pelargi
0.00	3	58	23	 Corynebacterium mustelae
0.00	3	96	27	 Corynebacterium renale
0.00	3	110	40	 Corynebacterium timonense
0.00	3	13	10	 Corynebacterium argentoratense
0.00	3	107	34	 Corynebacterium propinquum
0.00	3	99	40	 Corynebacterium vitaeruminis
0.00	3	29	23	 Corynebacterium mycetoides
0.00	2	224	17	 Corynebacterium lactis
0.00	2	67	37	 Corynebacterium stationis
0.00	2	41	23	 Corynebacterium qintianiae
0.00	2	80	15	 Corynebacterium urogenitale
0.00	2	38	10	 Corynebacterium silvaticum
0.00	2	72	32	 Corynebacterium casei
0.00	2	36	19	 Corynebacterium frankenforstense
0.00	2	59	29	 Corynebacterium uterequi
0.00	2	27	17	 Corynebacterium epidermidicanis
0.00	2	43	11	 Corynebacterium nuruki
0.00	2	32	19	 Corynebacterium maris
0.00	2	61	30	 Corynebacterium cystitidis
0.00	1	48	21	 Corynebacterium gerontici
0.00	1	59	23	 Corynebacterium efficiens
0.00	1	18	9	 Corynebacterium sphenisci
0.00	1	24	12	 Corynebacterium atypicum
0.00	1	32	12	 Corynebacterium xerosis
0.00	1	31	12	 Corynebacterium ulcerans
0.00	1	9	7	 Corynebacterium falsenii
0.00	1	31	14	 Corynebacterium callunae
0.00	1	36	15	 Corynebacterium choanae
0.00	1	12	10	 Corynebacterium provencense
0.00	1	14	8	 Corynebacterium terpenotabidum
0.00	1	224	23	 Corynebacterium amycolatum
0.00	1	37	23	 Corynebacterium resistens
0.00	1	36	24	 Corynebacterium deserti
0.00	29	130	3	 Mycolicibacterium chubuense
0.00	1	14	7	 Mycolicibacterium mucogenicum
0.00	1	1	1	 Mycolicibacterium duvalii
0.00	1	2	1	 Mycolicibacterium litorale
0.00	1	2	2	 Mycobacterium sp. EPa45
0.00	1	3	2	 Mycobacterium sp. DL592
0.00	1	1	1	 Mycobacterium sp. TY59
0.00	1	3	2	 Mycobacterium paraseoulense
0.00	1	3	3	 Mycobacterium heraklionense
0.00	1	12	7	 Mycobacterium paragordonae
0.00	1	1	1	 Mycobacterium xenopi
0.00	1	43	22	 Mycobacteroides chelonae
0.00	1	10	9	 Mycobacteroides abscessus
0.00	1	1	1	 Mycolicibacter hiberniae
0.00	22	579	299	 Dietzia timorensis
0.00	8	193	21	 Lawsonella clevelandensis
0.00	1	45	33	 Nocardia farcinica
0.00	1	12	7	 Nocardia cyriacigeorgica
0.00	1	5	4	 Nocardia tengchongensis
0.00	1	4	3	 Rhodococcus triatomae
0.00	1	4	2	 Gordonia sp. KTR9
0.00	1	26	16	 Gordonia sp. JH63
0.00	1	52	35	 Gordonia bronchialis
0.00	1	13	13	 Gordonia terrae
0.00	1	5	4	 Gordonia rubripertincta
0.00	2	15	14	 Tsukamurella paurometabola
0.02	228	2659	450	 Actinomyces naeslundii
0.01	55	645	291	 Actinomyces sp. oral taxon 414
0.01	51	458	220	 Actinomyces sp. oral taxon 171
0.00	35	374	109	 Actinomyces sp. HMT 175
0.00	24	288	82	 Actinomyces sp. oral taxon 169
0.00	10	50	9	 Actinomyces sp. HMT897
0.00	7	35	27	 Actinomyces sp. oral taxon 897
0.00	2	10	3	 Actinomyces sp. Chiba101
0.00	2	22	16	 Actinomyces sp. MAS-1
0.00	34	178	59	 Actinomyces viscosus
0.00	34	351	90	 Actinomyces oris
0.00	21	29	3	 Actinomyces wuliandei
0.00	14	50	10	 Actinomyces radicidentis
0.00	9	29	11	 Actinomyces trachealis
0.00	5	47	13	 Actinomyces weissii
0.00	3	89	49	 Actinomyces pacaensis
0.00	3	18	8	 Actinomyces howellii
0.00	3	66	12	 Actinomyces israelii
0.00	1	10	5	 Actinomyces slackii
0.00	1	3	2	 Actinomyces lilanjuaniae
0.00	1	16	7	 Actinomyces faecalis
0.00	43	1738	274	 Pauljensenia hongkongensis
0.00	24	397	326	 Schaalia odontolytica
0.00	9	40	15	 Schaalia sp. ZJ405
0.00	2	8	7	 Schaalia sp. 19OD2882
0.00	3	18	12	 Schaalia meyeri
0.00	1	18	10	 Schaalia turicensis
0.00	34	92	4	 Winkia sp. C64
0.00	19	433	36	 Actinotignum schaalii
0.00	14	49	7	 Actinobaculum sp. 313
0.00	1	2	2	 Mobiluncus curtisii
0.00	1	27	11	 Arcanobacterium sp. JY-X040
0.02	182	7452	1472	 Rothia mucilaginosa
0.01	55	2187	562	 Rothia dentocariosa
0.00	37	674	287	 Rothia amarae
0.00	13	558	409	 Rothia aeria
0.00	8	68	33	 Rothia nasimurium
0.02	211	4825	2427	 Micrococcus luteus
0.00	1	46	46	 Micrococcus sp. KD337-16
0.01	61	2788	538	 Kocuria palustris
0.00	4	128	114	 Kocuria sp. TGY1120_3
0.00	1	4	4	 Kocuria sp. TGY1127_2
0.00	1	2	2	 Kocuria rhizophila
0.00	1	4	3	 Kocuria flava
0.00	1	3	3	 Arthrobacter sp. PAMC25284
0.00	1	2	2	 Arthrobacter sp. UKPF54-2
0.00	1	3	3	 Arthrobacter sp. NtRootA1
0.00	1	94	40	 Arthrobacter citreus
0.00	1	4	3	 Arthrobacter dokdonellae
0.00	13	38	7	 Brachybacterium ginsengisoli
0.00	8	43	14	 Brachybacterium sp. P6-10-X1
0.00	1	16	14	 Brachybacterium sp. SGAir0954
0.00	8	32	5	 Brachybacterium saurashtrense
0.00	20	169	43	 Dermabacter vaginalis
0.00	12	207	82	 Dermabacter jinjuensis
0.00	3	9	8	 Microbacterium sp. A18JL241
0.00	1	5	4	 Microbacterium sp. WY121
0.00	1	1	1	 Microbacterium sp. Y-01
0.00	1	4	4	 Microbacterium foliorum
0.00	1	2	2	 Microbacterium pygmaeum
0.00	2	2	2	 Rathayibacter sp. VKM Ac-2759
0.00	1	2	2	 Rathayibacter sp. VKM Ac-2804
0.00	2	5	4	 Rathayibacter rathayi
0.00	3	68	66	 Curtobacterium flaccumfaciens
0.00	3	49	39	 Clavibacter michiganensis
0.00	1	1	1	 Leucobacter denitrificans
0.00	1	5	3	 Leucobacter sp. NB 10
0.00	2	9	5	 Gryllotalpicola protaetiae
0.00	1	2	2	 Agrococcus sp. Marseille-Q4369
0.00	1	2	2	 Herbiconiux sp. SALV-R1
0.00	14	392	170	 Kytococcus sedentarius
0.00	7	190	154	 Brevibacterium casei
0.00	1	10	5	 Brevibacterium sp. CS2
0.00	1	8	4	 Brevibacterium sp. o2
0.00	1	5	3	 Brevibacterium sp. 'Marine'
0.00	7	265	94	 Dermacoccus sp. PAMC28757
0.00	1	43	29	 Dermacoccus nishinomiyaensis
0.00	1	3	3	 Luteipulveratus mongoliensis
0.00	1	2	1	 Cellulomonas sp. PSBB021
0.00	1	3	2	 Cellulomonas sp. H30R-01
0.00	1	2	1	 Cellulomonas sp. zg-ZUI157
0.00	1	1	1	 Oerskovia sp. KBS0722
0.00	1	1	1	 Paraoerskovia marina
0.00	1	3	3	 Pseudactinotalea sp. HY158
0.00	3	26	15	 Janibacter indicus
0.00	1	15	5	 Ornithinimicrobium sp. AMA3305
0.01	134	5002	3738	 Cutibacterium acnes
0.00	2	55	34	 Cutibacterium granulosum
0.00	1	59	59	 Cutibacterium avidum
0.00	1	56	42	 Cutibacterium modestum
0.00	26	1067	427	 Arachnia rubra
0.00	15	244	92	 Arachnia propionica
0.00	3	3	3	 Brevilactibacter sp. MC1595
0.00	1	55	46	 Propionimicrobium sp. Marseille-P3275
0.00	1	6	6	 Auraticoccus monumenti
0.00	1	6	6	 Nocardioides sp. S5
0.00	1	2	2	 Nocardioides sp. G188
0.00	1	5	3	 Nocardioides sp. LMS-CY
0.00	1	3	2	 Nocardioides marinisabuli
0.00	1	5	3	 Nocardioides mesophilus
0.00	1	1	1	 Nocardioides humi
0.00	1	4	2	 Nocardioides anomalus
0.00	1	2	2	 Nocardioides ungokensis
0.00	1	3	2	 Nocardioides houyundeii
0.00	1	1	1	 Nocardioides cynanchi
0.00	1	4	3	 Pimelobacter simplex
0.00	1	3	2	 Kribbella flavida
0.00	2	6	3	 Streptomyces sp. YIM 121038
0.00	1	4	3	 Streptomyces sp. 2323.1
0.00	1	5	4	 Streptomyces sp. HF10
0.00	1	4	4	 Streptomyces sp. SCUT-3
0.00	1	5	2	 Streptomyces sp. W1SF4
0.00	2	3	3	 Streptomyces aquilus
0.00	2	16	2	 Streptomyces lividans
0.00	1	3	2	 Streptomyces cattleya
0.00	1	2	2	 Streptomyces atratus
0.00	1	3	1	 Streptomyces seoulensis
0.00	1	5	5	 Streptomyces venezuelae
0.00	1	2	2	 Streptomyces cyanogenus
0.00	1	1	1	 Streptomyces davaonensis
0.00	1	3	2	 Streptomyces glaucescens
0.00	1	1	1	 Streptomyces parvulus
0.00	1	3	2	 Kitasatospora sp. MMS16-BH015
0.00	1	4	4	 Streptacidiphilus sp. PB12-B1b
0.00	3	12	8	 Pseudonocardia sp. CGMCC 4.1532
0.00	1	1	1	 Pseudonocardia sp. AL041005-10
0.00	1	20	7	 Amycolatopsis keratiniphila
0.00	1	1	1	 Amycolatopsis sp. FDAARGOS 1241
0.00	1	4	4	 Saccharomonospora xinjiangensis
0.00	1	1	1	 Kibdelosporangium phytohabitans
0.00	1	10	5	 Kutzneria albida
0.00	1	2	2	 Actinoplanes missouriensis
0.00	1	5	3	 Actinoplanes ianthinogenes
0.00	1	4	3	 Actinoplanes sp. L3-i22
0.00	1	1	1	 Micromonospora sp. 28ISP2-46
0.00	1	5	4	 Micromonospora coriariae
0.00	1	3	2	 Actinocatenispora sera
0.00	1	6	2	 Phytohabitans flavus
0.00	4	14	9	 Geodermatophilus obscurus
0.00	1	3	3	 Blastococcus saxobsidens
0.00	1	9	8	 Streptosporangium roseum
0.00	1	2	2	 Actinomadura sp. NAK00032
0.00	1	4	2	 Nocardiopsis sp. MT53
0.00	1	17	9	 Gardnerella vaginalis
0.00	1	9	7	 Epidermidibacterium keratini
0.00	9	202	107	 Lancefieldella parvula
0.00	2	36	29	 Olsenella sp. oral taxon 807
0.00	1	2	2	 Olsenella sp. LZLJ-2
0.00	3	44	23	 Rubrobacter sp. SCSIO 52915
0.00	1	22	20	 Rubrobacter sp. SCSIO 52909
0.00	1	5	4	 Rubrobacter radiotolerans
0.00	1	11	9	 Rubrobacter xylanophilus
0.00	1	2	2	 Conexibacter woesei
0.11	1141	16858	7961	 Deinococcus wulumuqiensis
0.03	337	1964	910	 Deinococcus radiodurans
0.00	34	227	98	 Deinococcus sp. TS-293
0.00	26	195	135	 Deinococcus sp. NW-56
0.00	23	139	102	 Deinococcus sp. AJ005
0.01	57	455	212	 Deinococcus ficus
0.00	47	290	187	 Deinococcus gobiensis
0.00	44	304	109	 Deinococcus deserti
0.00	31	341	173	 Deinococcus puniceus
0.00	26	558	200	 Deinococcus proteolyticus
0.00	24	387	119	 Deinococcus metallilatus
0.00	20	289	92	 Deinococcus geothermalis
0.00	19	126	77	 Deinococcus irradiatisoli
0.00	18	294	123	 Deinococcus radiopugnans
0.00	14	107	76	 Deinococcus actinosclerus
0.00	10	66	52	 Deinococcus psychrotolerans
0.00	8	87	51	 Deinococcus maricopensis
0.00	3	53	30	 Deinococcus peraridilitoris
0.00	3	60	39	 Deinococcus soli (ex Cha et al. 2016)
0.00	1	16	11	 Truepera radiovictrix
0.00	2	7	6	 Nostoc sp. NIES-4103
0.00	1	7	7	 Nostoc sp. PCC 7524
0.00	1	9	4	 Nostoc sp. CENA543
0.00	1	28	9	 Nostoc sp. UHCC 0702
0.00	1	3	3	 Nostoc linckia
0.00	1	24	2	 Nostoc carneum
0.00	1	7	6	 Nostoc sphaeroides
0.00	1	9	7	 Anabaena cylindrica
0.00	1	7	2	 Anabaena sp. 90
0.00	1	3	3	 Cylindrospermum stagnale
0.00	7	70	58	 Calothrix sp. PCC 7716
0.00	2	9	8	 Calothrix sp. PCC 7507
0.00	1	6	4	 Calothrix sp. PCC 6303
0.00	1	3	3	 Calothrix sp. NIES-2098
0.00	1	18	10	 Calothrix parasitica
0.00	2	6	5	 Scytonema sp. NIES-4073
0.00	2	14	10	 Brasilonema sennae
0.00	1	8	5	 Anabaenopsis circularis
0.00	1	85	4	 Anabaenopsis elenkinii
0.00	1	2	2	 Dolichospermum compactum
0.00	2	21	5	 Fischerella sp. NIES-4106
0.00	1	9	7	 Fischerella sp. NIES-3754
0.00	4	41	17	 Gloeocapsa sp. PCC 7428
0.00	1	5	4	 Rippkaea orientalis
0.00	2	10	4	 Oscillatoria nigro-viridis
0.00	1	16	10	 Oscillatoria acuminata
0.00	1	10	9	 Microcoleus sp. PCC 7113
0.00	6	87	67	 Chroococcidiopsis thermalis
0.00	1	7	7	 Leptolyngbya sp. NIES-3755
0.00	1	7	5	 Leptolyngbya sp. 7M
0.00	1	28	23	 Leptolyngbya boryana
0.00	2	6	5	 Pseudanabaena sp. ABRG5-3
0.00	1	2	2	 Synechococcus sp. PCC 7336
0.00	1	104	15	 Prochlorococcus marinus
0.00	2	7	5	 Gloeomargarita lithophora
0.00	29	157	3	 Dehalococcoides mccartyi
0.00	2	195	4	 Entomoplasma melaleucae
0.00	2	33	2	 Mesoplasma entomophilum
0.00	1	5	3	 Mycoplasma capricolum
0.00	1	79	7	 Mycoplasma mycoides
0.00	1	31	2	 Mycoplasma sp. 1654_15
0.69	6906	291399	132184	 Moraxella osloensis
0.00	2	18	12	 Moraxella bovis
0.00	18	222	115	 Acinetobacter johnsonii
0.00	16	513	378	 Acinetobacter junii
0.00	11	166	59	 Acinetobacter sp.
0.00	2	19	12	 Acinetobacter sp. WCHA45
0.00	1	26	26	 Acinetobacter sp. NEB 394
0.00	8	116	81	 Acinetobacter indicus
0.00	4	102	69	 Acinetobacter baumannii
0.00	1	36	22	 Acinetobacter pittii
0.00	4	164	109	 Acinetobacter haemolyticus
0.00	2	31	15	 Acinetobacter wuhouensis
0.00	2	12	12	 Acinetobacter guillouiae
0.00	1	24	16	 Acinetobacter towneri
0.00	1	9	5	 Acinetobacter ursingii
0.00	1	7	7	 Acinetobacter dispersus
0.00	1	4	3	 Acinetobacter bereziniae
0.00	2	51	36	 Psychrobacter sp. YP14
0.00	1	5	5	 Psychrobacter sp. G
0.00	1	24	15	 Psychrobacter sp. P11F6
0.00	1	12	8	 Psychrobacter sp. AntiMn-1
0.00	8	215	138	 Pseudomonas alcaligenes
0.00	5	110	100	 Pseudomonas aeruginosa
0.00	2	28	17	 Pseudomonas mendocina
0.00	1	7	6	 Pseudomonas resinovorans
0.00	8	54	1	 Pseudomonas savastanoi
0.00	2	4	1	 Pseudomonas fuscovaginae
0.00	4	44	43	 Pseudomonas fluorescens
0.00	2	6	6	 Pseudomonas synxantha
0.00	1	58	58	 Pseudomonas sp. SDM007
0.00	1	6	6	 Pseudomonas sp. ADAK13
0.00	1	2	2	 Pseudomonas sp. DTU12.1
0.00	1	1	1	 Pseudomonas sp. IB20
0.00	4	113	68	 Pseudomonas putida
0.00	3	144	108	 Pseudomonas stutzeri
0.00	2	67	38	 Pseudomonas entomophila
0.00	2	8	4	 Pseudomonas marincola
0.00	2	6	5	 Pseudomonas chlororaphis
0.00	1	42	35	 Pseudomonas qingdaonensis
0.00	1	3	3	 Pseudomonas koreensis
0.00	1	4	4	 Pseudomonas arsenicoxydans
0.00	1	2	1	 Pseudomonas xantholysinigenes
0.11	1060	44213	31392	 Plesiomonas shigelloides
0.00	33	133	11	 Klebsiella pneumoniae
0.00	1	2	2	 Enterobacter roggenkampii
0.00	1	6	2	 Enterobacter sp. E76
0.00	2	13	9	 Leclercia adecarboxylata
0.00	2	20	16	 Escherichia coli
0.00	1	6	6	 Citrobacter freundii
0.00	1	2	2	 Enterobacteriaceae endosymbiont of Donacia clavipes
0.00	1	2	1	 Buttiauxella agrestis
0.00	1	12	6	 Candidatus Profftia tarda
0.00	1	2	2	 Phytobacter diazotrophicus
0.00	1	2	2	 Serratia odorifera
0.00	1	3	3	 Serratia sp. ATCC 39006
0.00	2	11	10	 Proteus mirabilis
0.00	1	6	2	 Xenorhabdus bovienii
0.00	3	122	69	 Buchnera aphidicola
0.00	1	57	57	 Pantoea agglomerans
0.07	650	20342	12858	 Vibrio vulnificus
0.00	5	14	7	 Vibrio tritonius
0.00	2	30	27	 Vibrio casei
0.00	1	4	3	 Vibrio sp. OG9-811
0.00	1	18	12	 Vibrio parahaemolyticus
0.00	2	10	4	 Francisella philomiragia
0.00	1	10	6	 Francisella sp. FSC1006
0.00	3	14	7	 Thiothrix sp.
0.00	12	312	86	 [Haemophilus] ducreyi
0.00	6	204	186	 Haemophilus parainfluenzae
0.00	1	2	1	 Aggregatibacter segnis
0.00	4	11	5	 Thermomonas sp. HDW16
0.00	1	1	1	 Xanthomonas translucens
0.00	1	6	5	 Xanthomonas campestris
0.00	1	3	2	 Xanthomonas albilineans
0.00	1	23	13	 Stenotrophomonas maltophilia
0.00	1	3	2	 Luteimonas sp. JM171
0.00	1	20	10	 Luteibacter rhizovicinus
0.00	1	1	1	 Luteibacter pinisoli
0.00	5	19	3	 Pseudoalteromonas prydzensis
0.00	4	12	3	 Shewanella frigidimarina
0.00	1	5	5	 Alteromonas macleodii
0.00	1	1	1	 Marinobacter sp. CP1
0.00	1	9	3	 Colwellia sp. Arc7-635
0.00	1	2	2	 Psychromonas sp. CNPT3
0.00	5	152	5	 Halomonas meridiana
0.00	4	117	86	 Chromohalobacter salexigens
0.00	1	2	1	 Kushneria marisflavi
0.00	1	2	1	 Kushneria phosphatilytica
0.00	1	1	1	 Methylococcus sp. EFPC2
0.00	1	5	3	 Methylomonas methanica
0.00	1	1	1	 Thiocystis violascens
0.00	1	3	2	 Candidatus Thiodictyon syntrophicum
0.00	1	1	1	 Rickettsiella endosymbiont of Dermanyssus gallinae
0.00	1	5	4	 Candidatus Ruthia magnifica
0.00	1	6	5	 Cellvibrio sp. KY-YJ-3
0.00	1	1	1	 Steroidobacter denitrificans
0.03	333	8272	5551	 Paracoccus sanguinis
0.00	28	340	160	 Paracoccus sp. MC1862
0.00	4	26	23	 Paracoccus sp. AK26
0.00	23	165	98	 Paracoccus contaminans
0.00	10	162	143	 Paracoccus yeei
0.00	9	44	16	 Paracoccus zhejiangensis
0.00	5	30	27	 Paracoccus suum
0.00	5	20	16	 Paracoccus aminovorans
0.00	3	9	7	 Paracoccus marcusii
0.00	3	23	18	 Paracoccus pantotrophus
0.00	2	30	9	 Paracoccus aminophilus
0.00	2	10	6	 Paracoccus mutanolyticus
0.00	1	12	7	 Paracoccus kondratievae
0.00	1	14	13	 Paracoccus jeotgali
0.00	1	12	10	 Paracoccus denitrificans
0.00	1	17	13	 Paracoccus liaowanqingii
0.00	2	10	10	 Rhodobacter blasticus
0.00	1	14	10	 Rhodobacter sp. LPB0142
0.00	2	4	1	 Rhodovulum sp. MB263
0.00	1	22	20	 Cereibacter sphaeroides
0.00	1	1	1	 Pelagovum pacificum
0.00	1	4	4	 Paraoceanicella profunda
0.00	3	5	2	 Sagittula sp. P11
0.00	1	4	4	 Roseovarius faecimaris
0.00	1	6	4	 Roseovarius sp. SCSIO 43702
0.00	1	7	3	 Celeribacter ethanolicus
0.00	1	6	5	 Ruegeria pomeroyi
0.00	1	2	2	 Jannaschia sp. J12C1-MA-4
0.00	1	1	1	 Tateyamaria omphalii
0.00	1	6	6	 Phaeobacter gallaeciensis
0.00	2	19	15	 Methylobacterium sp. DM1
0.00	2	12	12	 Methylobacterium sp. 17Sr1-1
0.00	1	4	4	 Methylobacterium sp. AMS5
0.00	1	6	6	 Methylobacterium sp. C1
0.00	1	5	4	 Methylobacterium sp. WL1
0.00	8	58	45	 Methylobacterium aquaticum
0.00	5	21	17	 Methylobacterium radiodurans
0.00	4	18	15	 Methylobacterium brachiatum
0.00	2	10	9	 Methylobacterium indicum
0.00	2	18	17	 Methylobacterium durans
0.00	15	267	193	 Methylorubrum populi
0.00	5	137	115	 Methylorubrum extorquens
0.00	11	379	304	 Mesorhizobium sp. Pch-S
0.00	1	1	1	 Mesorhizobium sp. NBSH29
0.00	1	10	10	 Mesorhizobium oceanicum
0.00	1	49	49	 Aminobacter sp. SR38
0.00	2	4	2	 Bradyrhizobium sp. CCBAU 53421
0.00	1	63	38	 Bradyrhizobium sp. PSBB068
0.00	1	11	7	 Bradyrhizobium erythrophlei
0.00	1	1	1	 Bradyrhizobium paxllaeri
0.00	1	37	32	 Bradyrhizobium betae
0.00	1	1	1	 Bradyrhizobium amphicarpaeae
0.00	1	5	5	 Bradyrhizobium diazoefficiens
0.00	2	8	5	 Rhodopseudomonas sp. SK50-23
0.00	1	6	4	 Rhizobium sp. NXC24
0.00	1	11	6	 Rhizobium sp. ACO-34A
0.00	1	25	25	 Rhizobium sp. X9
0.00	1	5	4	 Rhizobium pusense
0.00	1	7	6	 Agrobacterium tumefaciens
0.00	2	6	1	 Sinorhizobium meliloti
0.00	1	12	11	 Ensifer adhaerens
0.00	1	5	3	 Bosea sp. ANAM02
0.00	1	3	2	 Rhodoplanes sp. Z2-YC6860
0.00	1	1	1	 Aquabacter sp. L1I39
0.00	1	2	2	 Methyloceanibacter caenitepidi
0.00	1	4	2	 Kaustia mangrovi
0.00	1	1	1	 Brucella anthropi
0.00	1	3	2	 Martelella lutilitoris
0.00	1	6	3	 Labrys sp. KNU-23
0.00	2	16	16	 Sphingomonas sp. LK11
0.00	2	20	20	 Sphingomonas sp. NBWT7
0.00	2	10	6	 Sphingomonas sp. NIC1
0.00	1	4	4	 Sphingomonas sp. CL5.1
0.00	4	86	75	 Sphingomonas paucimobilis
0.00	2	16	11	 Sphingomonas sanguinis
0.00	2	6	2	 Sphingomonas melonis
0.00	2	3	3	 Sphingomonas wittichii
0.00	2	8	2	 Sphingomonas sanxanigenens
0.00	1	4	2	 Sphingomonas sabuli
0.00	1	12	11	 Sphingomonas aliaeris
0.00	1	1	1	 Sphingomonas hengshuiensis
0.00	1	3	3	 Sphingomonas insulae
0.00	3	17	10	 Sphingobium yanoikuyae
0.00	1	4	4	 Sphingobium sp. TKS
0.00	1	6	6	 Sphingobium xenophagum
0.00	1	3	2	 Sphingobium baderi
0.00	1	2	2	 Sphingobium phenoxybenzoativorans
0.00	2	21	12	 Novosphingobium sp. EMRT-2
0.00	1	23	23	 Novosphingobium sp. THN1
0.00	1	1	1	 Novosphingobium resinovorum
0.00	1	2	1	 Sphingosinithalassobacter sp. CS137
0.00	1	3	3	 Novosphingopyxis iocasae
0.00	1	2	2	 Qipengyuania flava
0.00	1	2	2	 Qipengyuania seohaensis
0.00	1	3	3	 Qipengyuania soli
0.00	1	1	1	 Erythrobacter sp. HL-111
0.00	1	1	1	 Erythrobacter sp. SCSIO 43205
0.00	1	5	3	 Porphyrobacter sp. HT-58-2
0.00	1	4	3	 Tsuneonella dongtanensis
0.00	1	3	3	 Tsuneonella amylolytica
0.00	3	31	21	 Brevundimonas sp. SGAir0440
0.00	2	14	10	 Brevundimonas sp. DS20
0.00	1	6	6	 Brevundimonas sp. Bb-A
0.00	1	1	1	 Brevundimonas sp. 'scallop'
0.00	5	6	1	 Brevundimonas subvibrioides
0.00	2	5	2	 Brevundimonas mediterranea
0.00	1	12	12	 Brevundimonas vesicularis
0.00	4	15	12	 Caulobacter segnis
0.00	1	12	8	 Caulobacter vibrioides
0.00	1	3	2	 Caulobacter rhizosphaerae
0.00	2	17	11	 Roseomonas sp. 1318
0.00	1	9	7	 Roseomonas sp. 546
0.00	2	37	23	 Roseomonas mucosa
0.00	1	10	8	 Roseococcus sp. NIBR12
0.00	1	3	2	 Acidibrevibacterium fodinaquatile
0.00	1	4	3	 Acetobacter aceti
0.00	2	2	2	 Hypericibacter adhaerens
0.00	1	2	2	 Rhodospirillum centenum
0.00	1	20	20	 Azospirillum brasilense
0.00	1	4	1	 Wolbachia endosymbiont of Dipetalonema caudispina
0.00	1	17	3	 Rickettsiales endosymbiont of Stachyamoeba lipophora
0.00	1	437	6	 Candidatus Pelagibacter sp. HIMB1321
0.01	70	536	486	 Delftia acidovorans
0.00	5	39	39	 Delftia sp. HK171
0.00	4	33	31	 Delftia lacustris
0.00	1	10	9	 Delftia tsuruhatensis
0.00	10	112	40	 Ottowia sp. 27C
0.00	4	49	25	 Ottowia oryzae
0.00	5	138	122	 Comamonas aquatica
0.00	1	27	14	 Comamonas testosteroni
0.00	1	1	1	 Comamonas piscis
0.00	2	37	30	 Acidovorax sp. KKS102
0.00	2	38	20	 Acidovorax sp. 1608163
0.00	1	14	9	 Acidovorax sp. RAC01
0.00	1	4	4	 Acidovorax sp. T1
0.00	1	5	3	 Variovorax sp. PBL-H6
0.00	1	3	3	 Variovorax sp. RA8
0.00	1	1	1	 Variovorax sp. HW608
0.00	1	1	1	 Variovorax sp. PAMC 28711
0.00	1	9	7	 Variovorax paradoxus
0.00	3	12	5	 Rhodoferax ferrireducens
0.00	3	25	19	 Alicycliphilus denitrificans
0.00	1	23	17	 Diaphorobacter aerolatus
0.00	1	9	9	 Diaphorobacter polyhydroxybutyrativorans
0.00	1	4	4	 Diaphorobacter sp. MNS-0
0.00	1	2	2	 Hydrogenophaga sp. BA0156
0.00	1	2	2	 Polaromonas sp. JS666
0.00	1	4	3	 Curvibacter sp. AEP1-3
0.00	11	358	293	 Lautropia mirabilis
0.00	1	1	1	 Burkholderia anthina
0.00	2	14	13	 Ralstonia solanacearum
0.00	1	3	2	 Cupriavidus basilensis
0.00	1	1	1	 Cupriavidus neocaledonicus
0.00	1	27	18	 Paraburkholderia fungorum
0.00	1	3	2	 Paraburkholderia dokdonella
0.00	2	44	40	 Massilia sp. NP310
0.00	1	3	3	 Massilia umbonata
0.00	1	6	2	 Massilia putida
0.00	2	19	19	 Herbaspirillum huttiense
0.00	3	24	8	 Alcaligenes faecalis
0.00	1	2	2	 Achromobacter denitrificans
0.00	1	9	6	 Rubrivivax gelatinosus
0.00	1	6	6	 Aquabacterium olei
0.00	1	8	7	 Rhizobacter gummiphilus
0.00	35	301	260	 Neisseria subflava
0.00	20	155	128	 Neisseria mucosa
0.00	6	92	92	 Neisseria sicca
0.00	5	109	87	 Neisseria elongata
0.00	4	45	43	 Neisseria flavescens
0.00	3	15	14	 Neisseria meningitidis
0.00	2	8	6	 Neisseria lactamica
0.00	1	6	6	 Neisseria polysaccharea
0.00	1	5	3	 Neisseria animalis
0.00	1	6	6	 Neisseria gonorrhoeae
0.00	1	3	3	 Neisseria sp. oral taxon 014
0.00	1	4	4	 Neisseria zoodegmatis
0.00	1	19	19	 Kingella denitrificans
0.00	1	3	2	 Aromatoleum aromaticum
0.00	1	1	1	 Niveibacterium microcysteis
0.00	1	2	1	 Geobacter sp. FeAm09
0.00	1	5	4	 Desulfuromonas versatilis
0.00	1	2	1	 Syntrophotalea carbinolica
0.00	3	10	2	 Desulfobulbus oligotrophicus
0.00	1	2	1	 Desulfobacula toluolica
0.00	1	8	5	 Corallococcus sp. EGB
0.00	1	4	2	 Anaeromyxobacter dehalogenans
0.00	1	4	4	 Sandaracinus amylolyticus
0.00	3	21	6	 Campylobacter pinnipediorum
0.00	1	18	2	 Pseudoarcobacter acticola
0.00	1	5	4	 Malaciobacter halophilus
0.00	1	6	3	 Poseidonibacter lekithochrous
0.00	2	9	3	 Sulfurimonas sp. H1576
0.00	1	6	3	 Candidatus Sulfurimonas baltica
0.00	5	21	7	 Flavobacterium sp. KBS0721
0.00	5	23	2	 Flavobacterium sp. BB8
0.00	1	9	3	 Flavobacterium sp. Sr18
0.00	5	21	4	 Flavobacterium kingsejongi
0.00	1	18	5	 Flavobacterium inviolabile
0.00	1	22	13	 Flavobacterium haoranii
0.00	1	5	2	 Flavobacterium branchiophilum
0.00	1	5	5	 Polaribacter sp. BM10
0.00	1	48	6	 Polaribacter sp. L3A8
0.00	1	6	5	 Polaribacter sp. L12M9
0.00	1	4	2	 Polaribacter reichenbachii
0.00	4	16	4	 Lutibacter profundi
0.00	3	5	3	 Lacinutrix sp. Bg11-31
0.00	2	20	6	 Cellulophaga sp. L1A9
0.00	1	2	2	 Cellulophaga sp. HaHa_2_95
0.00	1	5	4	 Aequorivita sublithincola
0.00	1	18	1	 Aequorivita sp. H23M31
0.00	1	5	5	 Tenacibaculum mesophilum
0.00	1	2	2	 Tenacibaculum singaporense
0.00	1	3	3	 Capnocytophaga cynodegmi
0.00	1	7	5	 Changchengzhania lutea
0.00	1	3	3	 Antarcticibacterium flavum
0.00	1	2	2	 Urechidicola croceus
0.00	18	216	170	 Chryseobacterium taklimakanense
0.00	5	37	31	 Chryseobacterium sp. POL2
0.00	2	22	15	 Chryseobacterium sp. ZHDP1
0.00	1	3	2	 Chryseobacterium sp.
0.00	1	7	5	 Chryseobacterium sp. F4
0.00	1	10	9	 Chryseobacterium sp. 3008163
0.00	1	9	8	 Chryseobacterium sp. G0162
0.00	1	11	5	 Chryseobacterium sp. SNU WT5
0.00	1	8	8	 Chryseobacterium sp. cx-624
0.00	3	54	47	 Chryseobacterium arthrosphaerae
0.00	3	13	13	 Chryseobacterium balustinum
0.00	2	42	27	 Chryseobacterium indologenes
0.00	2	36	15	 Chryseobacterium indoltheticum
0.00	2	17	15	 Chryseobacterium aureum
0.00	1	5	3	 Chryseobacterium salivictor
0.00	1	7	6	 Chryseobacterium carnipullorum
0.00	1	6	4	 Chryseobacterium bernardetii
0.00	1	4	3	 Chryseobacterium camelliae
0.00	1	4	4	 Chryseobacterium glaciei
0.00	1	10	7	 Chryseobacterium shandongense
0.00	3	36	32	 Kaistella sp. PM-38
0.00	2	11	3	 Kaistella carnis
0.00	1	13	9	 Kaistella antarctica
0.00	3	87	77	 Epilithonimonas vandammei
0.00	1	7	4	 Elizabethkingia sp. JS20170427COW
0.00	1	3	3	 Elizabethkingia sp. M8
0.00	1	3	2	 Elizabethkingia miricola
0.00	1	9	8	 Elizabethkingia anophelis
0.00	1	72	51	 Elizabethkingia bruuniana
0.00	1	19	10	 Cloacibacterium normanense
0.00	1	21	20	 Cloacibacterium caeni
0.00	1	104	45	 Blattabacterium cuenoti
0.00	1	12	5	 Candidatus Sulcia muelleri
0.00	5	201	172	 Prevotella melaninogenica
0.00	5	73	67	 Prevotella sp. oral taxon 299
0.00	2	41	30	 Prevotella veroralis
0.00	1	46	46	 Prevotella histicola
0.00	1	51	51	 Prevotella jejuni
0.00	2	4	2	 Alistipes communis
0.00	1	1	1	 Alistipes dispar
0.00	1	29	15	 Porphyromonas asaccharolytica
0.00	1	12	10	 Porphyromonas sp. oral taxon 275
0.00	1	4	1	 Barnesiella viscericola
0.00	1	4	4	 Parabacteroides goldsteinii
0.00	14	81	5	 Bernardetia litoralis
0.00	1	5	4	 Hymenobacter sp. PAMC 26554
0.00	1	4	3	 Hymenobacter oligotrophus
0.00	1	12	12	 Spirosoma sp. CJU-R4
0.00	2	16	1	 Mucilaginibacter rubeus
0.00	1	2	1	 Mucilaginibacter gossypii
0.00	1	3	2	 Sphingobacterium thalpophilum
0.00	1	8	3	 Pedobacter sp. CJ43
0.00	1	3	3	 Ferruginibacter sp. KIS38-8
0.00	1	2	1	 Gemmatimonas sp. TET16
0.00	1	22	11	 Gemmatirosa kalamazoonesis
0.00	5	162	33	 Leptotrichia sp. oral taxon 212
0.00	2	74	41	 Leptotrichia sp. oral taxon 498
0.00	1	39	22	 Leptotrichia sp. oral taxon 221
0.00	7	163	112	 Leptotrichia hongkongensis
0.00	5	87	70	 Leptotrichia buccalis
0.00	5	125	86	 Leptotrichia wadei
0.00	3	134	45	 Leptotrichia hofstadii
0.00	4	87	52	 Fusobacterium pseudoperiodonticum
0.00	3	94	66	 Fusobacterium nucleatum
0.00	1	11	7	 Fusobacterium periodonticum
0.00	1	15	9	 Fusobacterium sp. NSJ-57
0.00	6	40	1	 Oceanispirochaeta crateris
0.00	2	7	2	 Treponema sp. Marseille-Q4132
0.00	2	31	6	 Brachyspira murdochii
0.00	1	7	6	 Brachyspira hyodysenteriae
0.00	2	5	2	 Telmatocola sphagniphila
0.00	2	10	7	 Urbifossiella limnaea
0.00	1	2	1	 Gemmata sp. SH-PL17
0.00	1	11	10	 Planctomyces sp. SH-PL62
0.00	1	9	4	 Caulifigura coniformis
0.00	1	13	13	 Tautonia plasticadhaerens
0.00	1	2	2	 Granulicella mallensis
0.00	1	2	2	 Paludibaculum fermentans
0.01	118	5746	4987	 Malassezia globosa
0.01	55	1858	1580	 Malassezia restricta
0.00	6	263	202	 Malassezia furfur
0.00	1	6	5	 Malassezia pachydermatis
0.00	1	10	10	 Malassezia japonica
0.00	1	8	8	 Malassezia caprae
0.00	1	5	5	 Malassezia equina
0.00	1	54	54	 Malassezia arunalokei
0.00	23	139	7	 Botrytis cinerea
0.00	3	29	17	 Thermothelomyces thermophilus
0.00	3	17	17	 Thermothielavioides terrestris
0.00	5	20	17	 Neurospora crassa
0.00	1	5	5	 Pyricularia grisea
0.00	1	7	7	 Pyricularia pennisetigena
0.00	1	32	4	 Fusarium fujikuroi
0.00	1	6	4	 Ustilaginoidea virens
0.00	1	13	11	 Pochonia chlamydosporia
0.00	1	10	9	 Colletotrichum higginsianum
0.00	3	49	22	 Aspergillus luchuensis
0.00	3	32	24	 Aspergillus oryzae
0.00	1	9	8	 Aspergillus chevalieri
0.00	1	12	11	 Aspergillus puulaauensis
0.00	7	49	29	 Cercospora beticola
0.00	4	18	7	 Naumovozyma castellii
0.00	2	42	34	 Saccharomyces cerevisiae
0.00	1	7	6	 Saccharomyces eubayanus
0.00	1	3	3	 Torulaspora globosa
0.00	2	115	92	 Candida orthopsilosis
0.00	1	16	8	 Candida albicans
0.00	1	34	34	 Candida dubliniensis
0.00	2	66	46	 [Candida] auris
0.00	1	2	2	 Sugiyamaella lignohabitans
0.00	1	10	8	 Schizosaccharomyces pombe
0.01	86	2414	971	 Homo sapiens
0.00	9	22	2	 Methanobrevibacter sp. YE315
0.00	1	7	5	 Methanobrevibacter arboriphilus
0.00	3	11	1	 Methanobacterium lacus
0.00	1	10	3	 Methanosphaera stadtmanae
0.00	3	14	2	 Methanosarcina horonobensis
0.00	1	1	1	 Methanoregula formicica
0.00	1	2	1	 Halobaculum roseum
0.00	1	2	2	 Natronobacterium gregoryi
0.00	1	2	1	 Thermococcus litoralis
0.00	3	43	3	 Candidatus Nitrosocosmicus oleophilus
0.00	1	3	2	 Nitrosopumilus ureiphilus
0.02	186	3009	513	 Staphylococcus phage StB12
0.00	15	335	84	 Staphylococcus phage StB27
0.00	13	149	68	 Staphylococcus phage IME-SA4
0.00	1	21	18	 Listeria phage A500
0.00	6	69	35	 Staphylococcus virus CNPH82
0.00	2	9	3	 Staphylococcus virus IME1348-01
0.00	4	10	2	 Staphylococcus virus SEP1
0.00	1	2	1	 Synechococcus phage S-RSM4
0.00	1	2	1	 Eptesipox virus
0.00	1	30	28	 Tobacco mild green mosaic virus
