4.00	39977	0	0	unclassified
50.59	505888	20575666	533813	 Staphylococcus hominis
6.80	67986	2891415	404126	 Staphylococcus epidermidis
2.87	28705	1115733	283357	 Staphylococcus haemolyticus
0.06	617	5696	2969	 Staphylococcus sp. M0911
0.02	226	2449	804	 Staphylococcus sp. SB1-57
0.00	38	1769	209	 Staphylococcus sp. 17KM0847
0.00	13	168	136	 Staphylococcus sp. 11-B-312
0.00	5	183	65	 Staphylococcus sp. MI 10-1553
0.00	3	13	10	 Staphylococcus sp. AntiMn-1
0.00	1	1	1	 Staphylococcus sp. CDC25
0.12	1217	22518	2509	 Staphylococcus aureus
0.09	874	11106	3862	 Staphylococcus warneri
0.04	378	9351	670	 Staphylococcus simulans
0.03	300	885	102	 Staphylococcus schleiferi
0.03	263	8276	2271	 Staphylococcus capitis
0.02	211	2600	543	 Staphylococcus saprophyticus
0.02	209	2981	274	 Staphylococcus pseudoxylosus
0.02	202	3769	1113	 Staphylococcus pasteuri
0.02	169	3334	956	 Staphylococcus lugdunensis
0.01	140	2778	713	 Staphylococcus cohnii
0.01	128	1571	412	 Staphylococcus xylosus
0.01	113	1743	589	 Staphylococcus arlettae
0.01	104	3002	925	 Staphylococcus caprae
0.01	95	1779	211	 Staphylococcus debuckii
0.01	92	4006	895	 Staphylococcus saccharolyticus
0.01	79	2844	348	 Staphylococcus pettenkoferi
0.00	44	763	150	 Staphylococcus pseudintermedius
0.00	22	383	87	 Staphylococcus delphini
0.01	60	718	237	 Staphylococcus equorum
0.01	60	2737	447	 Staphylococcus auricularis
0.01	54	1643	303	 Staphylococcus nepalensis
0.00	31	2245	624	 Staphylococcus simiae
0.00	30	627	208	 Staphylococcus muscae
0.00	25	610	287	 Staphylococcus lloydii
0.00	22	683	190	 Staphylococcus felis
0.00	22	281	113	 Staphylococcus condimenti
0.00	21	362	154	 Staphylococcus agnetis
0.00	18	1015	128	 Staphylococcus schweitzeri
0.00	15	706	243	 Staphylococcus succinus
0.00	13	700	163	 Staphylococcus carnosus
0.00	12	292	173	 Staphylococcus lutrae
0.00	8	487	171	 Staphylococcus chromogenes
0.00	7	91	55	 Staphylococcus argenteus
0.00	4	215	111	 Staphylococcus hyicus
0.00	3	525	167	 Staphylococcus kloosii
0.03	284	6797	580	 Mammaliicoccus sciuri
0.00	16	519	148	 Mammaliicoccus vitulinus
0.00	4	941	110	 Mammaliicoccus stepanovicii
0.00	1	1788	114	 Mammaliicoccus lentus
0.00	9	768	79	 Macrococcus caseolyticus
0.00	3	35	30	 Macrococcus bohemicus
0.00	1	435	83	 Macrococcus canis
0.00	1	33	11	 Macrococcus sp. 17Msa1131
0.00	2	399	111	 Jeotgalicoccus sp. ATCC 8456
0.00	1	43	28	 Jeotgalicoccus sp. WY2
0.00	1	293	43	 Salinicoccus halodurans
0.00	1	246	74	 Nosocomiicoccus ampullae
7.29	72862	2026668	291148	 Listeria monocytogenes
0.02	160	1160	670	 Listeria ivanovii
0.01	135	333	211	 Listeria grayi
0.01	116	1167	680	 Listeria innocua
0.01	108	1065	460	 Listeria seeligeri
0.01	106	243	139	 Listeria sp. PSOL-1
0.01	99	268	182	 Listeria weihenstephanensis
0.01	69	988	715	 Listeria welshimeri
0.00	1	70	48	 Brochothrix thermosphacta
0.01	53	1119	861	 Gemella haemolysans
0.00	26	748	609	 Gemella sanguinis
0.00	7	168	161	 Gemella morbillorum
0.00	5	12	6	 Exiguobacterium acetylicum
0.00	1	18	13	 Exiguobacterium antarcticum
0.00	3	10	3	 Bacillus luti
0.00	1	10	8	 Bacillus anthracis
0.00	1	45	32	 Bacillus cereus
0.00	4	28	7	 Bacillus siamensis
0.00	1	2	1	 Bacillus sp. N3536
0.00	1	26	17	 Bacillus sp. M4U3P1
0.00	1	23	14	 Bacillus fonticola
0.00	1	28	12	 Bacillus infantis
0.00	1	62	17	 Bacillus gobiensis
0.00	6	235	129	 Caldibacillus thermoamylovorans
0.00	2	273	54	 Priestia megaterium
0.00	2	3	2	 Priestia aryabhattai
0.00	1	61	17	 Virgibacillus sp. SK37
0.00	1	33	22	 Virgibacillus sp. MSP4-1
0.00	1	164	13	 Virgibacillus halodenitrificans
0.00	1	28	23	 Alkalihalobacillus clausii
0.00	1	13	11	 Alkalihalobacillus miscanthi
0.00	3	168	122	 Weizmannia coagulans
0.00	2	29	26	 Amphibacillus xylanus
0.00	1	175	22	 Oceanobacillus kimchii
0.00	1	99	35	 Oceanobacillus zhaokaii
0.00	1	40	30	 Lysinibacillus fusiformis
0.00	1	115	46	 Lysinibacillus timonensis
0.00	1	14	10	 Peribacillus simplex
0.00	1	68	24	 Pradoshia sp. D12
0.00	1	28	23	 Cytobacillus gottheilii
0.00	1	30	21	 Halobacillus mangrovi
0.00	1	14	7	 Metabacillus sp. cB07
0.00	1	44	25	 Paraliobacillus zengyii
0.00	1	59	51	 Niallia circulans
0.00	1	18	13	 Rossellomorea vietnamensis
0.00	1	15	14	 Planococcus versutus
0.00	1	22	16	 Planococcus lenghuensis
0.00	2	98	67	 Sporosarcina ureae
0.00	1	31	20	 Sporosarcina pasteurii
0.00	1	14	12	 Sporosarcina sp. PTS2304
0.00	2	56	22	 Viridibacillus sp. JNUCC-6
0.00	1	5	5	 Paenibacillus sp. FSL P4-0081
0.00	1	3	2	 Paenibacillus sp. B01
0.00	1	8	4	 Paenibacillus sp. FSL R5-0912
0.00	1	4	3	 Paenibacillus sp. URB8-2
0.00	1	10	8	 Paenibacillus polymyxa
0.00	1	146	14	 Aneurinibacillus soli
0.05	509	7283	5461	 Streptococcus salivarius
0.00	34	481	420	 Streptococcus sp. oral taxon 061
0.00	18	216	161	 Streptococcus sp. FDAARGOS_192
0.00	14	107	79	 Streptococcus sp. HSISM1
0.00	14	206	166	 Streptococcus sp. LPB0220
0.00	13	181	68	 Streptococcus sp. oral taxon 431
0.00	12	143	124	 Streptococcus sp. A12
0.00	6	55	46	 Streptococcus sp. oral taxon 064
0.00	5	39	27	 Streptococcus sp. 1643
0.00	4	26	20	 Streptococcus sp. HSISS2
0.00	3	46	43	 Streptococcus sp. NPS 308
0.00	2	7	7	 Streptococcus sp. HSISS1
0.00	2	3	3	 Streptococcus sp. NSJ-72
0.00	2	50	47	 Streptococcus sp. 116-D4
0.00	1	6	4	 Streptococcus sp. HKU75
0.00	1	12	12	 Streptococcus sp. KS 6
0.00	1	15	14	 Streptococcus sp. HSISS3
0.01	131	4932	4170	 Streptococcus sanguinis
0.01	122	2182	1868	 Streptococcus oralis
0.01	54	173	15	 Streptococcus uberis
0.01	53	893	737	 Streptococcus mitis
0.00	28	730	602	 Streptococcus cristatus
0.00	21	498	368	 Streptococcus gordonii
0.00	18	245	196	 Streptococcus ilei
0.00	18	256	206	 Streptococcus pneumoniae
0.00	12	184	168	 Streptococcus parasanguinis
0.00	11	149	119	 Streptococcus thermophilus
0.00	10	118	91	 Streptococcus australis
0.00	8	67	51	 Streptococcus rubneri
0.00	4	75	55	 Streptococcus intermedius
0.00	2	16	15	 Streptococcus anginosus
0.00	1	7	6	 Streptococcus constellatus
0.00	7	60	50	 Streptococcus gwangjuense
0.00	5	32	25	 Streptococcus vestibularis
0.00	5	116	101	 Streptococcus mutans
0.00	5	72	60	 Streptococcus koreensis
0.00	5	40	36	 Streptococcus pseudopneumoniae
0.00	4	21	12	 Streptococcus gallolyticus
0.00	4	66	37	 Streptococcus suis
0.00	3	37	11	 Streptococcus pluranimalium
0.00	2	20	8	 Streptococcus ratti
0.00	2	53	50	 Streptococcus lactarius
0.00	1	6	6	 Streptococcus dysgalactiae
0.00	1	15	13	 Streptococcus equi
0.00	1	10	7	 Streptococcus chenjunshii
0.00	1	7	7	 Streptococcus respiraculi
0.00	1	35	14	 Streptococcus canis
0.00	1	17	14	 Streptococcus acidominimus
0.00	1	9	7	 Streptococcus equinus
0.00	1	16	8	 Streptococcus sobrinus
0.00	4	110	57	 Lactococcus lactis
0.00	3	29	26	 Lacticaseibacillus paracasei
0.00	2	139	136	 Lacticaseibacillus rhamnosus
0.00	2	4	2	 Lacticaseibacillus zeae
0.00	2	20	14	 Lactobacillus johnsonii
0.00	1	5	3	 Lactobacillus sp. CBA3606
0.00	1	15	10	 Lactobacillus paragasseri
0.00	1	7	6	 Lactobacillus crispatus
0.00	4	214	190	 Ligilactobacillus salivarius
0.00	2	6	4	 Ligilactobacillus animalis
0.00	1	6	5	 Ligilactobacillus murinus
0.00	5	187	183	 Limosilactobacillus fermentum
0.00	1	31	26	 Limosilactobacillus reuteri
0.00	2	22	16	 Loigolactobacillus backii
0.00	2	24	15	 Pediococcus acidilactici
0.00	1	7	6	 Weissella viridescens
0.00	1	4	2	 Weissella ceti
0.00	2	70	8	 Levilactobacillus zymae
0.00	1	9	5	 Companilactobacillus farciminis
0.00	1	111	17	 Paucilactobacillus oligofermentans
0.00	1	7	7	 Liquorilactobacillus mali
0.00	1	18	16	 Latilactobacillus curvatus
0.00	1	12	7	 Leuconostoc pseudomesenteroides
0.00	1	61	17	 Lactiplantibacillus plantarum
0.00	2	90	55	 Enterococcus avium
0.00	1	40	30	 Enterococcus faecium
0.00	1	41	29	 Enterococcus mundtii
0.00	1	42	38	 Enterococcus cecorum
0.00	1	55	39	 Enterococcus hirae
0.00	9	98	19	 Vagococcus teuberi
0.00	16	356	306	 Abiotrophia defectiva
0.00	1	53	22	 Aerococcus urinaeequi
0.00	15	578	417	 Granulicatella adiacens
0.00	31	41	4	 Carboxydocella thermautotrophica
0.00	5	268	180	 Mogibacterium diversum
0.00	1	2	2	 Thermaerobacter sp. FW80
0.00	6	27	3	 Clostridium sp. AWRP
0.00	1	14	8	 Clostridium sp. CT4
0.00	4	63	8	 Clostridium isatidis
0.00	3	25	20	 Clostridium butyricum
0.00	2	281	46	 Clostridium botulinum
0.00	1	32	22	 Clostridium pasteurianum
0.00	1	21	10	 Clostridium gasigenes
0.00	1	12	10	 Clostridium kluyveri
0.00	1	20	7	 Crassaminicella sp. 143-21
0.00	6	21	7	 [Ruminococcus] gnavus
0.00	2	16	13	 Lachnoanaerobaculum umeaense
0.00	1	7	7	 Anaerobutyricum hallii
0.00	3	13	5	 Acetivibrio clariflavus
0.00	1	13	9	 Faecalibacterium prausnitzii
0.00	1	14	7	 Mageeibacillus indolicus
0.00	4	33	19	 Eubacterium sp. NSJ-61
0.00	1	14	12	 Romboutsia sp. CE17
0.00	1	10	6	 Caldanaerobacter subterraneus
0.00	29	949	842	 Veillonella parvula
0.00	14	305	242	 Veillonella atypica
0.00	10	132	113	 Veillonella dispar
0.00	7	68	55	 Veillonella sp. S12025-13
0.00	1	61	22	 Veillonella rodentium
0.00	1	82	66	 Veillonella nakazawae
0.00	15	139	111	 Peptoniphilus harei
0.00	7	45	37	 Anaerococcus mediterraneensis
0.00	5	32	24	 Anaerococcus prevotii
0.00	1	3	3	 Anaerococcus obesiensis
0.00	3	77	57	 Finegoldia magna
0.00	1	16	15	 Parvimonas micra
0.00	1	6	6	 Keratinibaculum paraultunense
0.00	2	22	14	 Bulleidia sp. zg-1006
0.00	1	19	13	 Erysipelothrix sp. HDW6A
0.00	1	1	1	 Limnochorda pilosa
2.85	28519	731043	182399	 Corynebacterium tuberculostearicum
0.04	418	13000	5141	 Corynebacterium kefirresidentii
0.03	266	3100	714	 Corynebacterium aurimucosum
0.02	212	1107	302	 Corynebacterium glucuronolyticum
0.02	212	3131	955	 Corynebacterium striatum
0.01	80	739	84	 Corynebacterium sp. FDAARGOS 1242
0.00	14	217	150	 Corynebacterium sp. zg-917
0.00	9	82	16	 Corynebacterium sp. sy039
0.00	8	69	51	 Corynebacterium sp. NML98-0116
0.00	4	57	12	 Corynebacterium sp. 1959
0.00	3	57	21	 Corynebacterium sp. 2039
0.00	1	6	4	 Corynebacterium sp. NML93-0612
0.00	1	32	10	 Corynebacterium sp. 2019
0.00	1	12	12	 Corynebacterium sp. 4H37-19
0.00	1	27	15	 Corynebacterium sp. zg-320
0.00	1	14	12	 Corynebacterium sp. 1864
0.01	108	1602	247	 Corynebacterium simulans
0.01	99	1778	552	 Corynebacterium macginleyi
0.01	97	1017	170	 Corynebacterium singulare
0.01	76	1376	262	 Corynebacterium minutissimum
0.00	46	694	218	 Corynebacterium endometrii
0.00	31	1425	413	 Corynebacterium segmentosum
0.00	26	135	28	 Corynebacterium aquilae
0.00	25	193	54	 Corynebacterium riegelii
0.00	24	239	131	 Corynebacterium ureicelerivorans
0.00	22	322	208	 Corynebacterium diphtheriae
0.00	18	145	105	 Corynebacterium imitans
0.00	16	337	84	 Corynebacterium incognita
0.00	16	332	117	 Corynebacterium genitalium
0.00	15	278	77	 Corynebacterium flavescens
0.00	15	462	241	 Corynebacterium matruchotii
0.00	12	296	104	 Corynebacterium camporealensis
0.00	11	236	96	 Corynebacterium kroppenstedtii
0.00	11	198	74	 Corynebacterium rouxii
0.00	9	123	10	 Corynebacterium yudongzhengii
0.00	7	128	60	 Corynebacterium coyleae
0.00	6	81	43	 Corynebacterium stationis
0.00	6	110	40	 Corynebacterium ammoniagenes
0.00	6	171	71	 Corynebacterium propinquum
0.00	5	88	40	 Corynebacterium urealyticum
0.00	5	83	39	 Corynebacterium vitaeruminis
0.00	5	64	12	 Corynebacterium doosanense
0.00	5	71	23	 Corynebacterium testudinoris
0.00	5	153	67	 Corynebacterium jeikeium
0.00	4	35	18	 Corynebacterium mustelae
0.00	4	37	26	 Corynebacterium glaucum
0.00	4	39	37	 Corynebacterium bovis
0.00	4	97	45	 Corynebacterium cystitidis
0.00	3	20	14	 Corynebacterium xerosis
0.00	3	84	46	 Corynebacterium phocae
0.00	3	35	25	 Corynebacterium argentoratense
0.00	3	195	20	 Corynebacterium amycolatum
0.00	2	30	12	 Corynebacterium ulcerans
0.00	2	55	20	 Corynebacterium urogenitale
0.00	2	63	39	 Corynebacterium casei
0.00	2	25	19	 Corynebacterium frankenforstense
0.00	2	17	10	 Corynebacterium glutamicum
0.00	2	55	24	 Corynebacterium timonense
0.00	2	51	17	 Corynebacterium qintianiae
0.00	2	142	56	 Corynebacterium lizhenjunii
0.00	1	104	22	 Corynebacterium halotolerans
0.00	1	14	13	 Corynebacterium liangguodongii
0.00	1	35	11	 Corynebacterium gerontici
0.00	1	22	14	 Corynebacterium callunae
0.00	1	25	11	 Corynebacterium pseudopelargi
0.00	1	7	7	 Corynebacterium provencense
0.00	1	24	8	 Corynebacterium silvaticum
0.00	1	16	13	 Corynebacterium kutscheri
0.00	1	17	7	 Corynebacterium pseudotuberculosis
0.00	1	25	22	 Corynebacterium mycetoides
0.00	1	9	4	 Corynebacterium freneyi
0.00	1	38	18	 Corynebacterium humireducens
0.00	1	3	3	 Corynebacterium terpenotabidum
0.00	1	13	8	 Corynebacterium epidermidicanis
0.00	1	25	7	 Corynebacterium nuruki
0.00	1	21	14	 Corynebacterium maris
0.00	1	71	20	 Corynebacterium renale
0.00	1	14	11	 Corynebacterium resistens
0.00	1	17	14	 Corynebacterium falsenii
0.00	20	94	5	 Mycolicibacterium chubuense
0.00	9	86	77	 Mycolicibacterium sediminis
0.00	5	36	25	 Mycolicibacterium arabiense
0.00	3	72	36	 Mycolicibacterium hassiacum
0.00	2	12	10	 Mycolicibacterium phlei
0.00	2	15	9	 Mycolicibacterium madagascariense
0.00	2	13	12	 Mycolicibacterium litorale
0.00	2	5	5	 Mycolicibacterium neoaurum
0.00	1	5	4	 Mycolicibacterium celeriflavum
0.00	1	5	5	 Mycolicibacterium insubricum
0.00	1	4	4	 Mycolicibacterium anyangense
0.00	1	2	2	 Mycolicibacterium aubagnense
0.00	1	31	22	 Mycolicibacterium phocaicum
0.00	1	5	4	 Mycolicibacterium fluoranthenivorans
0.00	1	7	7	 Mycolicibacterium psychrotolerans
0.00	1	37	37	 Mycolicibacterium fortuitum
0.00	1	2	2	 Mycobacterium doricum
0.00	1	3	2	 Mycolicibacterium alvei
0.00	1	4	3	 Mycolicibacterium sp. Z-34
0.00	1	1	1	 Mycolicibacterium thermoresistibile
0.00	1	3	3	 Mycolicibacterium pulveris
0.00	1	7	5	 Mycolicibacterium confluentis
0.00	2	4	1	 Mycobacterium simiae
0.00	1	9	5	 Mycobacterium kubicae
0.00	2	17	11	 Mycobacterium sp. MS1601
0.00	2	5	4	 Mycobacterium gallinarum
0.00	2	2	1	 Mycobacterium paraseoulense
0.00	1	4	2	 Mycobacterium vicinigordonae
0.00	1	5	4	 Mycobacterium kansasii
0.00	1	3	3	 Mycobacterium gordonae
0.00	1	2	2	 Mycobacterium conspicuum
0.00	1	6	5	 Mycobacteroides salmoniphilum
0.00	4	13	6	 Nocardia terpenica
0.00	3	80	47	 Nocardia farcinica
0.00	2	7	5	 Nocardia sp. CS682
0.00	1	4	3	 Nocardia sp. WCH-YHL-001
0.00	2	17	14	 Nocardia asteroides
0.00	2	6	3	 Nocardia tengchongensis
0.00	1	24	10	 Nocardia brasiliensis
0.00	1	9	8	 Nocardia cyriacigeorgica
0.00	1	5	4	 Nocardia iowensis
0.00	1	3	3	 Nocardia arthritidis
0.00	1	5	5	 Nocardia wallacei
0.00	1	3	2	 Nocardia mangyaensis
0.00	2	3	3	 Rhodococcus sp. ABRD24
0.00	2	3	2	 Rhodococcus sp. SGAir0479
0.00	2	4	4	 Rhodococcus sp. W8901
0.00	2	16	11	 Rhodococcus sp. PBTS 1
0.00	1	24	24	 Rhodococcus sp. PBTS 2
0.00	1	8	4	 Rhodococcus sp. X156
0.00	1	2	2	 Rhodococcus sp. R79
0.00	3	12	10	 Rhodococcus fascians
0.00	1	1	1	 Rhodococcus jostii
0.00	13	256	33	 Lawsonella clevelandensis
0.00	8	174	120	 Dietzia timorensis
0.00	1	8	8	 Dietzia psychralcaliphila
0.00	1	3	3	 Gordonia sp. KTR9
0.00	1	2	1	 Gordonia sp. YC-JH1
0.00	1	7	7	 Gordonia sp. 135
0.00	2	6	5	 Gordonia amarae
0.00	1	8	7	 Gordonia bronchialis
0.00	1	4	4	 Tsukamurella paurometabola
0.02	190	4311	3469	 Curtobacterium flaccumfaciens
0.00	25	237	182	 Curtobacterium sp. 24E2
0.00	17	126	96	 Curtobacterium sp. TC1
0.00	15	77	64	 Curtobacterium sp. BH-2-1-1
0.00	13	77	59	 Curtobacterium sp. L6-1
0.00	10	80	61	 Curtobacterium sp. YC1
0.00	5	28	26	 Curtobacterium sp. MR_MD2014
0.00	3	16	14	 Curtobacterium sp. SGAir0471
0.00	3	16	13	 Curtobacterium sp. TXMA1
0.00	2	16	16	 Curtobacterium sp. Csp2
0.00	34	168	140	 Rathayibacter sp. VKM Ac-2759
0.00	18	72	54	 Rathayibacter sp. VKM Ac-2760
0.00	10	56	38	 Rathayibacter sp. VKM Ac-2804
0.00	3	17	14	 Rathayibacter sp. VKM Ac-2801
0.00	2	6	5	 Rathayibacter sp. VKM Ac-2762
0.00	1	8	5	 Rathayibacter sp. VKM Ac-2805
0.00	9	57	41	 Rathayibacter festucae
0.00	8	61	44	 Rathayibacter tanaceti
0.00	6	45	31	 Rathayibacter rathayi
0.00	5	19	13	 Rathayibacter tritici
0.00	4	16	15	 Rathayibacter iranicus
0.00	3	7	4	 Microbacterium sp. ABRD_28
0.00	2	6	5	 Microbacterium sp. 10M-3C3
0.00	2	16	9	 Microbacterium sp. PM5
0.00	1	2	2	 Microbacterium sp. LKL04
0.00	1	2	1	 Microbacterium sp. str. 'China'
0.00	1	45	40	 Microbacterium sp. SGAir0570
0.00	1	9	6	 Microbacterium sp. Y-01
0.00	1	4	3	 Microbacterium sp. JZ31
0.00	1	2	1	 Microbacterium sp. PAMC 28756
0.00	1	7	7	 Microbacterium sp. No. 7
0.00	1	6	4	 Microbacterium sp. XT11
0.00	3	51	31	 Microbacterium aurum
0.00	2	6	4	 Microbacterium pygmaeum
0.00	2	8	6	 Microbacterium lemovicicum
0.00	2	18	9	 Microbacterium hominis
0.00	2	17	9	 Microbacterium foliorum
0.00	1	6	5	 Microbacterium oxydans
0.00	1	22	15	 Microbacterium chocolatum
0.00	1	8	6	 Microbacterium lushaniae
0.00	1	19	14	 Microbacterium testaceum
0.00	1	5	5	 Microbacterium sediminis
0.00	1	3	3	 Microbacterium wangchenii
0.00	16	66	54	 Herbiconiux sp. SALV-R1
0.00	11	62	59	 Frigoribacterium sp. NBH87
0.00	4	15	13	 Salinibacterium sp. ZJ450
0.00	1	4	3	 Salinibacterium sp. UTAS2018
0.00	1	22	10	 Salinibacterium sp. ZJ70
0.00	1	2	2	 Salinibacterium hongtaonis
0.00	1	11	8	 Leifsonia sp. PS1209
0.00	1	4	4	 Leifsonia sp. ZF2019
0.00	2	11	8	 Leifsonia shinshuensis
0.00	1	9	8	 Leifsonia xyli
0.00	6	20	18	 Agreia sp. COWG
0.00	5	14	7	 Cnuibacter physcomitrellae
0.00	2	6	5	 Leucobacter coleopterorum
0.00	1	1	1	 Leucobacter luti
0.00	1	6	6	 Leucobacter sp. Psy1
0.00	1	6	5	 Agrococcus jejuensis
0.00	1	2	2	 Agrococcus carbonis
0.00	1	10	6	 Agrococcus sp. SGAir0287
0.00	2	5	3	 Mycetocola sp. JXN-3
0.00	2	18	9	 Diaminobutyricimonas sp. LJ205
0.00	1	6	5	 Humibacter sp. BT305
0.00	1	9	7	 Humibacter sp. WJ7-1
0.00	1	9	6	 Frondihabitans sp. 762G35
0.00	1	8	8	 Frondihabitans sp. PAMC 28766
0.00	2	11	10	 Microterricola viridarii
0.00	1	9	8	 Rhodoluna lacicola
0.00	1	2	1	 Plantibacter flavus
0.00	1	7	7	 Cryobacterium sp. LW097
0.00	1	19	11	 Agromyces aureus
0.01	136	5344	1495	 Rothia mucilaginosa
0.01	52	2148	718	 Rothia dentocariosa
0.00	25	427	191	 Rothia amarae
0.00	15	515	295	 Rothia aeria
0.00	7	53	13	 Rothia nasimurium
0.00	1	6	4	 Rothia kristinae
0.02	155	4255	2024	 Micrococcus luteus
0.00	1	60	60	 Micrococcus sp. KBS0714
0.00	36	1621	288	 Kocuria palustris
0.00	2	63	59	 Kocuria sp. TGY1120_3
0.00	1	2	2	 Kocuria sp. KD4
0.00	1	12	11	 Kocuria rhizophila
0.00	1	5	4	 Kocuria flava
0.00	8	57	44	 Arthrobacter agilis
0.00	1	3	2	 Arthrobacter sp. PGP41
0.00	1	7	4	 Arthrobacter sp. NicSoilB4
0.00	1	2	1	 Arthrobacter sp. J3.49
0.00	1	2	2	 Arthrobacter sp. StoSoilB20
0.00	1	6	5	 Arthrobacter sp. NEB 688
0.00	1	8	6	 Arthrobacter sp. ERGS1:01
0.00	2	20	17	 Arthrobacter crystallopoietes
0.00	1	4	2	 Arthrobacter alpinus
0.00	1	6	5	 Sinomonas atrocyanea
0.00	1	4	2	 Sinomonas sp. R1AF57
0.00	1	4	3	 Citricoccus sp. SGAir0253
0.00	1	2	1	 Paenarthrobacter ureafaciens
0.00	12	44	14	 Brachybacterium saurashtrense
0.00	7	43	14	 Brachybacterium sp. P6-10-X1
0.00	2	12	7	 Brachybacterium sp. SGAir0954
0.00	2	8	7	 Brachybacterium faecium
0.00	2	19	4	 Brachybacterium ginsengisoli
0.00	1	5	5	 Brachybacterium vulturis
0.00	17	138	44	 Dermabacter vaginalis
0.00	9	135	82	 Dermabacter jinjuensis
0.00	11	406	263	 Dermacoccus sp. PAMC28757
0.00	10	345	215	 Dermacoccus nishinomiyaensis
0.00	2	7	5	 Luteipulveratus mongoliensis
0.00	4	14	11	 Janibacter limosus
0.00	4	15	9	 Janibacter indicus
0.00	1	4	4	 Janibacter sp. YB324
0.00	3	6	5	 Phycicoccus endophyticus
0.00	1	5	4	 Tetrasphaera sp. HKS02
0.00	10	205	121	 Kytococcus sedentarius
0.00	2	45	44	 Brevibacterium sp. CS2
0.00	1	4	4	 Brevibacterium sp. WO024
0.00	2	96	89	 Brevibacterium casei
0.00	1	28	28	 Brevibacterium linens
0.00	1	15	8	 Brevibacterium luteolum
0.00	2	9	6	 Cellulomonas sp. zg-ZUI188
0.00	1	3	3	 Cellulomonas sp. PSBB021
0.00	1	3	3	 Cellulomonas sp. Y8
0.00	1	6	5	 Cellulomonas sp. zg-ZUI222
0.00	1	4	3	 Cellulomonas fimi
0.00	1	6	6	 Actinotalea sp. JY-7876
0.00	1	2	2	 Paraoerskovia marina
0.00	2	5	5	 Ornithinimicrobium sp. H23M54
0.00	1	2	2	 Ornithinimicrobium flavum
0.00	1	6	6	 Serinicoccus marinus
0.00	1	5	4	 Cellulosimicrobium cellulans
0.00	1	1	1	 Cellulosimicrobium sp. BI34T
0.00	1	36	36	 Miniimonas sp. S16
0.00	1	4	3	 Ruania sp. HY164
0.00	1	3	3	 Sanguibacter keddieii
0.05	487	17826	13354	 Cutibacterium acnes
0.00	5	203	171	 Cutibacterium granulosum
0.00	5	170	134	 Cutibacterium modestum
0.00	3	89	80	 Cutibacterium avidum
0.00	14	514	215	 Arachnia rubra
0.00	11	402	188	 Arachnia propionica
0.00	9	68	60	 Microlunatus sagamiharensis
0.00	1	5	3	 Tessaracoccus flavescens
0.00	1	11	8	 Tessaracoccus sp. MC1865
0.00	1	2	2	 Propionibacterium australiense
0.00	1	47	24	 Propionibacterium acidifaciens
0.00	1	44	24	 Acidipropionibacterium acidipropionici
0.00	1	7	4	 Acidipropionibacterium jensenii
0.00	1	4	3	 Raineyella sp. CBA3103
0.00	1	6	4	 Brevilactibacter sp. MC1595
0.00	15	65	52	 Nocardioides sp. zg-1228
0.00	11	60	49	 Nocardioides sp. S5
0.00	3	11	11	 Nocardioides sp. HY056
0.00	3	20	18	 Nocardioides sp. MC1495
0.00	2	13	11	 Nocardioides sp. CF8
0.00	2	6	5	 Nocardioides sp. LMS-CY
0.00	2	26	14	 Nocardioides sp. S-1144
0.00	2	11	11	 Nocardioides sp. dk884
0.00	2	12	8	 Nocardioides sp. ZJ1313
0.00	1	4	4	 Nocardioides sp. SCSIO 67246
0.00	1	11	8	 Nocardioides sp. HDW12B
0.00	1	7	7	 Nocardioides sp. WS12
0.00	1	19	11	 Nocardioides sp. JS614
0.00	5	20	19	 Nocardioides anomalus
0.00	5	18	9	 Nocardioides ungokensis
0.00	5	133	92	 Nocardioides rotundus
0.00	3	16	14	 Nocardioides dongkuii
0.00	3	12	7	 Nocardioides houyundeii
0.00	3	16	11	 Nocardioides aquaticus
0.00	2	7	5	 Nocardioides baekrokdamisoli
0.00	2	17	17	 Nocardioides euryhalodurans
0.00	1	7	5	 Nocardioides sambongensis
0.00	1	9	7	 Nocardioides daphniae
0.00	1	5	5	 Nocardioides piscis
0.00	1	6	5	 Nocardioides aromaticivorans
0.00	10	41	34	 Aeromicrobium yanjiei
0.00	8	41	35	 Aeromicrobium chenweiae
0.00	7	48	37	 Aeromicrobium sp. A1-2
0.00	1	14	13	 Aeromicrobium sp. zg-629
0.00	4	30	17	 Aeromicrobium choanae
0.00	3	16	13	 Aeromicrobium erythreum
0.00	1	10	10	 Aeromicrobium marinum
0.00	4	27	19	 Friedmanniella luteola
0.00	3	11	10	 Pimelobacter simplex
0.00	3	41	17	 Micropruina glycogenica
0.00	3	17	11	 Mumia sp. ZJ1417
0.00	1	4	4	 Marmoricola scoriae
0.00	2	13	10	 Kribbella flavida
0.00	2	10	8	 Kribbella qitaiheensis
0.02	169	2139	458	 Actinomyces naeslundii
0.00	39	498	278	 Actinomyces sp. oral taxon 414
0.00	35	310	131	 Actinomyces sp. oral taxon 171
0.00	27	282	75	 Actinomyces sp. HMT 175
0.00	13	162	47	 Actinomyces sp. oral taxon 169
0.00	3	10	8	 Actinomyces sp. Chiba101
0.00	3	17	17	 Actinomyces sp. HMT897
0.00	2	54	24	 Actinomyces sp. MAS-1
0.00	1	3	3	 Actinomyces sp. Z16
0.00	1	7	6	 Actinomyces sp. oral taxon 897
0.00	31	197	102	 Actinomyces viscosus
0.00	29	384	99	 Actinomyces oris
0.00	15	24	2	 Actinomyces wuliandei
0.00	11	36	13	 Actinomyces radicidentis
0.00	6	26	13	 Actinomyces trachealis
0.00	2	13	6	 Actinomyces slackii
0.00	1	15	8	 Actinomyces weissii
0.00	1	36	30	 Actinomyces pacaensis
0.00	1	16	6	 Actinomyces gaoshouyii
0.00	1	2	2	 Actinomyces procaprae
0.00	1	14	7	 Actinomyces respiraculi
0.00	31	1228	374	 Pauljensenia hongkongensis
0.00	13	270	244	 Schaalia odontolytica
0.00	6	39	21	 Schaalia meyeri
0.00	4	30	10	 Schaalia sp. ZJ405
0.00	2	12	8	 Schaalia sp. 19OD2882
0.00	1	8	7	 Schaalia turicensis
0.00	23	57	7	 Winkia sp. C64
0.00	17	309	20	 Actinotignum schaalii
0.00	4	37	9	 Actinobaculum sp. 313
0.00	2	13	6	 Trueperella bialowiezensis
0.00	1	7	4	 Trueperella pecoris
0.00	1	2	2	 Flaviflexus sp. dk850
0.01	59	153	4	 Streptomyces lividans
0.00	2	3	3	 Streptomyces sp. CRXT-G-22
0.00	2	50	34	 Streptomyces sp. SirexAA-E
0.00	2	3	1	 Streptomyces sp. SS52
0.00	2	37	4	 Streptomyces sp. GMY02
0.00	2	3	3	 Streptomyces sp. M2
0.00	1	6	4	 Streptomyces sp. W1SF4
0.00	1	5	4	 Streptomyces sp. 135
0.00	1	2	2	 Streptomyces sp. RPA4-2
0.00	1	7	3	 Streptomyces sp. SYP-A7193
0.00	1	4	3	 Streptomyces sp. CRXT-Y-14
0.00	1	5	4	 Streptomyces sp. SAT1
0.00	3	9	7	 Streptomyces seoulensis
0.00	2	7	6	 Streptomyces hygroscopicus
0.00	2	6	4	 Streptomyces pratensis
0.00	2	6	5	 Streptomyces viridifaciens
0.00	2	3	2	 Streptomyces roseochromogenus
0.00	2	4	3	 Streptomyces mobaraensis
0.00	1	6	5	 Streptomyces davaonensis
0.00	1	1	1	 Streptomyces kanamyceticus
0.00	1	3	2	 Streptomyces globosus
0.00	1	8	5	 Streptomyces ficellus
0.00	1	3	3	 Streptomyces fodineus
0.00	1	3	2	 Streptomyces avermitilis
0.00	1	1	1	 Streptomyces cyaneogriseus
0.00	1	2	2	 Streptomyces dengpaensis
0.00	1	7	5	 Streptomyces collinus
0.00	1	5	4	 Streptomyces lydicus
0.00	1	2	2	 Streptomyces griseocarneus
0.00	1	4	4	 Streptomyces aureoverticillatus
0.00	1	9	3	 Streptomyces xinghaiensis
0.00	1	2	1	 Streptomyces cyaneochromogenes
0.00	1	5	4	 Streptomyces rutgersensis
0.00	1	4	3	 Streptomyces qaidamensis
0.00	1	4	3	 Streptomyces tendae
0.00	1	45	23	 Streptomyces parvulus
0.00	1	3	3	 Streptomyces lincolnensis
0.00	1	8	6	 Streptomyces tsukubensis
0.00	1	2	2	 Streptomyces fradiae
0.00	1	4	3	 Kitasatospora sp. MMS16-BH015
0.00	1	4	2	 Micromonospora sp. L5
0.00	1	1	1	 Micromonospora sp. WMMA2032
0.00	1	2	2	 Micromonospora sp. HM134
0.00	2	6	3	 Micromonospora chokoriensis
0.00	2	4	2	 Micromonospora purpureochromogenes
0.00	1	3	2	 Micromonospora rifamycinica
0.00	1	3	3	 Micromonospora maris
0.00	1	6	6	 Micromonospora krabiensis
0.00	1	2	2	 Micromonospora echinospora
0.00	3	12	10	 Actinoplanes missouriensis
0.00	2	8	7	 Actinoplanes teichomyceticus
0.00	1	3	3	 Actinoplanes ianthinogenes
0.00	1	5	3	 Actinoplanes friuliensis
0.00	1	5	4	 Actinoplanes sp. OR16
0.00	1	12	8	 Dactylosporangium vinaceum
0.00	1	4	3	 Polymorphospora rubra
0.00	1	7	7	 Phytohabitans suffuscus
0.00	1	3	3	 Pseudonocardia sp. CGMCC 4.1532
0.00	1	8	7	 Pseudonocardia sp. DSM 110487
0.00	3	12	9	 Pseudonocardia broussonetiae
0.00	2	6	5	 Pseudonocardia autotrophica
0.00	1	2	2	 Pseudonocardia dioxanivorans
0.00	1	6	5	 Amycolatopsis sp. AA4
0.00	1	2	1	 Amycolatopsis sp. FDAARGOS 1241
0.00	1	6	4	 Amycolatopsis sp. YIM 96748
0.00	1	3	2	 Actinoalloteichus hoggarensis
0.00	1	1	1	 Actinoalloteichus sp. GBA129-24
0.00	1	5	3	 Saccharopolyspora coralli
0.00	1	3	2	 Saccharomonospora xinjiangensis
0.00	1	4	3	 Kibdelosporangium phytohabitans
0.00	1	6	2	 Saccharothrix sp. 6-C
0.00	1	9	7	 Kutzneria albida
0.00	2	13	7	 Nonomuraea coxensis
0.00	1	12	11	 Nonomuraea sp. ATCC 55076
0.00	1	4	2	 Nonomuraea nitratireducens
0.00	1	5	5	 Streptosporangium roseum
0.00	1	4	3	 Streptosporangium sp. 'caverna'
0.00	2	7	5	 Actinomadura verrucosospora
0.00	1	3	3	 Actinomadura sp. WMMB 499
0.00	1	9	7	 Thermomonospora curvata
0.00	3	11	6	 Nocardiopsis sp. MT53
0.00	1	38	30	 Thermobifida fusca
0.00	3	4	3	 Frankia alni
0.00	1	5	4	 Frankia casuarinae
0.00	1	7	6	 Frankia inefficax
0.00	3	18	11	 Modestobacter marinus
0.00	2	7	6	 Geodermatophilus obscurus
0.00	1	7	6	 Blastococcus saxobsidens
0.00	2	4	2	 Scardovia inopinata
0.00	1	8	6	 Bifidobacterium longum
0.00	1	54	49	 Gardnerella vaginalis
0.00	1	4	4	 Nakamurella multipartita
0.00	1	6	3	 Nakamurella sp. PAMC28650
0.00	7	224	192	 Olsenella sp. oral taxon 807
0.00	5	123	107	 Lancefieldella parvula
0.00	1	3	3	 Slackia heliotrinireducens
0.00	1	1	1	 Adlercreutzia sp. 8CFCBH1
0.00	1	5	5	 Iamia sp. SCSIO 61187
0.00	1	5	4	 Actinomarinicola tropica
0.00	1	2	2	 Ilumatobacter coccineus
0.00	1	7	5	 Euzebya pacifica
0.00	1	4	4	 Egibacter rhizosphaerae
0.00	1	4	4	 Egicoccus halophilus
0.00	1	20	20	 Rubrobacter sp. SCSIO 52909
0.00	1	1	1	 Rubrobacter sp. SCSIO 52915
0.00	2	4	3	 Miltoncostaea oceani
0.08	799	11463	5462	 Deinococcus wulumuqiensis
0.02	230	1326	706	 Deinococcus radiodurans
0.00	22	153	83	 Deinococcus sp. TS-293
0.00	10	121	85	 Deinococcus sp. NW-56
0.00	10	89	75	 Deinococcus sp. AJ005
0.00	39	237	73	 Deinococcus deserti
0.00	38	318	166	 Deinococcus ficus
0.00	33	212	166	 Deinococcus gobiensis
0.00	21	234	112	 Deinococcus puniceus
0.00	21	419	151	 Deinococcus proteolyticus
0.00	19	320	134	 Deinococcus metallilatus
0.00	16	97	68	 Deinococcus irradiatisoli
0.00	14	193	68	 Deinococcus geothermalis
0.00	13	237	100	 Deinococcus radiopugnans
0.00	12	75	53	 Deinococcus maricopensis
0.00	11	93	81	 Deinococcus actinosclerus
0.00	11	59	47	 Deinococcus psychrotolerans
0.00	5	36	33	 Deinococcus soli (ex Cha et al. 2016)
0.00	1	27	20	 Deinococcus peraridilitoris
0.00	2	5	5	 Nostoc sp. PCC 7524
0.00	2	8	5	 Nostoc sp. 'Lobaria pulmonaria (5183) cyanobiont'
0.00	2	12	7	 Nostoc sp. UHCC 0702
0.00	1	6	4	 Anabaena sp. WA102
0.00	2	13	13	 Calothrix sp. PCC 7716
0.00	1	9	4	 Calothrix brevissima
0.00	2	17	12	 Scytonema sp. NIES-4073
0.00	1	1	1	 Anabaenopsis circularis
0.00	3	24	11	 Gloeocapsa sp. PCC 7428
0.00	2	10	7	 Geminocystis sp. NIES-3708
0.00	2	5	4	 Rippkaea orientalis
0.00	1	13	11	 Gloeothece verrucosa
0.00	2	6	5	 Microcoleus sp. PCC 7113
0.00	1	9	6	 Oscillatoria nigro-viridis
0.00	1	6	5	 Moorea producens
0.00	1	9	9	 Crinalium epipsammum
0.00	1	11	7	 [Phormidium] sp. ETS-05
0.00	12	150	106	 Chroococcidiopsis thermalis
0.00	1	4	4	 Leptolyngbya sp. O-77
0.00	1	5	4	 Leptolyngbya sp. BL0902
0.00	1	3	2	 Leptolyngbya sp. 7M
0.00	2	9	5	 Leptolyngbya boryana
0.00	1	3	3	 Kovacikia sp. CCNU0001
0.00	1	2	2	 Pseudanabaena sp. ABRG5-3
0.00	3	75	10	 Prochlorococcus marinus
0.00	1	2	1	 Synechococcus sp. MIT S9220
0.00	20	99	2	 Dehalococcoides mccartyi
0.00	1	5	4	 Spiroplasma cantharicola
0.00	1	7	4	 Spiroplasma chinense
0.00	3	162	6	 Entomoplasma melaleucae
0.00	1	2	2	 Mycoplasma arthritidis
0.00	1	10	4	 Mycoplasmopsis canis
10.34	103377	4348865	500094	 Plesiomonas shigelloides
0.10	1019	1496	36	 Klebsiella pneumoniae
0.01	62	1255	7	 Klebsiella grimontii
0.00	2	22	19	 Klebsiella oxytoca
0.00	25	519	195	 Escherichia coli
0.00	1	78	50	 Enterobacter cloacae
0.00	1	8	6	 Enterobacter ludwigii
0.00	1	8	7	 Enterobacter roggenkampii
0.00	1	11	9	 Enterobacter chuandaensis
0.00	1	11	8	 Enterobacter sp. 638
0.00	1	6	6	 Enterobacter sp. E20
0.00	1	198	7	 Enterobacter sp. RHBSTW-00994
0.00	1	7	6	 Enterobacter soli
0.00	1	12	11	 Citrobacter rodentium
0.00	1	2	2	 Citrobacter arsenatis
0.00	1	2	2	 Kosakonia cowanii
0.00	1	10	9	 Kosakonia sp. SMBL-WEM22
0.00	1	17	13	 Cronobacter sakazakii
0.00	1	15	14	 Cronobacter universalis
0.00	2	64	17	 Atlantibacter hermannii
0.00	2	36	30	 Cedecea neteri
0.00	1	27	19	 Jejubacter calystegiae
0.00	1	14	11	 [Enterobacter] lignolyticus
0.00	1	75	11	 Candidatus Profftia tarda
0.00	1	3	3	 Leclercia sp. 119287
0.00	30	154	27	 Edwardsiella piscicida
0.00	4	83	46	 Edwardsiella ictaluri
0.00	2	72	13	 Serratia fonticola
0.00	1	19	19	 Serratia grimesii
0.00	1	9	6	 Serratia quinivorans
0.00	7	77	48	 Rouxiella badensis
0.00	3	22	19	 Rahnella inusitata
0.00	1	18	11	 Rahnella aquatilis
0.00	1	13	11	 Yersinia rohdei
0.00	1	23	18	 Yersinia enterocolitica
0.00	3	9	7	 Xenorhabdus budapestensis
0.00	1	22	21	 Xenorhabdus nematophila
0.00	1	54	33	 Xenorhabdus bovienii
0.00	1	32	28	 Proteus mirabilis
0.00	1	25	19	 Proteus vulgaris
0.00	1	35	26	 Providencia alcalifaciens
0.00	1	18	18	 Providencia rustigianii
0.00	1	5	4	 Arsenophonus nasoniae
0.00	1	17	6	 Arsenophonus endosymbiont of Apis mellifera
0.00	1	79	67	 Morganella morganii
0.00	1	2	2	 Erwinia pyrifoliae
0.00	1	9	9	 Erwinia tasmaniensis
0.00	1	129	44	 Candidatus Erwinia haradaeae
0.00	1	12	9	 Mixta gaviniae
0.00	1	10	9	 Mixta intestinalis
0.00	1	162	91	 Buchnera aphidicola
0.00	1	21	14	 Pantoea sp. SO10
0.00	3	18	13	 Dickeya dadantii
0.00	1	29	25	 Dickeya paradisiaca
0.00	1	16	13	 Pectobacterium parmentieri
0.00	1	12	11	 Sodalis endosymbiont of Henestaris halophilus
0.00	1	36	22	 Pragia fontium
6.56	65596	2056740	328347	 Vibrio vulnificus
0.00	33	335	61	 Vibrio campbellii
0.00	27	477	220	 Vibrio parahaemolyticus
0.00	4	39	34	 Vibrio alginolyticus
0.00	2	15	15	 Vibrio natriegens
0.00	2	38	27	 Vibrio rotiferianus
0.00	1	50	45	 Vibrio azureus
0.01	53	867	300	 Vibrio navarrensis
0.00	13	66	43	 Vibrio sp. HDW18
0.00	7	90	61	 Vibrio sp. OG9-811
0.00	3	40	28	 Vibrio sp. THAF190c
0.00	2	16	12	 Vibrio sp. Scap24
0.00	2	56	51	 Vibrio sp. B1FLJ16
0.00	2	16	7	 Vibrio sp. 2521-89
0.00	1	4	4	 Vibrio sp. B1FIG11
0.00	26	285	135	 Vibrio cholerae
0.00	19	203	88	 Vibrio fluvialis
0.00	12	142	81	 Vibrio ziniensis
0.00	11	118	49	 Vibrio zhugei
0.00	10	98	54	 Vibrio tritonius
0.00	9	124	67	 Vibrio anguillarum
0.00	8	77	39	 Vibrio breoganii
0.00	8	73	56	 Vibrio cincinnatiensis
0.00	6	76	58	 Vibrio astriarenae
0.00	3	25	24	 Vibrio europaeus
0.00	1	82	27	 Vibrio tubiashii
0.00	5	32	30	 Vibrio penaeicida
0.00	5	59	55	 Vibrio casei
0.00	5	43	30	 Vibrio gazogenes
0.00	4	71	53	 Vibrio cidicii
0.00	4	21	14	 Vibrio bathopelagicus
0.00	4	114	35	 Vibrio spartinae
0.00	4	32	22	 Vibrio chagasii
0.00	4	43	35	 Vibrio neptunius
0.00	4	92	76	 Vibrio furnissii
0.00	4	79	56	 Vibrio scophthalmi
0.00	4	48	34	 Vibrio tapetis
0.00	3	103	59	 Vibrio mediterranei
0.00	3	53	20	 Vibrio kanaloae
0.00	3	142	111	 Vibrio metschnikovii
0.00	3	44	41	 Vibrio taketomensis
0.00	2	48	42	 Vibrio coralliilyticus
0.00	2	123	71	 Vibrio mimicus
0.00	1	50	34	 Vibrio metoecus
0.00	1	5	5	 Vibrio hyugaensis
0.00	1	35	29	 Vibrio aphrogenes
0.00	1	151	46	 Vibrio qinghaiensis
0.00	1	22	22	 Vibrio nigripulchritudo
0.00	1	48	34	 Vibrio aquimaris
0.00	1	38	36	 Vibrio ponticus
0.00	1	72	51	 Photobacterium sp. GJ3
0.00	1	79	23	 Candidatus Enterovibrio luxaltus
0.00	1	67	55	 Grimontia hollisae
0.00	1	14	11	 Paraphotobacterium marinum
0.49	4905	207157	106371	 Moraxella osloensis
0.00	1	13	8	 Moraxella nonliquefaciens
0.00	18	191	74	 Acinetobacter johnsonii
0.00	8	125	66	 Acinetobacter sp.
0.00	6	111	88	 Acinetobacter sp. MYb10
0.00	1	5	4	 Acinetobacter sp. WCHA55
0.00	1	21	10	 Acinetobacter sp. 10FS3-1
0.00	1	1	1	 Acinetobacter sp. NEB149
0.00	17	603	450	 Acinetobacter junii
0.00	5	127	77	 Acinetobacter baumannii
0.00	1	47	47	 Acinetobacter pittii
0.00	1	14	13	 Acinetobacter nosocomialis
0.00	5	59	51	 Acinetobacter guillouiae
0.00	3	106	70	 Acinetobacter haemolyticus
0.00	3	105	85	 Acinetobacter schindleri
0.00	2	36	25	 Acinetobacter indicus
0.00	1	8	8	 Acinetobacter gyllenbergii
0.00	1	16	15	 Acinetobacter soli
0.00	1	20	12	 Acinetobacter wuhouensis
0.00	1	8	8	 Acinetobacter dispersus
0.00	1	6	5	 Acinetobacter variabilis
0.00	1	10	10	 Acinetobacter lwoffii
0.00	1	36	30	 Acinetobacter radioresistens
0.00	3	150	89	 Psychrobacter sp. P11G5
0.00	1	24	17	 Psychrobacter sp. P11F6
0.00	1	32	22	 Psychrobacter sp. YP14
0.01	86	774	551	 Pseudomonas fluorescens
0.01	59	320	256	 Pseudomonas brenneri
0.00	40	228	34	 Pseudomonas tolaasii
0.00	27	342	282	 Pseudomonas azotoformans
0.00	10	68	52	 Pseudomonas mucidolens
0.00	7	54	41	 Pseudomonas synxantha
0.00	5	44	33	 Pseudomonas orientalis
0.00	3	22	20	 Pseudomonas protegens
0.00	3	13	11	 Pseudomonas poae
0.00	2	11	9	 Pseudomonas veronii
0.00	2	11	5	 Pseudomonas cedrina
0.00	2	13	10	 Pseudomonas trivialis
0.00	2	8	7	 Pseudomonas mediterranea
0.00	2	8	5	 Pseudomonas libanensis
0.00	1	3	3	 Pseudomonas extremorientalis
0.00	1	5	3	 Pseudomonas migulae
0.00	1	8	8	 Pseudomonas mandelii
0.01	54	555	481	 Pseudomonas sp. SDM007
0.00	11	414	309	 Pseudomonas sp. BIOMIG1BAC
0.00	10	88	78	 Pseudomonas sp. URMO17WK12:I11
0.00	5	14	10	 Pseudomonas sp. ADAK13
0.00	5	14	13	 Pseudomonas sp. LG1D9
0.00	3	8	5	 Pseudomonas sp. St29
0.00	3	12	12	 Pseudomonas sp. R5-89-07
0.00	3	3	3	 Pseudomonas sp. IB20
0.00	3	13	12	 Pseudomonas sp. S09G 359
0.00	3	7	5	 Pseudomonas sp. St316
0.00	3	17	12	 Pseudomonas sp. So3.2b
0.00	3	27	22	 Pseudomonas sp. ADAK18
0.00	2	5	4	 Pseudomonas sp. S11A 273
0.00	2	7	7	 Pseudomonas sp. CMR5c
0.00	2	5	4	 Pseudomonas sp. SCB32
0.00	2	17	6	 Pseudomonas sp. SK3(2021)
0.00	2	4	2	 Pseudomonas sp. MTM4
0.00	2	4	3	 Pseudomonas sp. R76
0.00	2	23	10	 Pseudomonas sp. M30-35
0.00	1	1	1	 Pseudomonas sp. PONIH3
0.00	1	4	3	 Pseudomonas sp. B11D7D
0.00	1	12	10	 Pseudomonas sp. S35
0.00	1	1	1	 Pseudomonas sp. R32
0.00	1	3	3	 Pseudomonas sp. DY-1
0.00	1	2	2	 Pseudomonas sp. FDAARGOS_380
0.00	1	9	7	 Pseudomonas sp. 7SR1
0.00	1	2	2	 Pseudomonas sp. LPH1
0.00	1	4	3	 Pseudomonas sp. CC6-YY-74
0.00	1	8	8	 Pseudomonas sp. OIL-1
0.00	1	3	3	 Pseudomonas sp. p1(2021b)
0.00	1	6	5	 Pseudomonas sp. Seg1
0.00	1	1	1	 Pseudomonas sp. SXM-1
0.00	1	4	2	 Pseudomonas sp. LPB0260
0.00	1	4	4	 Pseudomonas sp. LG1E9
0.00	1	5	3	 Pseudomonas sp. J380
0.00	1	1	1	 Pseudomonas sp. K2W31S-8
0.00	1	10	7	 Pseudomonas sp. NIBRBAC000502773
0.00	1	6	4	 Pseudomonas sp. SNU WT1
0.00	1	2	1	 Pseudomonas sp. RtIB026
0.00	1	2	2	 Pseudomonas sp. FIT28
0.00	1	2	2	 Pseudomonas sp. 3-2
0.00	1	1	1	 Pseudomonas sp. B10
0.00	1	4	4	 Pseudomonas sp. Tri1
0.00	1	4	4	 Pseudomonas sp. StFLB209
0.00	10	142	104	 Pseudomonas putida
0.00	4	64	52	 Pseudomonas fulva
0.00	2	26	15	 Pseudomonas oryzihabitans
0.00	10	229	162	 Pseudomonas alcaligenes
0.00	2	31	22	 Pseudomonas mendocina
0.00	1	8	7	 Pseudomonas aeruginosa
0.00	1	1	1	 Pseudomonas furukawaii
0.00	4	44	1	 Pseudomonas savastanoi
0.00	1	12	12	 Pseudomonas amygdali
0.00	1	12	6	 Pseudomonas cichorii
0.00	1	10	6	 Pseudomonas asturiensis
0.00	5	36	31	 Pseudomonas entomophila
0.00	5	21	16	 Pseudomonas antarctica
0.00	4	41	34	 Pseudomonas chlororaphis
0.00	1	4	4	 Pseudomonas lundensis
0.00	4	43	34	 Pseudomonas rhizosphaerae
0.00	4	14	14	 Pseudomonas palleroniana
0.00	3	54	47	 Pseudomonas qingdaonensis
0.00	3	52	41	 Pseudomonas stutzeri
0.00	3	6	5	 Pseudomonas umsongensis
0.00	3	38	25	 Pseudomonas yamanorum
0.00	2	11	9	 Pseudomonas marincola
0.00	2	9	8	 Pseudomonas extremaustralis
0.00	2	5	5	 Pseudomonas prosekii
0.00	2	14	7	 Pseudomonas agarici
0.00	2	8	5	 Pseudomonas parafulva
0.00	2	11	9	 Pseudomonas frederiksbergensis
0.00	2	10	10	 Pseudomonas shahriarae
0.00	1	2	1	 Pseudomonas lactis
0.00	1	6	3	 Pseudomonas vanderleydeniana
0.00	1	3	3	 Pseudomonas zarinae
0.00	1	7	5	 Pseudomonas brassicacearum
0.00	1	4	4	 Pseudomonas monsensis
0.00	1	3	3	 Pseudomonas pelagia
0.00	1	6	5	 Pseudomonas tritici
0.00	1	2	1	 Pseudomonas gozinkensis
0.00	1	6	6	 Pseudomonas alvandae
0.00	1	7	7	 Pseudomonas taetrolens
0.00	1	10	9	 Pseudomonas simiae
0.00	1	15	13	 Pseudomonas otitidis
0.00	1	4	4	 Pseudomonas koreensis
0.00	1	8	5	 Pseudomonas vancouverensis
0.00	1	3	2	 Pseudomonas thivervalensis
0.00	3	8	5	 Azotobacter chroococcum
0.00	1	6	4	 Entomomonas sp. F2A
0.01	55	228	5	 Xanthomonas euvesicatoria
0.00	16	83	35	 Xanthomonas campestris
0.00	2	6	3	 Xanthomonas arboricola
0.00	1	8	6	 Xanthomonas albilineans
0.00	7	112	93	 Stenotrophomonas maltophilia
0.00	1	3	3	 Stenotrophomonas sp. ZAC14D2_NAIMI4_7
0.00	1	1	1	 Stenotrophomonas sp. SAU14A_NAIMI4_5
0.00	5	86	41	 Stenotrophomonas sp. LM091
0.00	1	4	4	 Stenotrophomonas sp. WZN-1
0.00	1	45	39	 Stenotrophomonas sp. 364
0.00	4	76	68	 Stenotrophomonas rhizophila
0.00	2	58	43	 Pseudoxanthomonas sp. X-1
0.00	1	10	10	 Pseudoxanthomonas suwonensis
0.00	1	2	2	 Thermomonas sp. HDW16
0.00	1	4	4	 Thermomonas sp. XSG
0.00	1	2	2	 Lysobacter sp. CECT 30171
0.00	1	2	1	 Luteimonas granuli
0.00	1	4	3	 Luteimonas sp. YGD11-2
0.00	10	39	27	 Luteibacter pinisoli
0.00	6	31	26	 Luteibacter rhizovicinus
0.00	1	6	5	 Dyella japonica
0.00	1	12	8	 Dyella thiooxydans
0.00	1	6	6	 Frateuria aurantia
0.00	1	3	2	 Allofrancisella frigidaquae
0.00	1	10	8	 Hydrogenovibrio marinus
0.00	1	22	11	 Methylophaga nitratireducenticrescens
0.00	1	11	9	 Thiothrix sp.
0.00	5	122	13	 Halomonas meridiana
0.00	1	3	2	 Halomonas sp. THAF12
0.00	1	7	4	 Halomonas venusta
0.00	1	9	8	 Halomonas hydrothermalis
0.00	4	38	33	 Chromohalobacter salexigens
0.00	1	3	2	 Kushneria marisflavi
0.00	1	9	8	 Marinomonas arctica
0.00	1	9	7	 Marinobacterium aestuarii
0.00	1	71	16	 Bermanella marisrubri
0.00	1	1	1	 Alcanivorax sp. NBRC 101098
0.00	10	220	30	 [Haemophilus] ducreyi
0.00	3	166	158	 Haemophilus parainfluenzae
0.00	2	24	9	 Pasteurella canis
0.00	1	6	4	 Pasteurella atlantica
0.00	4	20	6	 Pseudoalteromonas prydzensis
0.00	1	23	12	 Pseudoalteromonas tunicata
0.00	2	55	17	 Flocculibacter collagenilyticus
0.00	1	1	1	 Marinobacter sp. CP1
0.00	2	7	6	 Alteromonas australica
0.00	1	20	7	 Glaciecola nitratireducens
0.00	2	3	2	 Shewanella frigidimarina
0.00	1	16	13	 Shewanella sp. Scap07
0.00	5	200	157	 Cardiobacterium hominis
0.00	2	7	4	 Marichromatium purpuratum
0.00	1	3	2	 Ectothiorhodospira sp. BSL-9
0.00	1	6	6	 Thioalkalivibrio nitratireducens
0.00	1	2	2	 Aeromonas sp. FDAARGOS 1406
0.00	1	9	7	 Aeromonas encheleia
0.00	1	3	2	 Microbulbifer sp. GL-2
0.00	1	9	9	 Methylococcus capsulatus
0.00	1	19	4	 Candidatus Ruthia magnifica
0.02	171	2844	2138	 Brevundimonas sp. Bb-A
0.02	159	2178	1691	 Brevundimonas sp. DS20
0.00	18	298	230	 Brevundimonas sp. SGAir0440
0.00	12	173	148	 Brevundimonas sp. GW460-12-10-14-LB2
0.00	11	61	39	 Brevundimonas sp. PAMC22021
0.00	9	29	23	 Brevundimonas sp. LM2
0.00	9	25	20	 Brevundimonas sp. MF30-B
0.00	8	14	13	 Brevundimonas sp. AJA228-03
0.00	6	39	30	 Brevundimonas sp. 'scallop'
0.00	5	41	39	 Brevundimonas sp. CS1
0.00	4	34	23	 Brevundimonas sp. M20
0.00	3	20	19	 Brevundimonas sp. GRTSA-9
0.00	6	176	146	 Brevundimonas mediterranea
0.00	4	28	24	 Brevundimonas subvibrioides
0.00	4	40	35	 Brevundimonas naejangsanensis
0.00	4	19	16	 Brevundimonas pondensis
0.00	3	36	20	 Brevundimonas diminuta
0.00	3	93	85	 Brevundimonas vesicularis
0.00	3	47	37	 Brevundimonas nasdae
0.00	3	26	18	 Brevundimonas goettingensis
0.00	4	8	6	 Caulobacter flavus
0.00	3	10	8	 Caulobacter mirabilis
0.00	2	17	15	 Caulobacter segnis
0.00	1	3	3	 Caulobacter henricii
0.00	1	9	5	 Caulobacter vibrioides
0.00	1	81	70	 Caulobacter sp. FWC26
0.00	1	10	8	 Phenylobacterium zucineum
0.00	1	7	5	 Phenylobacterium parvum
0.00	1	10	8	 Asticcacaulis excentricus
0.00	1	6	3	 Terricaulis silvestris
0.02	235	5698	4191	 Paracoccus sanguinis
0.00	19	183	119	 Paracoccus sp. MC1862
0.00	4	13	11	 Paracoccus sp. AK26
0.00	3	19	11	 Paracoccus sp. Arc7-R13
0.00	2	48	26	 Paracoccus sp. H4-D09
0.00	14	177	139	 Paracoccus contaminans
0.00	6	119	117	 Paracoccus yeei
0.00	4	38	35	 Paracoccus suum
0.00	4	28	16	 Paracoccus zhejiangensis
0.00	3	8	7	 Paracoccus aminovorans
0.00	2	18	7	 Paracoccus aminophilus
0.00	2	56	33	 Paracoccus denitrificans
0.00	1	7	7	 Paracoccus kondratievae
0.00	1	12	12	 Paracoccus pantotrophus
0.00	1	9	9	 Paracoccus jeotgali
0.00	5	37	31	 Cereibacter sphaeroides
0.00	1	6	6	 Rhodobacter blasticus
0.00	1	4	3	 Rhodovulum sp. MB263
0.00	1	6	5	 Pelagovum pacificum
0.00	1	17	14	 Defluviimonas alba
0.00	1	5	3	 Parasedimentitalea marina
0.00	2	5	3	 Antarctobacter heliothermus
0.00	1	4	4	 Ruegeria sp. AD91A
0.00	1	3	2	 Ruegeria sp. SCSIO 43209
0.00	1	7	6	 Celeribacter indicus
0.00	1	1	1	 Roseobacter litoralis
0.00	1	3	2	 Phaeobacter piscinae
0.00	6	55	38	 Methylobacterium sp. 17Sr1-1
0.00	4	27	23	 Methylobacterium sp. DM1
0.00	2	25	25	 Methylobacterium sp. XJLW
0.00	2	14	14	 Methylobacterium sp. WL1
0.00	1	8	7	 Methylobacterium sp. AMS5
0.00	9	65	49	 Methylobacterium terrae
0.00	8	63	39	 Methylobacterium radiodurans
0.00	6	28	23	 Methylobacterium currus
0.00	5	45	33	 Methylobacterium aquaticum
0.00	4	26	24	 Methylobacterium brachiatum
0.00	3	11	11	 Methylobacterium mesophilicum
0.00	3	21	14	 Methylobacterium nodulans
0.00	3	19	15	 Methylobacterium durans
0.00	1	23	21	 Methylobacterium indicum
0.00	23	303	227	 Methylorubrum extorquens
0.00	8	175	129	 Methylorubrum populi
0.00	1	3	3	 Methylorubrum zatmanii
0.00	1	7	6	 Microvirga sp. 17 mud 1-3
0.00	1	4	3	 Microvirga sp. VF16
0.00	1	6	5	 Microvirga thermotolerans
0.00	3	7	7	 Rhizobium sp. L51/94
0.00	3	19	14	 Rhizobium sp. X9
0.00	2	8	8	 Rhizobium sp. AB2/73
0.00	2	5	5	 Rhizobium sp. BG4
0.00	1	1	1	 Rhizobium sp. Khangiran2
0.00	6	39	29	 Rhizobium leguminosarum
0.00	5	87	70	 Rhizobium oryzihabitans
0.00	2	113	85	 Rhizobium pusense
0.00	1	2	2	 Rhizobium etli
0.00	1	3	1	 Rhizobium daejeonense
0.00	1	3	3	 Rhizobium lusitanum
0.00	1	5	4	 Rhizobium rhizoryzae
0.00	1	3	2	 Rhizobium binae
0.00	4	37	22	 Agrobacterium tumefaciens
0.00	1	2	1	 Agrobacterium rhizogenes
0.00	1	1	1	 Agrobacterium sp. T29
0.00	1	5	4	 Neorhizobium galegae
0.00	2	11	8	 Ensifer adhaerens
0.00	1	2	2	 Ensifer sp. PDNC004
0.00	1	8	7	 Sinorhizobium meliloti
0.00	1	3	2	 Sinorhizobium medicae
0.00	1	6	5	 Shinella sp. PSBB067
0.00	30	859	617	 Mesorhizobium sp. DCY119
0.00	11	317	258	 Mesorhizobium sp. Pch-S
0.00	2	4	2	 Mesorhizobium sp. M2A.F.Ca.ET.043.02.1.1
0.00	1	1	1	 Mesorhizobium sp. L-8-10
0.00	1	5	5	 Mesorhizobium sp. M8A.F.Ca.ET.057.01.1.1
0.00	1	3	2	 Mesorhizobium sp. NZP2298
0.00	1	5	3	 Mesorhizobium sp. L-2-11
0.00	1	3	3	 Mesorhizobium sp. 113-1-2
0.00	1	4	3	 Mesorhizobium sp. M1B.F.Ca.ET.045.04.1.1
0.00	1	5	4	 Mesorhizobium oceanicum
0.00	1	11	7	 Mesorhizobium terrae
0.00	1	25	25	 Bradyrhizobium sp. PSBB068
0.00	1	8	3	 Bradyrhizobium sp. 6(2017)
0.00	1	3	3	 Bradyrhizobium sp. CCBAU 51765
0.00	1	6	6	 Bradyrhizobium sp. CCBAU 53421
0.00	1	2	2	 Bradyrhizobium oligotrophicum
0.00	1	60	48	 Bradyrhizobium betae
0.00	1	1	1	 Bradyrhizobium japonicum
0.00	3	9	6	 Rhodopseudomonas sp. SK50-23
0.00	1	6	6	 Tardiphaga sp. vice278
0.00	1	3	2	 Variibacter gotjawalensis
0.00	10	55	53	 Bosea sp. RAC05
0.00	1	4	3	 Bosea sp. Tri-49
0.00	1	6	5	 Bosea sp. AS-1
0.00	1	4	4	 Bosea vaviloviae
0.00	3	5	5	 Devosia sp. SCS-3
0.00	1	4	3	 Devosia sp. I507
0.00	3	7	6	 Devosia ginsengisoli
0.00	2	11	11	 Youhaiella tibetensis
0.00	1	3	3	 Hyphomicrobium nitrativorans
0.00	1	4	3	 Hyphomicrobium sp. MC1
0.00	1	6	5	 Rhodoplanes sp. Z2-YC6860
0.00	1	2	2	 Aquabacter sp. L1I39
0.00	1	4	2	 Caenibius tardaugens
0.00	3	38	37	 Ochrobactrum sp. MT180101
0.00	1	1	1	 Brucella anthropi
0.00	1	1	1	 Starkeya novella
0.00	1	1	1	 Starkeya sp. ORNL1
0.00	1	6	3	 Ancylobacter sp. TS-1
0.00	1	19	9	 Xanthobacter sp. YN2
0.00	1	4	2	 Pseudolabrys sp. FHR47
0.00	2	17	9	 Pannonibacter phragmitetus
0.00	1	3	2	 Stappia indica
0.00	1	3	3	 Labrenzia alexandrii
0.00	2	8	8	 Hartmannibacter diazotrophicus
0.00	1	1	1	 Martelella endophytica
0.00	1	11	11	 Aureimonas sp. AU20
0.00	1	4	4	 Methylocystis bryophila
0.00	1	6	3	 Phreatobacter sp. NMCR1094
0.00	1	5	3	 Methylovirgula ligni
0.00	9	28	22	 Sphingomonas sp. AP4-R1
0.00	5	83	66	 Sphingomonas sp. AAP5
0.00	5	81	71	 Sphingomonas sp. FARSPH
0.00	4	12	8	 Sphingomonas sp. NBWT7
0.00	4	13	8	 Sphingomonas sp. LM7
0.00	3	5	4	 Sphingomonas sp. HDW15A
0.00	3	12	8	 Sphingomonas sp. CL5.1
0.00	3	19	17	 Sphingomonas sp. LK11
0.00	2	14	11	 Sphingomonas sp. NIC1
0.00	2	13	9	 Sphingomonas sp. AK-PDB1-5
0.00	2	6	6	 Sphingomonas sp. MK52
0.00	2	4	4	 Sphingomonas sp. XS-10
0.00	2	14	11	 Sphingomonas sp. PAMC26645
0.00	2	16	16	 Sphingomonas sp. YZ-8
0.00	1	5	3	 Sphingomonas sp. C8-2
0.00	1	3	3	 Sphingomonas sp. HMP6
0.00	1	10	10	 Sphingomonas sp. Cra20
0.00	1	2	2	 Sphingomonas sp. KC8
0.00	1	10	9	 Sphingomonas sp. LMO-1
0.00	1	11	11	 Sphingomonas sp. MM-1
0.00	10	106	91	 Sphingomonas melonis
0.00	6	90	84	 Sphingomonas paucimobilis
0.00	4	13	12	 Sphingomonas insulae
0.00	3	21	18	 Sphingomonas sanguinis
0.00	3	13	11	 Sphingomonas taxi
0.00	3	22	16	 Sphingomonas daechungensis
0.00	2	9	7	 Sphingomonas ginsengisoli An et al. 2013
0.00	2	16	13	 Sphingomonas alpina
0.00	2	16	13	 Sphingomonas aliaeris
0.00	2	5	5	 Sphingomonas wittichii
0.00	2	80	49	 Sphingomonas koreensis
0.00	2	11	10	 Sphingomonas panacis
0.00	2	16	14	 Sphingomonas hengshuiensis
0.00	2	2	2	 Sphingomonas xanthus
0.00	1	2	2	 Sphingomonas sabuli
0.00	1	8	8	 Sphingomonas sediminicola
0.00	1	3	3	 Sphingomonas sinipercae
0.00	1	6	5	 Sphingomonas piscis
0.00	1	25	6	 Sphingomonas panacisoli
0.00	1	3	3	 Sphingomonas lutea
0.00	5	42	19	 Sphingobium sp. PAMC28499
0.00	3	21	14	 Sphingobium sp. YG1
0.00	2	9	7	 Sphingobium sp. EP60837
0.00	2	4	4	 Sphingobium sp. CAP-1
0.00	2	8	5	 Sphingobium sp. KCTC 72723
0.00	1	6	5	 Sphingobium sp. MI1205
0.00	1	5	5	 Sphingobium sp. SYK-6
0.00	1	34	17	 Sphingobium sp. TKS
0.00	15	237	210	 Sphingobium yanoikuyae
0.00	5	51	45	 Sphingobium xenophagum
0.00	2	8	2	 Sphingobium fuliginis
0.00	2	41	13	 Sphingobium baderi
0.00	1	50	50	 Sphingobium cloacae
0.00	1	6	3	 Sphingobium indicum
0.00	3	9	6	 Novosphingobium sp. P6W
0.00	3	60	39	 Novosphingobium sp. EMRT-2
0.00	2	49	26	 Novosphingobium sp. THN1
0.00	2	8	8	 Novosphingobium sp. ES2-1
0.00	1	29	26	 Novosphingobium sp. KA1
0.00	3	29	17	 Novosphingobium resinovorum
0.00	2	9	6	 Novosphingobium aromaticivorans
0.00	1	7	5	 Novosphingobium pentaromativorans
0.00	1	3	3	 Novosphingobium ginsenosidimutans
0.00	3	40	31	 Sphingopyxis sp. FD7
0.00	3	52	28	 Sphingopyxis sp. OPL5
0.00	1	1	1	 Sphingopyxis sp. 113P3
0.00	1	3	3	 Sphingopyxis fribergensis
0.00	1	9	6	 Citromicrobium sp. JL477
0.00	1	3	3	 Sphingorhabdus sp. M41
0.00	1	10	6	 Rhizorhabdus dicambivorans
0.00	1	4	3	 Hankyongella ginsenosidimutans
0.00	1	4	4	 Sphingosinithalassobacter sp. CS137
0.00	1	7	6	 Tardibacter chloracetimidivorans
0.00	2	6	5	 Qipengyuania flava
0.00	2	4	3	 Erythrobacter mangrovi
0.00	1	4	4	 Porphyrobacter sp. LM 6
0.00	1	3	3	 Altererythrobacter ishigakiensis
0.00	1	14	9	 Altererythrobacter sp. B11
0.00	1	5	5	 Tsuneonella mangrovi
0.00	1	5	4	 Tsuneonella amylolytica
0.00	1	9	3	 Croceicoccus sp. YJ47
0.00	1	1	1	 Sandaracinobacter sp. M6
0.00	1	3	2	 Sphingosinicella microcystinivorans
0.00	17	290	226	 Roseomonas sp. FDAARGOS_362
0.00	16	331	261	 Roseomonas mucosa
0.00	4	41	41	 Roseomonas gilardii
0.00	2	7	6	 Gluconobacter albidus
0.00	1	2	1	 Roseococcus sp. NIBR12
0.00	1	2	1	 Neokomagataea tanensis
0.00	1	5	3	 Komagataeibacter hansenii
0.00	2	10	10	 Azospirillum brasilense
0.00	2	5	3	 Azospirillum oryzae
0.00	1	4	4	 Azospirillum lipoferum
0.00	1	6	5	 Azospirillum thiophilum
0.00	1	1	1	 Azospirillum ramasamyi
0.00	1	3	3	 Azospirillum sp. TSA2s
0.00	2	10	6	 Nitrospirillum amazonense
0.00	1	5	5	 Skermanella pratensis
0.00	1	8	6	 Rhodospirillum centenum
0.00	1	4	4	 Tistrella mobilis
0.00	1	5	5	 Ferrovibrio terrae
0.00	1	4	4	 Hypericibacter adhaerens
0.00	1	5	3	 Wolbachia endosymbiont of Ctenocephalides felis wCfeJ
0.00	1	4	2	 Wolbachia endosymbiont of Chrysomya megacephala
0.00	1	10	8	 Wolbachia endosymbiont of Folsomia candida
0.00	1	2	2	 Ehrlichia muris
0.00	2	11	5	 Rickettsiales endosymbiont of Stachyamoeba lipophora
0.00	1	4	3	 Hyphomonas sp. CACIAM 19H1
0.00	1	24	6	 Hyphomonas sp. KY3
0.00	49	477	444	 Delftia acidovorans
0.00	4	13	12	 Delftia lacustris
0.00	3	21	12	 Delftia tsuruhatensis
0.00	2	14	12	 Delftia sp. HK171
0.00	6	95	56	 Acidovorax sp. T1
0.00	5	57	33	 Acidovorax sp. 1608163
0.00	5	26	19	 Acidovorax sp. JMULE5
0.00	4	56	37	 Acidovorax sp. KKS102
0.00	4	16	13	 Acidovorax sp. HDW3
0.00	2	11	11	 Acidovorax sp. RAC01
0.00	1	2	2	 Acidovorax sp. JS42
0.00	7	15	11	 Acidovorax carolinensis
0.00	4	36	33	 Acidovorax avenae
0.00	2	4	3	 Acidovorax cattleyae
0.00	2	18	17	 Acidovorax monticola
0.00	3	7	5	 Variovorax sp. WDL1
0.00	3	17	12	 Variovorax sp. RA8
0.00	3	8	7	 Variovorax sp. HW608
0.00	2	12	8	 Variovorax sp. RKNM96
0.00	1	3	2	 Variovorax sp. SRS16
0.00	1	4	4	 Variovorax sp. PAMC28562
0.00	5	32	16	 Variovorax paradoxus
0.00	1	11	11	 Variovorax boronicumulans
0.00	13	347	269	 Comamonas testosteroni
0.00	2	11	7	 Comamonas sp. NLF-1-9
0.00	1	3	3	 Comamonas sp. NLF-7-7
0.00	2	47	45	 Comamonas aquatica
0.00	2	8	7	 Comamonas odontotermitis
0.00	11	76	31	 Ottowia sp. 27C
0.00	1	7	5	 Ottowia sp. oral taxon 894
0.00	2	20	15	 Ottowia oryzae
0.00	2	7	5	 Hydrogenophaga sp. BA0156
0.00	2	10	4	 Hydrogenophaga crassostreae
0.00	1	3	2	 Hydrogenophaga pseudoflava
0.00	3	13	6	 Diaphorobacter sp. HDW4A
0.00	1	10	9	 Diaphorobacter aerolatus
0.00	1	9	9	 Diaphorobacter polyhydroxybutyrativorans
0.00	1	3	3	 Diaphorobacter ruginosibacter
0.00	4	19	16	 Alicycliphilus denitrificans
0.00	2	14	13	 Rhodoferax koreense
0.00	1	1	1	 Rhodoferax antarcticus
0.00	3	10	6	 Verminephrobacter eiseniae
0.00	2	10	8	 Pulveribacter suum
0.00	2	14	5	 Serpentinomonas mccroryi
0.00	2	10	4	 Melaminivora sp. SC2-9
0.00	1	5	3	 Curvibacter sp. AEP1-3
0.00	1	4	3	 Simplicispira suum
0.00	1	7	6	 Limnohabitans sp. 63ED37-2
0.00	1	6	5	 Candidatus Symbiobacter mobilis
0.00	1	7	5	 Schlegelella thermodepolymerans
0.00	1	3	3	 Polaromonas sp. JS666
0.00	4	55	28	 Burkholderia contaminans
0.00	3	8	5	 Burkholderia pyrrocinia
0.00	1	7	6	 Burkholderia cepacia
0.00	1	5	4	 Burkholderia cenocepacia
0.00	1	1	1	 Burkholderia metallica
0.00	1	18	16	 Burkholderia lata
0.00	3	6	3	 Burkholderia sp. DHOD12
0.00	1	1	1	 Burkholderia sp. PAMC 28687
0.00	1	7	3	 Burkholderia sp. PAMC 26561
0.00	1	7	7	 Burkholderia gladioli
0.00	1	4	4	 Burkholderia plantarii
0.00	2	19	12	 Cupriavidus basilensis
0.00	2	9	5	 Cupriavidus campinensis
0.00	2	8	5	 Cupriavidus taiwanensis
0.00	1	14	10	 Cupriavidus pauculus
0.00	1	15	15	 Cupriavidus metallidurans
0.00	11	358	241	 Lautropia mirabilis
0.00	2	19	14	 Ralstonia solanacearum
0.00	2	62	31	 Ralstonia insidiosa
0.00	1	9	5	 Ralstonia mannitolilytica
0.00	1	3	2	 Pandoraea sputorum
0.00	1	3	2	 Pandoraea oxalativorans
0.00	1	3	3	 Paraburkholderia graminis
0.00	1	4	3	 Paraburkholderia tropica
0.00	1	39	39	 Paraburkholderia fungorum
0.00	2	7	3	 Polynucleobacter sp. MG-9-Vaara-E2
0.00	11	253	199	 Herbaspirillum huttiense
0.00	1	15	10	 Herbaspirillum rubrisubalbicans
0.00	1	4	4	 Massilia sp. CCM 8941
0.00	1	5	4	 Massilia sp. LPB0304
0.00	1	4	3	 Massilia sp. NP310
0.00	2	5	5	 Massilia umbonata
0.00	1	20	4	 Massilia plicata
0.00	1	5	4	 Massilia lutea
0.00	1	6	4	 Massilia flava
0.00	1	4	3	 Massilia oculi
0.00	1	5	4	 Massilia putida
0.00	2	14	12	 Duganella sp. AF9R3
0.00	1	4	3	 Duganella sp. GN2-R2
0.00	1	4	4	 Noviherbaspirillum sp. UKPF54
0.00	3	11	9	 Achromobacter spanius
0.00	1	15	14	 Achromobacter sp.
0.00	1	2	2	 Achromobacter sp. MFA1 R4
0.00	1	12	2	 Achromobacter sp. B7
0.00	1	7	6	 Achromobacter denitrificans
0.00	1	4	3	 Achromobacter pestifer
0.00	1	33	20	 Achromobacter deleyi
0.00	1	4	3	 Achromobacter mucicolens
0.00	1	2	2	 Bordetella bronchiseptica
0.00	1	4	4	 Bordetella bronchialis
0.00	1	1	1	 Bordetella pseudohinzii
0.00	1	5	4	 Bordetella sp. H567
0.00	1	19	14	 Alcaligenes faecalis
0.00	1	21	15	 Alcaligenes aquatilis
0.00	1	2	2	 Castellaniella defragrans
0.00	7	133	66	 Aquabacterium olei
0.00	3	9	6	 Xylophilus rhododendri
0.00	1	11	9	 Rhizobacter gummiphilus
0.00	1	13	9	 Rhizobacter sp. AJA081-3
0.00	1	9	7	 Mitsuaria sp. 7
0.00	1	7	4	 Tepidimonas taiwanensis
0.00	1	2	2	 Methylibium sp. Pch-M
0.00	40	402	338	 Neisseria subflava
0.00	8	86	74	 Neisseria mucosa
0.00	5	34	33	 Neisseria flavescens
0.00	4	10	10	 Neisseria meningitidis
0.00	2	44	44	 Neisseria sp. oral taxon 014
0.00	1	5	3	 Neisseria sp. 10022
0.00	1	3	3	 Neisseria sp. ZJ785
0.00	4	47	37	 Neisseria sicca
0.00	3	38	27	 Neisseria elongata
0.00	2	8	6	 Neisseria lactamica
0.00	1	4	3	 Neisseria chenwenguii
0.00	1	73	43	 Neisseria bacilliformis
0.00	2	9	8	 Vitreoscilla filiformis
0.00	1	19	14	 Microvirgula aerodenitrificans
0.00	1	3	3	 Chromobacterium sp. ATCC 53434
0.00	1	27	22	 Methylophilus sp. TWE2
0.00	1	1	1	 Candidatus Nitrotoga sp. AM1P
0.00	1	20	6	 Methyloversatilis sp. RAC08
0.00	1	7	4	 Thauera sp. MZ1T
0.00	1	7	6	 Thauera sp. K11
0.00	1	8	7	 Azoarcus sp. CIB
0.00	2	4	1	 Myxococcus stipitatus
0.00	1	6	5	 Myxococcus sp. SCHIC003
0.00	1	5	4	 Pyxidicoccus sp. SCPEA002
0.00	4	12	3	 Archangium gephyra
0.00	1	5	4	 Anaeromyxobacter sp. Fw109-5
0.00	3	39	20	 Sorangium cellulosum
0.00	1	3	2	 Sandaracinus amylolyticus
0.00	3	12	3	 Desulfobulbus oligotrophicus
0.00	1	2	1	 Desulfobulbus oralis
0.00	1	10	8	 Desulfopila sp. IMCC35005
0.00	1	7	6	 Desulfovibrio desulfuricans
0.00	1	2	1	 Desulfovibrio carbinolicus
0.00	1	4	4	 Desulfomicrobium baculatum
0.00	1	3	2	 Syntrophobacter fumaroxidans
0.00	1	21	3	 Campylobacter subantarcticus
0.00	2	14	4	 Pseudoarcobacter acticola
0.00	1	7	4	 Aliarcobacter lanthieri
0.00	1	6	4	 Halarcobacter ebronensis
0.00	1	2	2	 Sulfurospirillum sp. UCH001
0.00	1	11	6	 Halobacteriovorax sp. BALOs_7
0.00	1	5	2	 Hydrogenophilus thermoluteolus
0.00	4	14	3	 Flavobacterium sp. BB8
0.00	1	6	3	 Flavobacterium sp. KBS0721
0.00	1	2	2	 Flavobacterium sp. SLB02
0.00	5	15	1	 Flavobacterium kingsejongi
0.00	1	6	4	 Flavobacterium crocinum
0.00	1	2	2	 Flavobacterium commune
0.00	1	4	3	 Flavobacterium album
0.00	1	5	2	 Flavobacterium magnum
0.00	5	13	3	 Lacinutrix sp. Bg11-31
0.00	1	11	7	 Lacinutrix sp. 5H-3-7-4
0.00	3	14	4	 Lutibacter profundi
0.00	3	12	1	 Flavivirga eckloniae
0.00	2	28	9	 Cellulophaga sp. L1A9
0.00	1	4	3	 Cellulophaga sp. HaHaR_3_176
0.00	1	8	4	 Tenacibaculum mesophilum
0.00	1	6	5	 Kordia antarctica
0.00	1	7	6	 Kordia sp. SMS9
0.00	1	9	6	 Myroides odoratus
0.00	1	6	6	 Myroides fluvii
0.00	1	7	6	 Urechidicola croceus
0.00	1	4	2	 Gramella fulva
0.00	1	23	3	 Polaribacter sp. L3A8
0.00	1	6	4	 Aquimarina sp. AD1
0.00	1	1	1	 Capnocytophaga ochracea
0.00	16	171	141	 Chryseobacterium taklimakanense
0.00	4	68	16	 Chryseobacterium sp. POL2
0.00	3	70	58	 Chryseobacterium sp. ZHDP1
0.00	2	7	5	 Chryseobacterium sp. IHB B 17019
0.00	1	5	5	 Chryseobacterium sp. G0162
0.00	1	4	3	 Chryseobacterium sp. G0186
0.00	7	85	61	 Chryseobacterium shandongense
0.00	3	51	29	 Chryseobacterium indologenes
0.00	3	20	13	 Chryseobacterium gallinarum
0.00	2	8	5	 Chryseobacterium gleum
0.00	2	7	6	 Chryseobacterium arthrosphaerae
0.00	2	8	7	 Chryseobacterium carnipullorum
0.00	2	8	5	 Chryseobacterium camelliae
0.00	1	33	10	 Chryseobacterium indoltheticum
0.00	1	5	5	 Chryseobacterium balustinum
0.00	1	5	4	 Chryseobacterium aureum
0.00	2	16	11	 Kaistella jeonii
0.00	1	8	7	 Kaistella antarctica
0.00	1	5	4	 Kaistella haifensis
0.00	2	84	65	 Epilithonimonas vandammei
0.00	1	14	6	 Empedobacter brevis
0.00	1	5	3	 Empedobacter falsenii
0.00	2	67	50	 Elizabethkingia bruuniana
0.00	1	10	8	 Cloacibacterium normanense
0.00	1	76	38	 Blattabacterium cuenoti
0.00	8	71	11	 Bernardetia litoralis
0.00	1	4	4	 Hymenobacter sedentarius
0.00	1	6	4	 Hymenobacter oligotrophus
0.00	1	2	2	 Hymenobacter sp. PAMC 26554
0.00	1	6	5	 Adhaeribacter swui
0.00	2	3	3	 Dyadobacter sp. Q3-56
0.00	1	5	4	 Runella sp. SP2
0.00	1	13	7	 Algoriphagus sp. NBT04N3
0.00	1	6	4	 Echinicola rosea
0.00	1	4	3	 Flammeovirga yaeyamensis
0.00	3	39	37	 Prevotella sp. oral taxon 299
0.00	1	4	4	 Prevotella sp. oral taxon 475
0.00	3	18	17	 Prevotella melaninogenica
0.00	1	10	10	 Prevotella intermedia
0.00	1	8	8	 Prevotella veroralis
0.00	1	21	8	 Prevotella dentalis
0.00	2	4	4	 Alistipes communis
0.00	1	1	1	 Alistipes finegoldii
0.00	1	7	4	 Bacteroides coprosuis
0.00	1	5	3	 Phocaeicola salanitronis
0.00	1	12	12	 Porphyromonas sp. oral taxon 275
0.00	1	6	2	 Barnesiella viscericola
0.00	1	3	2	 Pedobacter heparinus
0.00	1	3	3	 Pedobacter cryoconitis
0.00	1	5	5	 Pedobacter sp. HDW13
0.00	2	16	2	 Mucilaginibacter rubeus
0.00	1	8	5	 Rhodothermus marinus
0.00	1	3	2	 Pelodictyon phaeoclathratiforme
0.00	3	18	15	 Gemmatirosa kalamazoonesis
0.00	1	3	2	 Gemmatimonas sp. TET16
0.00	1	3	3	 Candidatus Cloacimonas acidaminovorans
0.00	4	132	32	 Leptotrichia sp. oral taxon 212
0.00	3	136	91	 Leptotrichia sp. oral taxon 221
0.00	3	40	17	 Leptotrichia buccalis
0.00	3	132	51	 Leptotrichia hofstadii
0.00	2	31	31	 Leptotrichia hongkongensis
0.00	1	21	15	 Leptotrichia wadei
0.00	3	86	69	 Fusobacterium nucleatum
0.00	1	25	21	 Fusobacterium pseudoperiodonticum
0.00	3	27	26	 Urbifossiella limnaea
0.00	2	8	6	 Gemmata obscuriglobus
0.00	1	7	7	 Limnoglobus roseus
0.00	1	3	3	 Singulisphaera acidiphila
0.00	1	7	7	 Aquisphaera giovannonii
0.00	1	12	11	 Tautonia plasticadhaerens
0.00	1	8	3	 Rubripirellula lacrimiformis
0.00	1	3	3	 Bythopirellula goksoyri
0.00	3	13	7	 Verrucomicrobium spinosum
0.00	1	8	2	 Luteolibacter sp. 32A
0.00	1	2	2	 Lacunisphaera limnophila
0.00	5	32	1	 Oceanispirochaeta crateris
0.00	1	9	4	 Borrelia sp. HM
0.00	1	4	1	 Treponema sp. Marseille-Q4132
0.00	1	8	2	 Brachyspira murdochii
0.00	2	4	2	 Candidatus Nitrospira inopinata
0.00	1	6	5	 Nitrospira moscoviensis
0.00	2	7	6	 Granulicella mallensis
0.00	1	3	3	 Granulicella tundricola
0.00	1	3	3	 Candidatus Nanosynbacter lyticus
0.00	1	4	4	 Candidatus Endomicrobium trichonymphae
0.00	1	3	3	 Thermocrinis albus
0.00	1	4	3	 Caldimicrobium thiodismutans
0.07	702	15363	12077	 Malassezia globosa
0.01	136	3965	3079	 Malassezia restricta
0.00	35	601	521	 Malassezia furfur
0.00	10	301	243	 Malassezia arunalokei
0.00	3	4	3	 Malassezia slooffiae
0.00	2	77	75	 Malassezia obtusa
0.00	1	62	62	 Malassezia sympodialis
0.00	1	16	14	 Malassezia pachydermatis
0.00	1	3	3	 Malassezia dermatis
0.00	1	33	17	 Malassezia japonica
0.00	1	12	7	 Malassezia yamatoensis
0.00	2	16	14	 Sporisorium graminicola
0.00	2	27	18	 Marasmius oreades
0.00	1	6	5	 Rhizoctonia solani
0.00	1	13	9	 Cryptococcus neoformans
0.00	4	34	8	 Fusarium pseudograminearum
0.00	1	1	1	 Fusarium graminearum
0.00	1	21	5	 Fusarium fujikuroi
0.00	2	11	7	 Pochonia chlamydosporia
0.00	1	8	6	 Ustilaginoidea virens
0.00	5	20	16	 Neurospora crassa
0.00	1	12	8	 Thermothelomyces thermophilus
0.00	1	9	7	 Pyricularia grisea
0.00	11	99	12	 Botrytis cinerea
0.00	11	57	32	 Aspergillus oryzae
0.00	4	23	22	 Aspergillus chevalieri
0.00	3	31	20	 Aspergillus luchuensis
0.00	1	8	7	 Aspergillus puulaauensis
0.00	1	10	7	 Talaromyces rugulosus
0.00	12	62	38	 Cercospora beticola
0.00	3	48	39	 Saccharomyces cerevisiae
0.00	2	9	6	 Tetrapisispora phaffii
0.00	1	7	6	 Tetrapisispora blattae
0.00	1	14	7	 Kluyveromyces marxianus
0.00	1	3	2	 Eremothecium sinecaudum
0.00	3	82	39	 [Candida] auris
0.00	1	8	8	 Yarrowia lipolytica
0.00	1	4	3	 Sugiyamaella lignohabitans
0.03	280	5606	3430	 Homo sapiens
0.00	3	6	1	 Methanobrevibacter sp. YE315
0.00	1	4	3	 Methanobrevibacter smithii
0.00	2	6	2	 Methanobacterium lacus
0.00	1	2	1	 Methanococcus aeolicus
0.00	1	11	4	 Methanocaldococcus bathoardescens
0.00	1	3	3	 Haloplanus aerogenes
0.00	1	2	1	 Halobellus limi
0.00	1	3	3	 Halorubrum sp. BOL3-1
0.00	1	4	3	 Haloterrigena salifodinae
0.00	1	1	1	 Halostagnicola larsenii
0.00	1	2	2	 Halarchaeum sp. CBA1220
0.00	1	2	2	 Methanofollis formosanus
0.00	6	30	2	 Candidatus Nitrosocosmicus oleophilus
0.00	1	7	6	 Candidatus Nitrosocosmicus hydrocola
0.00	1	2	2	 Sulfolobus acidocaldarius
0.00	1	5	4	 Stygiolobus sp. KN-1
0.00	1	2	1	 Pyrobaculum islandicum
0.00	1	2	1	 Thermogladius calderae
0.01	140	2345	413	 Staphylococcus phage StB12
0.00	9	230	81	 Staphylococcus phage StB27
0.01	58	1359	438	 Listeria phage A500
0.00	4	149	95	 Staphylococcus phage IME-SA4
0.00	1	10	9	 Staphylococcus virus CNPH82
0.00	1	1	1	 Propionibacterium virus PHL025M00
0.00	1	2	1	 Mycobacterium virus Cooper
0.00	4	8	2	 Staphylococcus virus SEP1
0.00	3	51	1	 Vibrio phage ValB1MD-2
0.00	1	2	1	 Pedosvirus S28C3
0.00	1	1	1	 Macacine gammaherpesvirus 10
0.00	1	46	23	 Human mastadenovirus C
